orig_index,qkey,question_raw,k,ordinal,references,D_O,p_scale_order,options_scale_order,R_O,entropy,norm_entropy,eff_options,mean_pos,sd,mean_pos_midpoint,sd_midpoint,bd_ratio,n_modes,n_modes_strict,has_inserted_midpoint,stored_in_scale_order,keep_core,keep_core_k4,exclude_reason
1,WORLDDANGER_W26,"Compared to 50 years ago, do you think",3,"[1.0, 2.0, 1.5]","['We live in a safer world', 'We live in a more dangerous world', 'The world we live in is neither safer nor more dangerous', 'Refused']","[0.09402386, 0.69377638, 0.21219976]","[0.094024, 0.212200, 0.693776]",We live in a safer world | The world we live in is neither safer nor more dangerous | We live in a more dangerous world,0.0056558443308429,1.1612226392171316,0.7326499136028624,2.2364688110731032,0.79987626,0.3271456689128138,0.6999175066666667,0.21809711260854256,0.6685916250562559,1,1,True,False,True,False,
34,GUNCONTRIBA_W26,"How much, if at all, do you think the ease with which people can legally obtain guns contributes to gun violence in the country today?",4,"[1.0, 2.0, 3.0, 4.0]","['A great deal', 'A fair amount', 'Not too much', 'Not at all', 'Refused']","[0.30079907, 0.29173647, 0.27344811, 0.13401634]","[0.300799, 0.291736, 0.273448, 0.134016]",A great deal | A fair amount | Not too much | Not at all,0.0055760571124183,1.9399271947922785,0.9699635973961392,3.8368628461889958,0.41356057,0.3419527012579639,0.43517042625,0.25646452594347297,0.4821362541449834,0,1,False,True,True,True,
35,GUNCONTRIBB_W26,"How much, if at all, do you think the ease with which people can illegally obtain guns contributes to gun violence in the country today?",4,"[1.0, 2.0, 3.0, 4.0]","['A great deal', 'A fair amount', 'Not too much', 'Not at all', 'Refused']","[0.53300172, 0.33057745, 0.08660229, 0.04981855]","[0.533002, 0.330577, 0.086602, 0.049819]",A great deal | A fair amount | Not too much | Not at all,0.0045170229832608,1.5329968280809283,0.7664984140404641,2.893863409266399,0.21774589333333333,0.278614448396069,0.28830942125000003,0.20896083629705178,0.4557319155181219,1,1,False,True,True,True,
36,GUNCONTRIBC_W26,"How much, if at all, do you think the amount of gun violence in movies and television contributes to gun violence in the country today?",4,"[1.0, 2.0, 3.0, 4.0]","['A great deal', 'A fair amount', 'Not too much', 'Not at all', 'Refused']","[0.2550362, 0.3031824, 0.34531886, 0.09646255]","[0.255036, 0.303182, 0.345319, 0.096463]",A great deal | A fair amount | Not too much | Not at all,0.0053275387893148,1.8799084415496456,0.9399542207748228,3.680517016663088,0.4277359233333333,0.31727986690299653,0.44580194375,0.23795990017724744,0.4112565416089113,0,1,False,True,True,True,
37,GUNCONTRIBD_W26,"How much, if at all, do you think lack of economic opportunities contributes to gun violence in the country today?",4,"[1.0, 2.0, 3.0, 4.0]","['A great deal', 'A fair amount', 'Not too much', 'Not at all', 'Refused']","[0.24230864, 0.42593064, 0.25128534, 0.08047538]","[0.242309, 0.425931, 0.251285, 0.080475]",A great deal | A fair amount | Not too much | Not at all,0.0063373357443678,1.813257991917241,0.9066289959586205,3.514350275267105,0.38997582,0.2956386981018006,0.417481865,0.22172902357635046,0.36739888375467683,1,1,False,True,True,True,
38,GUNCONTRIBE_W26,"How much, if at all, do you think the amount of gun violence in video games contributes to gun violence in the country today?",4,"[1.0, 2.0, 3.0, 4.0]","['A great deal', 'A fair amount', 'Not too much', 'Not at all', 'Refused']","[0.27694888, 0.32011159, 0.27313091, 0.12980862]","[0.276949, 0.320112, 0.273131, 0.129809]",A great deal | A fair amount | Not too much | Not at all,0.0039817575267775,1.9328005641154289,0.9664002820577144,3.817956231835589,0.4185997566666667,0.33397954086831044,0.43894981749999995,0.25048465565123285,0.458316556172927,0,1,False,True,True,True,
39,GUNCONTRIBF_W26,"How much, if at all, do you think family instability contributes to gun violence in the country today?",4,"[1.0, 2.0, 3.0, 4.0]","['A great deal', 'A fair amount', 'Not too much', 'Not at all', 'Refused']","[0.29347778, 0.44683119, 0.22687249, 0.03281854]","[0.293478, 0.446831, 0.226872, 0.032819]",A great deal | A fair amount | Not too much | Not at all,0.0045107244819302,1.6856653202262637,0.8428326601131318,3.216887136190907,0.33301059666666666,0.2690773314225642,0.37475794749999997,0.2018079985669231,0.3259697026345795,1,1,False,True,True,True,
80,PREDICTA_W27,Do you think the following will or will not happen in the next 20 years? Doctors will rely on computer programs to diagnose most diseases and determine treatments,4,"[1.0, 2.0, 3.0, 4.0]","['Will definitely happen', 'Will probably happen', 'Will probably not happen', 'Will definitely not happen', 'Refused']","[0.21055229, 0.58273131, 0.1841761, 0.0225403]","[0.210552, 0.582731, 0.184176, 0.022540]",Will definitely happen | Will probably happen | Will probably not happen | Will definitely not happen,0.0044667339564668,1.5001438434543464,0.7500719217271732,2.8287091462404037,0.3395681366666667,0.23202962814801426,0.3796761025,0.17402222111101068,0.2400667087133144,1,1,False,True,True,True,
81,PREDICTB_W27,Do you think the following will or will not happen in the next 20 years? Most stores and retail businesses will be fully automated and involve little or no human interaction between customers and employees,4,"[1.0, 2.0, 3.0, 4.0]","['Will definitely happen', 'Will probably happen', 'Will probably not happen', 'Will definitely not happen', 'Refused']","[0.13474898, 0.51790387, 0.32301971, 0.02432744]","[0.134749, 0.517904, 0.323020, 0.024327]",Will definitely happen | Will probably happen | Will probably not happen | Will definitely not happen,0.002436356294587,1.5383113602158605,0.7691556801079302,2.9045433462289947,0.41230853666666667,0.23545339367227644,0.4342314025,0.17659004525420732,0.22879061191449965,1,1,False,True,True,True,
82,PREDICTC_W27,Do you think the following will or will not happen in the next 20 years? Most deliveries in cities will be made by robots or drones instead of humans,4,"[1.0, 2.0, 3.0, 4.0]","['Will definitely happen', 'Will probably happen', 'Will probably not happen', 'Will definitely not happen', 'Refused']","[0.11881897, 0.53483814, 0.30801619, 0.0383267]","[0.118819, 0.534838, 0.308016, 0.038327]",Will definitely happen | Will probably happen | Will probably not happen | Will definitely not happen,0.0022170148205546,1.5516576800814144,0.7758288400407072,2.931537842158349,0.42195020666666666,0.23792281844833993,0.441462655,0.17844211383625497,0.23208428675800383,1,1,False,True,True,True,
83,PREDICTD_W27,"Do you think the following will or will not happen in the next 20 years? When people want to buy most common products, they will create them at home using a 3-D printer",4,"[1.0, 2.0, 3.0, 4.0]","['Will definitely happen', 'Will probably happen', 'Will probably not happen', 'Will definitely not happen', 'Refused']","[0.06893543, 0.36449297, 0.49939635, 0.06717526]","[0.068935, 0.364493, 0.499396, 0.067175]",Will definitely happen | Will probably happen | Will probably not happen | Will definitely not happen,0.0028318615502466,1.5586868267297682,0.7793434133648841,2.945855830068165,0.5216038166666667,0.23991222015915326,0.5162028637499999,0.17993416511936497,0.23066211653485738,1,1,False,True,True,True,
86,CARS3A_W27,"How enthusiastic are you, if at all, about the development of driverless vehicles?",4,"[1.0, 2.0, 3.0, 4.0]","['Very enthusiastic', 'Somewhat enthusiastic', 'Not too enthusiastic', 'Not at all enthusiastic', 'Refused']","[0.11468049, 0.28320657, 0.38469291, 0.21742003]","[0.114680, 0.283207, 0.384693, 0.217420]",Very enthusiastic | Somewhat enthusiastic | Not too enthusiastic | Not at all enthusiastic,0.0026831416227731,1.8825835659182903,0.9412917829591452,3.6873479646286618,0.5682841599999999,0.3113120088053587,0.55121312,0.23348400660401902,0.39502830306441644,1,1,False,True,True,True,
87,CARS3B_W27,"How worried are you, if at all, about the development of driverless vehicles?",4,"[1.0, 2.0, 3.0, 4.0]","['Very worried', 'Somewhat worried', 'Not too worried', 'Not at all worried', 'Refused']","[0.14255533, 0.39483831, 0.35174057, 0.1108658]","[0.142555, 0.394838, 0.351741, 0.110866]",Very worried | Somewhat worried | Not too worried | Not at all worried,0.0013501754332916,1.8119939903799325,0.9059969951899662,3.51127256402195,0.4769722833333333,0.2890731892832117,0.48272921375,0.2168048919624088,0.3349637275967085,0,1,False,True,True,True,
92,CARS8_W27,"If driverless vehicles become widespread, do you think that the number of people killed or injured in traffic accidents will increase, decrease, or stay about the same?",3,"[1.0, 2.0, 1.5]","['Increase', 'Decrease', 'Stay about the same', 'Refused']","[0.30123797, 0.39174082, 0.3070212]","[0.301238, 0.307021, 0.391741]",Increase | Stay about the same | Decrease,0.0048779857468754,1.5741332895438545,0.9931675284605318,2.9775655927415707,0.54525142,0.4137595993025328,0.5301676116666667,0.2758397328683552,0.6904432820719937,1,1,True,False,True,False,
93,CARS9A_W27,"Would you strongly favor, favor, oppose, or strongly oppose the following rules and regulations for driverless vehicles? Requiring them to travel in dedicated lanes",4,"[1.0, 2.0, 3.0, 4.0]","['Strongly favor', 'Favor', 'Oppose', 'Strongly oppose', 'Refused']","[0.46836865, 0.36280527, 0.11777945, 0.05104663]","[0.468369, 0.362805, 0.117779, 0.051047]",Strongly favor | Favor | Oppose | Strongly oppose,0.0043455960935911,1.6257580194313834,0.8128790097156917,3.086042690478177,0.2505013533333333,0.2845238493818354,0.312876015,0.21339288703637657,0.4311778294656041,1,1,False,True,True,True,
94,CARS9B_W27,"Would you strongly favor, favor, oppose, or strongly oppose the following rules and regulations for driverless vehicles? Restricting them from traveling near certain areas, such as schools",4,"[1.0, 2.0, 3.0, 4.0]","['Strongly favor', 'Favor', 'Oppose', 'Strongly oppose', 'Refused']","[0.34003937, 0.34824107, 0.2443725, 0.06734706]","[0.340039, 0.348241, 0.244372, 0.067347]",Strongly favor | Favor | Oppose | Strongly oppose,0.0037582495905017,1.8180487056611327,0.9090243528305664,3.5260396693944505,0.34634241666666665,0.30772949588837806,0.38475681249999993,0.23079712191628354,0.4182946055518757,0,1,False,True,True,True,
95,CARS9C_W27,"Would you strongly favor, favor, oppose, or strongly oppose the following rules and regulations for driverless vehicles? Requiring them to have a person in the driver's seat who could take control in an emergency situation",4,"[1.0, 2.0, 3.0, 4.0]","['Strongly favor', 'Favor', 'Oppose', 'Strongly oppose', 'Refused']","[0.53203674, 0.3386705, 0.09810964, 0.03118312]","[0.532037, 0.338670, 0.098110, 0.031183]",Strongly favor | Favor | Oppose | Strongly oppose,0.0031763253382698,1.4980126763138384,0.7490063381569192,2.824533626569796,0.20947971333333332,0.26179325755600447,0.282109785,0.19634494316700335,0.4138680720803935,1,1,False,True,True,True,
101,WORK2_W27,"On a different subject, would you say that society generally places too much importance on working and having a job, not enough importance on working and having a job, or is it just about right?",3,"[1.0, 2.0, 1.5]","['Too much importance', 'Not enough importance', 'Just about right', 'Refused']","[0.18721024, 0.50166472, 0.31112505]","[0.187210, 0.311125, 0.501665]",Too much importance | Just about right | Not enough importance,0.0031267951165907,1.4758659736744986,0.9311677550749505,2.781505529637583,0.657227245,0.3840551200663604,0.604818165,0.256036746710907,0.6547345589701972,1,1,True,False,True,False,
112,ROBJOB2_W27,"Based on what you know, does the idea of robots and computers being able to do most of the jobs currently done by humans in the future seem",4,"[1.0, 2.0, 3.0, 4.0]","['Extremely realistic', 'Somewhat realistic', 'Not very realistic', 'Not at all realistic', 'Refused']","[0.20605994, 0.57414459, 0.17139498, 0.0484005]","[0.206060, 0.574145, 0.171395, 0.048400]",Extremely realistic | Somewhat realistic | Not very realistic | Not at all realistic,0.0069804652701852,1.5767793463735449,0.7883896731867724,2.983031777386239,0.35404535,0.2510413937916586,0.39053401374999996,0.18828104534374396,0.2755686135842665,1,1,False,True,True,True,
113,ROBJOB3A_W27,"How enthusiastic are you, if at all, about the possibility of robots and computers being able to do most of the jobs currently done by humans in the future, for society as a whole?",4,"[1.0, 2.0, 3.0, 4.0]","['Very enthusiastic', 'Somewhat enthusiastic', 'Not too enthusiastic', 'Not at all enthusiastic', 'Refused']","[0.05717492, 0.26924722, 0.47032542, 0.20325245]","[0.057175, 0.269247, 0.470325, 0.203252]",Very enthusiastic | Somewhat enthusiastic | Not too enthusiastic | Not at all enthusiastic,0.0034928529382427,1.7247770466770809,0.8623885233385404,3.305290435322859,0.6065518033333333,0.2725752030723081,0.57991385375,0.20443140230423112,0.3113273186614034,1,1,False,True,True,True,
114,ROBJOB3B_W27,"How worried are you, if at all, about the possibility of robots and computers being able to do most of the jobs currently done by humans in the future, for society as a whole?",4,"[1.0, 2.0, 3.0, 4.0]","['Very worried', 'Somewhat worried', 'Not too worried', 'Not at all worried', 'Refused']","[0.24782202, 0.47794103, 0.23003517, 0.04420178]","[0.247822, 0.477941, 0.230035, 0.044202]",Very worried | Somewhat worried | Not too worried | Not at all worried,0.0024077438548051,1.6944138367483652,0.8472069183741826,3.236453636305941,0.3568722366666667,0.2686752666673151,0.3926541775,0.20150645000048634,0.31451789203749947,1,1,False,True,True,True,
121,ROBJOB5B_W27,Would you favor or oppose the following? If robots and computers were mostly limited to doing jobs that are dangerous or unhealthy for humans to do,4,"[1.0, 2.0, 3.0, 4.0]","['Strongly favor', 'Favor', 'Oppose', 'Strongly oppose', 'Refused']","[0.46980414, 0.38545845, 0.11333202, 0.03140539]","[0.469804, 0.385458, 0.113332, 0.031405]",Strongly favor | Favor | Oppose | Strongly oppose,0.0048693718142055,1.5549864595048333,0.7774932297524166,2.938309688756931,0.23544622,0.2629999445266955,0.30158466500000003,0.19724995839502166,0.3842479432479326,1,1,False,True,True,True,
122,ROBJOB5C_W27,"Would you favor or oppose the following? If people had the option of paying extra to interact with a human, rather than a robot or computer, when buying a product or service",4,"[1.0, 2.0, 3.0, 4.0]","['Strongly favor', 'Favor', 'Oppose', 'Strongly oppose', 'Refused']","[0.21665554, 0.40942796, 0.24462223, 0.12929427]","[0.216656, 0.409428, 0.244622, 0.129294]",Strongly favor | Favor | Oppose | Strongly oppose,0.0076140431788863,1.884030619189657,0.9420153095948285,3.691048307135138,0.4288517433333333,0.31558428178004594,0.4466388075,0.23668821133503448,0.40660685221989257,1,1,False,True,True,True,
123,ROBJOB5D_W27,Would you favor or oppose the following? If the federal government created a national service program that paid people to perform tasks even if a robot or computer could do those tasks faster or cheaper,4,"[1.0, 2.0, 3.0, 4.0]","['Strongly favor', 'Favor', 'Oppose', 'Strongly oppose', 'Refused']","[0.21217212, 0.37296511, 0.29290205, 0.12196072]","[0.212172, 0.372965, 0.292902, 0.121961]",Strongly favor | Favor | Oppose | Strongly oppose,0.0123073531703854,1.894343282442965,0.9471716412214825,3.7175271597298236,0.4415504566666667,0.31402734098184,0.4561628425,0.23552050573637998,0.39991771770167095,1,1,False,True,True,True,
126,ROBJOB8A_W27,"Do you think it is very likely, somewhat likely, not very likely, or not at all likely that the job of a software engineer will be mostly replaced by robots or computers in your lifetime?",4,"[1.0, 2.0, 3.0, 4.0]","['Very likely', 'Somewhat likely', 'Not very likely', 'Not at all likely', 'Refused']","[0.15179587, 0.38058879, 0.34900388, 0.11861146]","[0.151796, 0.380589, 0.349004, 0.118611]",Very likely | Somewhat likely | Not very likely | Not at all likely,0.0072407972533235,1.8381168519300612,0.9190584259650306,3.575430231765885,0.4781436433333333,0.2956190034974325,0.4836077325,0.2217142526230744,0.3502316039217732,0,1,False,True,True,True,
127,ROBJOB8B_W27,"Do you think it is very likely, somewhat likely, not very likely, or not at all likely that the job of a legal clerk will be mostly replaced by robots or computers in your lifetime?",4,"[1.0, 2.0, 3.0, 4.0]","['Very likely', 'Somewhat likely', 'Not very likely', 'Not at all likely', 'Refused']","[0.13257839, 0.36663752, 0.37760901, 0.12317508]","[0.132578, 0.366638, 0.377609, 0.123175]",Very likely | Somewhat likely | Not very likely | Not at all likely,0.0067923954387347,1.8199043266198005,0.9099521633099003,3.530577844538815,0.49712692666666664,0.2908670274744862,0.497845195,0.21815027060586467,0.33842568489483565,0,1,False,True,True,True,
128,ROBJOB8C_W27,"Do you think it is very likely, somewhat likely, not very likely, or not at all likely that the job of a nurse will be mostly replaced by robots or computers in your lifetime?",4,"[1.0, 2.0, 3.0, 4.0]","['Very likely', 'Somewhat likely', 'Not very likely', 'Not at all likely', 'Refused']","[0.0383529, 0.16308843, 0.46107675, 0.33748191]","[0.038353, 0.163088, 0.461077, 0.337482]",Very likely | Somewhat likely | Not very likely | Not at all likely,0.0051517783389885,1.6509763041825278,0.8254881520912639,3.140460893176973,0.6992292199999999,0.2675898721469915,0.6494219137499999,0.20069240411024364,0.3404741413736721,1,1,False,True,True,True,
129,ROBJOB8D_W27,"Do you think it is very likely, somewhat likely, not very likely, or not at all likely that the job of a construction worker will be mostly replaced by robots or computers in your lifetime?",4,"[1.0, 2.0, 3.0, 4.0]","['Very likely', 'Somewhat likely', 'Not very likely', 'Not at all likely', 'Refused']","[0.09946754, 0.3177224, 0.38934478, 0.19346528]","[0.099468, 0.317722, 0.389345, 0.193465]",Very likely | Somewhat likely | Not very likely | Not at all likely,0.0031928558394165,1.8450900443249516,0.9225450221624758,3.592753722561024,0.5589359333333334,0.2989991902365772,0.5442019499999999,0.2242493926774329,0.36264050939968745,1,1,False,True,True,True,
130,ROBJOB8E_W27,"Do you think it is very likely, somewhat likely, not very likely, or not at all likely that the job of a fast food worker will be mostly replaced by robots or computers in your lifetime?",4,"[1.0, 2.0, 3.0, 4.0]","['Very likely', 'Somewhat likely', 'Not very likely', 'Not at all likely', 'Refused']","[0.38545282, 0.38762637, 0.16702788, 0.05989294]","[0.385453, 0.387626, 0.167028, 0.059893]",Very likely | Somewhat likely | Not very likely | Not at all likely,0.0041390713831004,1.7346207926638222,0.8673103963319111,3.327920091741073,0.30045364999999996,0.29483004443984584,0.35034023875,0.22112253332988438,0.4135704463015223,0,1,False,True,True,True,
131,ROBJOB8F_W27,"Do you think it is very likely, somewhat likely, not very likely, or not at all likely that the job of a teacher will be mostly replaced by robots or computers in your lifetime?",4,"[1.0, 2.0, 3.0, 4.0]","['Very likely', 'Somewhat likely', 'Not very likely', 'Not at all likely', 'Refused']","[0.1013792, 0.26119981, 0.38050612, 0.25691486]","[0.101379, 0.261200, 0.380506, 0.256915]",Very likely | Somewhat likely | Not very likely | Not at all likely,0.0056931883337811,1.8748017706841151,0.9374008853420576,3.667512214348481,0.59765221,0.31283018481670927,0.57323915625,0.234622638612532,0.40697445713124325,1,1,False,True,True,True,
132,ROBJOB8G_W27,"Do you think it is very likely, somewhat likely, not very likely, or not at all likely that the job of a insurance claims processor will be mostly replaced by robots or computers in your lifetime?",4,"[1.0, 2.0, 3.0, 4.0]","['Very likely', 'Somewhat likely', 'Not very likely', 'Not at all likely', 'Refused']","[0.21659749, 0.43850292, 0.27198831, 0.07291129]","[0.216597, 0.438503, 0.271988, 0.072911]",Very likely | Somewhat likely | Not very likely | Not at all likely,0.0044661400264066,1.7858776291387717,0.8929388145693858,3.448281680904916,0.40040447,0.2866945971016135,0.42530335375000006,0.21502094782621015,0.34235897178810193,1,1,False,True,True,True,
138,CAREGIV2_W27,Based on what you know does the concept of a robot caregiver for the elderly seem,4,"[1.0, 2.0, 3.0, 4.0]","['Extremely realistic', 'Somewhat realistic', 'Not very realistic', 'Not at all realistic', 'Refused']","[0.10275812, 0.49064607, 0.29140272, 0.11519309]","[0.102758, 0.490646, 0.291403, 0.115193]",Extremely realistic | Somewhat realistic | Not very realistic | Not at all realistic,0.0025273665800608,1.7188733331184405,0.8594366665592202,3.2917923530353304,0.47301026,0.2747415766401809,0.479757695,0.20605618248013566,0.30281407061190924,1,1,False,True,True,True,
139,CAREGIV3A_W27,"How enthusiastic are you, if at all, about the possibility of a robot caregiver for society as a whole?",4,"[1.0, 2.0, 3.0, 4.0]","['Very enthusiastic', 'Somewhat enthusiastic', 'Not too enthusiastic', 'Not at all enthusiastic', 'Refused']","[0.09184176, 0.34954965, 0.37908467, 0.17952392]","[0.091842, 0.349550, 0.379085, 0.179524]",Very enthusiastic | Somewhat enthusiastic | Not too enthusiastic | Not at all enthusiastic,0.0031308510705802,1.8217455404183136,0.9108727702091568,3.5350865579741155,0.5487635833333333,0.292751387977436,0.5365726875,0.219563540983077,0.34610549980772903,0,1,False,True,True,True,
140,CAREGIV3B_W27,"How worried are you, if at all, about the possibility of a robot caregiver for society as a whole?",4,"[1.0, 2.0, 3.0, 4.0]","['Very worried', 'Somewhat worried', 'Not too worried', 'Not at all worried', 'Refused']","[0.14157761, 0.33194709, 0.42874452, 0.09773079]","[0.141578, 0.331947, 0.428745, 0.097731]",Very worried | Somewhat worried | Not too worried | Not at all worried,0.0032041897338456,1.7791510259289205,0.8895755129644602,3.4322414009113027,0.49420949999999997,0.28447125083596814,0.4956571262500001,0.21335343812697613,0.3237389899399305,1,1,False,True,True,True,
148,CAREGIV7_W27,"Would you feel better, worse, or would it not make a difference if the robot caregiver in this scenario had a camera so that a human operator could monitor the situation at all times?",3,"[1.0, 2.0, 1.5]","['Better', 'Worse', 'No difference', 'Refused']","[0.48282376, 0.19630686, 0.32086939]","[0.482824, 0.320869, 0.196307]",Better | No difference | Worse,0.0049646498267995,1.494469403671303,0.9429052125784183,2.8176050571120856,0.356741555,0.3863413926941137,0.4044943716666667,0.2575609284627425,0.650434074188365,1,1,True,False,True,False,
150,HIRING2_W27,"Based on what you know, does the concept of using computer programs to make hiring decisions seem",4,"[1.0, 2.0, 3.0, 4.0]","['Extremely realistic', 'Somewhat realistic', 'Not very realistic', 'Not at all realistic', 'Refused']","[0.11646636, 0.47502886, 0.28067611, 0.12782867]","[0.116466, 0.475029, 0.280676, 0.127829]",Extremely realistic | Somewhat realistic | Not very realistic | Not at all realistic,0.0010968360456933,1.7652647118315388,0.8826323559157694,3.3993636690620486,0.47328903,0.2852228712846874,0.47996677249999997,0.2139171534635155,0.32633968724772594,1,1,False,True,True,True,
151,HIRING3A_W27,"How enthusiastic are you, if at all, about the possibility of using computer programs to make hiring decisions for society as a whole?",4,"[1.0, 2.0, 3.0, 4.0]","['Very enthusiastic', 'Somewhat enthusiastic', 'Not too enthusiastic', 'Not at all enthusiastic', 'Refused']","[0.03082122, 0.19305775, 0.49633421, 0.27978682]","[0.030821, 0.193058, 0.496334, 0.279787]",Very enthusiastic | Somewhat enthusiastic | Not too enthusiastic | Not at all enthusiastic,0.0063440680307506,1.6285660044254802,0.8142830022127401,3.092055049215427,0.6750288766666666,0.25722884558204484,0.6312716575,0.1929216341865336,0.30162838864428715,1,1,False,True,True,True,
152,HIRING3B_W27,"How worried are you, if at all, about the possibility of using computer programs to make hiring decisions for society as a whole?",4,"[1.0, 2.0, 3.0, 4.0]","['Very worried', 'Somewhat worried', 'Not too worried', 'Not at all worried', 'Refused']","[0.2128096, 0.46165317, 0.25461166, 0.07092557]","[0.212810, 0.461653, 0.254612, 0.070926]",Very worried | Somewhat worried | Not too worried | Not at all worried,0.0067636966028658,1.7631378014997383,0.8815689007498692,3.3943558090768304,0.3945510666666666,0.28233058678903356,0.42091330000000005,0.21174794009177514,0.3336837989810032,1,1,False,True,True,True,
154,HIRING6A_W27,"Do you think computer programs for hiring would do a better job, a worse job, or do about the same as humans when it comes to hiring candidates who are well-qualified",3,"[1.0, 2.0, 1.5]","['Better job than humans', 'Worse job than humans', 'About the same', 'Refused']","[0.24833536, 0.42571457, 0.32595008]","[0.248335, 0.325950, 0.425715]",Better job than humans | About the same | Worse job than humans,0.0081580887472355,1.5507139353451331,0.9783915610871299,2.9296207920349664,0.58868961,0.40080748064825644,0.5591264083333334,0.2672049870988377,0.6634612858262118,1,1,True,False,True,False,
155,HIRING6B_W27,"Do you think computer programs for hiring would do a better job, a worse job, or do about the same as humans when it comes to hiring candidates who fit well with the company's culture",3,"[1.0, 2.0, 1.5]","['Better job than humans', 'Worse job than humans', 'About the same', 'Refused']","[0.12041075, 0.6006601, 0.27892915]","[0.120411, 0.278929, 0.600660]",Better job than humans | About the same | Worse job than humans,0.006927513695786,1.32323875363828,0.8348707007492024,2.5022722305257403,0.740124675,0.35015404175326087,0.6600831166666667,0.2334360278355073,0.6374532776433128,1,1,True,False,True,False,
156,HIRING6C_W27,"Do you think computer programs for hiring would do a better job, a worse job, or do about the same as humans when it comes to choosing candidates from a diverse range of backgrounds",3,"[1.0, 2.0, 1.5]","['Better job than humans', 'Worse job than humans', 'About the same', 'Refused']","[0.27306363, 0.41873358, 0.30820279]","[0.273064, 0.308203, 0.418734]",Better job than humans | About the same | Worse job than humans,0.0078812624188609,1.5605925749940277,0.9846242887664282,2.9497497709873293,0.572834975,0.409443975308893,0.5485566500000001,0.2729626502059287,0.6851154433625889,1,1,True,False,True,False,
157,HIRING6D_W27,"Do you think computer programs for hiring would do a better job, a worse job, or do about the same as humans when it comes to providing opportunities for candidates with non-traditional experiences",3,"[1.0, 2.0, 1.5]","['Better job than humans', 'Worse job than humans', 'About the same', 'Refused']","[0.12700405, 0.58938104, 0.28361491]","[0.127004, 0.283615, 0.589381]",Better job than humans | About the same | Worse job than humans,0.0104697191998375,1.3432453652479543,0.8474934672818942,2.5372142767230637,0.731188495,0.3544688311821435,0.6541256633333333,0.23631255412142904,0.6392620229351456,1,1,True,False,True,False,
158,HIRING7A_W27,Would you feel better or worse about computer programs making hiring decisions if these computer programs included public data about each candidate - such as the material they post on social media - in making their evaluations,3,"[1.0, 2.0, 1.5]","['Better', 'Worse', 'No difference', 'Refused']","[0.19685669, 0.50780847, 0.29533485]","[0.196857, 0.295335, 0.507808]",Better | No difference | Worse,0.0103469241322882,1.4777060700174731,0.9323287266071713,2.7850554854105716,0.6554758949999999,0.3898634861979709,0.6036505983333333,0.2599089907986473,0.6730522579222523,1,1,True,False,True,False,
159,HIRING7B_W27,"Would you feel better or worse about computer programs making hiring decisions if companies used these computer programs to conduct initial screenings of potential candidates, but then interviewed those candidates in the traditional way",3,"[1.0, 2.0, 1.5]","['Better', 'Worse', 'No difference', 'Refused']","[0.57365213, 0.17500711, 0.25134076]","[0.573652, 0.251341, 0.175007]",Better | No difference | Worse,0.0090765705373855,1.400726681142716,0.8837601397543392,2.6403454206885297,0.30067749,0.38397310714072136,0.36711832666666666,0.25598207142714763,0.7011697839635109,1,1,True,False,True,False,
184,MASC1F1_W29,"Thinking about how society sees men these days, in general, would you say",3,"[1.0, 2.0, 1.5]","['Most people look up to men who are manly or masculine', 'Most people look down on men who are manly or masculine', 'Neither', 'Refused']","[0.53319431, 0.07900325, 0.38780244]","[0.533194, 0.387802, 0.079003]",Most people look up to men who are manly or masculine | Neither | Most people look down on men who are manly or masculine,0.0069700053694482,1.3030281639156078,0.8221192383559431,2.4674625083071553,0.27290447,0.3185545640137951,0.34860298,0.2123697093425301,0.5114056708643298,1,1,True,False,True,False,
187,FEM1F2_W29,"Thinking about how society sees women these days, in general, would you say",3,"[1.0, 2.0, 1.5]","['Most people look up to women who are womanly or feminine', 'Most people look down on women who are womanly or feminine', 'Neither', 'Refused']","[0.30838766, 0.11129517, 0.58031716]","[0.308388, 0.580317, 0.111295]",Most people look up to women who are womanly or feminine | Neither | Most people look down on women who are womanly or feminine,0.0030435802254061,1.3315210637240953,0.8400962566106484,2.51667873809796,0.40145375,0.30856011569755154,0.43430249833333334,0.20570674379836773,0.3962290782541009,1,1,True,False,True,False,
201,MAN1A_W29,"In general, how much pressure, if any, do you think men face in our country these days to be interested in sports?",4,"[1.0, 2.0, 3.0, 4.0]","['A lot', 'Some', 'Not too much', 'None at all', 'Refused']","[0.27557652, 0.43362341, 0.25669976, 0.03410031]","[0.275577, 0.433623, 0.256700, 0.034100]",A lot | Some | Not too much | None at all,0.0029716590877448,1.704967173722116,0.852483586861058,3.260215147650406,0.34977462000000004,0.2720793750267864,0.38733096499999997,0.20405953127008983,0.3254910356023629,1,1,False,True,True,True,
202,MAN1B_W29,"In general, how much pressure, if any, do you think men face in our country these days to have many sexual partners?",4,"[1.0, 2.0, 3.0, 4.0]","['A lot', 'Some', 'Not too much', 'None at all', 'Refused']","[0.11045409, 0.29315402, 0.34061115, 0.25578074]","[0.110454, 0.293154, 0.340611, 0.255781]",A lot | Some | Not too much | None at all,0.0059082182594359,1.9024061849692595,0.9512030924846298,3.738361760053995,0.5805728466666666,0.3204236444702316,0.560429635,0.2403177333526737,0.42163421747624025,0,1,False,True,True,True,
203,MAN1C_W29,"In general, how much pressure, if any, do you think men face in our country these days to join in when other men are talking about women in a sexual way?",4,"[1.0, 2.0, 3.0, 4.0]","['A lot', 'Some', 'Not too much', 'None at all', 'Refused']","[0.09739431, 0.36135084, 0.35428115, 0.1869737]","[0.097394, 0.361351, 0.354281, 0.186974]",A lot | Some | Not too much | None at all,0.0033436018606122,1.840577904858329,0.9202889524291645,3.581534662931545,0.5436114133333333,0.29844381969804307,0.53270856,0.22383286477353231,0.3590061084513685,0,1,False,True,True,True,
204,MAN1D_W29,"In general, how much pressure, if any, do you think men face in our country these days to be willing to throw a punch if provoked?",4,"[1.0, 2.0, 3.0, 4.0]","['A lot', 'Some', 'Not too much', 'None at all', 'Refused']","[0.14719654, 0.42222847, 0.31073519, 0.1198398]","[0.147197, 0.422228, 0.310735, 0.119840]",A lot | Some | Not too much | None at all,0.0032418162251705,1.822873197285341,0.9114365986426705,3.537850775539876,0.46773941666666663,0.29339127701698925,0.47580456250000003,0.22004345776274192,0.3457531294090899,1,1,False,True,True,True,
205,MAN1E_W29,"In general, how much pressure, if any, do you think men face in our country these days to be emotionally strong?",4,"[1.0, 2.0, 3.0, 4.0]","['A lot', 'Some', 'Not too much', 'None at all', 'Refused']","[0.40544044, 0.45094366, 0.10662415, 0.03699175]","[0.405440, 0.450944, 0.106624, 0.036992]",A lot | Some | Not too much | None at all,0.0042029773441112,1.566475007328892,0.783237503664446,2.9618016086321353,0.25838907,0.260231052579736,0.3187918025,0.195173289434802,0.353401164316944,0,1,False,True,True,True,
219,TRANSGEND3_W29,Which of the following statements comes closer to your feelings?,3,"[1.0, 2.0, 1.5]","['Our society has gone too far in accepting people who are transgender', 'Our society has not gone far enough in accepting people who are transgender', 'Our society has been about right when it comes to accepting people who are transgender', 'Refused']","[0.33156853, 0.39097708, 0.27745439]","[0.331569, 0.277454, 0.390977]",Our society has gone too far in accepting people who are transgender | Our society has been about right when it comes to accepting people who are transgender | Our society has not gone far enough in accepting people who are transgender,0.0200599936306043,1.5709771143423787,0.9911762036184364,2.9710587106600803,0.529704275,0.42397412485519015,0.51980285,0.2826494165701268,0.7215629008367428,2,2,True,False,True,False,
226,BOYSF1A_W29,"When it comes to raising boys, would you say there is too much emphasis or too little emphasis on encouraging boys to be leaders these days, or is it about right?",3,"[1.0, 2.0, 1.5]","['Too much emphasis', 'Too little emphasis', 'About right', 'Refused']","[0.14630019, 0.4135211, 0.44017871]","[0.146300, 0.440179, 0.413521]",Too much emphasis | About right | Too little emphasis,0.0120966262291802,1.453602808346777,0.9171212616610105,2.7389118000836263,0.6336104549999999,0.3494332108067191,0.5890736366666667,0.23295547387114607,0.5259723937314312,0,1,True,False,True,False,
227,BOYSF1B_W29,"When it comes to raising boys, would you say there is too much emphasis or too little emphasis on encouraging boys to talk about their feelings when they are sad or upset these days, or is it about right?",3,"[1.0, 2.0, 1.5]","['Too much emphasis', 'Too little emphasis', 'About right', 'Refused']","[0.10894839, 0.59649871, 0.29455291]","[0.108948, 0.294553, 0.596499]",Too much emphasis | About right | Too little emphasis,0.0102528041655895,1.312498341324853,0.8280942550550362,2.48371276860585,0.743775165,0.34195825324334217,0.6625167783333333,0.22797216882889484,0.6135970809517574,1,1,True,False,True,False,
228,BOYSF1C_W29,"When it comes to raising boys, would you say there is too much emphasis or too little emphasis on encouraging boys to stand up for themselves these days, or is it about right?",3,"[1.0, 2.0, 1.5]","['Too much emphasis', 'Too little emphasis', 'About right', 'Refused']","[0.13935432, 0.39517503, 0.46547065]","[0.139354, 0.465471, 0.395175]",Too much emphasis | About right | Too little emphasis,0.011014335510887,1.439044714235557,0.9079361269309484,2.711412688592446,0.627910355,0.34244894303205836,0.58527357,0.22829929535470564,0.501933787406291,1,1,True,False,True,False,
229,BOYSF1D_W29,"When it comes to raising boys, would you say there is too much emphasis or too little emphasis on encouraging boys to do well in school these days, or is it about right?",3,"[1.0, 2.0, 1.5]","['Too much emphasis', 'Too little emphasis', 'About right', 'Refused']","[0.06536351, 0.52109743, 0.41353906]","[0.065364, 0.413539, 0.521097]",Too much emphasis | About right | Too little emphasis,0.0091288365415733,1.2740658828810254,0.8038460735199268,2.418421790084075,0.72786696,0.3077204633110356,0.6519113066666666,0.20514697554069042,0.4780567736689304,1,1,True,False,True,False,
230,GIRLSF2A_W29,"When it comes to raising girls, would you say there is too much emphasis or too little emphasis on encouraging girls to be leaders these days, or is it about right?",3,"[1.0, 2.0, 1.5]","['Too much emphasis', 'Too little emphasis', 'About right', 'Refused']","[0.09057266, 0.52584902, 0.38357832]","[0.090573, 0.383578, 0.525849]",Too much emphasis | About right | Too little emphasis,0.0083378181217199,1.3316847074499472,0.8401995043062737,2.5169642191122756,0.71763818,0.32670941615797916,0.6450921199999999,0.2178062774386528,0.5267587936957485,1,1,True,False,True,False,
231,GIRLSF2B_W29,"When it comes to raising girls, would you say there is too much emphasis or too little emphasis on encouraging girls to talk about their feelings when they are sad or upset these days, or is it about right?",3,"[1.0, 2.0, 1.5]","['Too much emphasis', 'Too little emphasis', 'About right', 'Refused']","[0.11000785, 0.36517382, 0.52481832]","[0.110008, 0.524818, 0.365174]",Too much emphasis | About right | Too little emphasis,0.011800216810392,1.3691626057669792,0.8638454254558148,2.583205836627033,0.6275829799999999,0.3201843207836943,0.5850553183333334,0.21345621385579625,0.4386311235560339,1,1,True,False,True,False,
232,GIRLSF2C_W29,"When it comes to raising girls, would you say there is too much emphasis or too little emphasis on encouraging girls to stand up for themselves these days, or is it about right?",3,"[1.0, 2.0, 1.5]","['Too much emphasis', 'Too little emphasis', 'About right', 'Refused']","[0.0642967, 0.53058538, 0.40511792]","[0.064297, 0.405118, 0.530585]",Too much emphasis | About right | Too little emphasis,0.0083074421413397,1.2678010499489667,0.7998934040219366,2.407942680256495,0.73314434,0.30718762463023214,0.65542956,0.2047917497534881,0.48232694770432694,1,1,True,False,True,False,
233,GIRLSF2D_W29,"When it comes to raising girls, would you say there is too much emphasis or too little emphasis on encouraging girls to do well in school these days, or is it about right?",3,"[1.0, 2.0, 1.5]","['Too much emphasis', 'Too little emphasis', 'About right', 'Refused']","[0.07373837, 0.41725072, 0.50901091]","[0.073738, 0.509011, 0.417251]",Too much emphasis | About right | Too little emphasis,0.0083575590092032,1.2994157879804746,0.8198400828973821,2.4612919372084994,0.6717561750000001,0.30536386303780183,0.6145041166666667,0.2035759086918679,0.4228896440513343,1,1,True,False,True,False,
249,GOPDIRCT_W29,"Thinking about the future of the Republican Party, would you say that you are",4,"[1.0, 2.0, 3.0, 4.0]","['Very optimistic', 'Somewhat optimistic', 'Somewhat pessimistic', 'Very pessimistic', 'Refused']","[0.12527576, 0.47664954, 0.298509, 0.09956569]","[0.125276, 0.476650, 0.298509, 0.099566]",Very optimistic | Somewhat optimistic | Somewhat pessimistic | Very pessimistic,0.0156129446646434,1.7369878202153122,0.8684939101076561,3.333384686806482,0.45745487,0.2755584447758772,0.46809115125,0.20666883358190796,0.3059449753696306,1,1,False,True,True,True,
250,DEMDIRCT_W29,"Thinking about the future of the Democratic Party, would you say that you are",4,"[1.0, 2.0, 3.0, 4.0]","['Very optimistic', 'Somewhat optimistic', 'Somewhat pessimistic', 'Very pessimistic', 'Refused']","[0.13522705, 0.51421593, 0.2860529, 0.06450412]","[0.135227, 0.514216, 0.286053, 0.064504]",Very optimistic | Somewhat optimistic | Somewhat pessimistic | Very pessimistic,0.0073556876642386,1.655346306044834,0.827673153022417,3.149987941973508,0.4266113633333333,0.25841166813909583,0.4449585225,0.19380875110432189,0.2729874853669091,1,1,False,True,True,True,
258,SOCTRUST4_W32,"Generally speaking, would you say you can trust most people",4,"[1.0, 2.0, 3.0, 4.0]","['A great deal', 'A fair amount', 'Not too much', 'Not at all', 'Refused']","[0.06171967, 0.55898056, 0.31906869, 0.06023107]","[0.061720, 0.558981, 0.319069, 0.060231]",A great deal | A fair amount | Not too much | Not at all,0.0005746864468579,1.4870369351034418,0.7435184675517209,2.8031266613858516,0.4592703833333333,0.23069252406902566,0.46945278625,0.17301939305176928,0.2142981609569788,1,1,False,True,True,True,
277,SUCCESSIMPA_W32,"How important, if at all, do you think a college education is in helping a young person succeed in the world today?",3,"[1.0, 2.0, 3.0]","['Essential', 'Important but not essential', 'Not important', 'Refused']","[0.31015058, 0.60295596, 0.08689345]","[0.310151, 0.602956, 0.086893]",Essential | Important but not essential | Not important,0.0035677099622922,1.2701798735805565,0.8013942746296056,2.4119163516296243,0.38837142999999996,0.2946185174958143,0.42558095166666665,0.19641234499720958,0.3654138817807234,1,1,False,True,True,False,
278,SUCCESSIMPB_W32,"How important, if at all, do you think knowing how to get along with people is in helping a young person succeed in the world today?",3,"[1.0, 2.0, 3.0]","['Essential', 'Important but not essential', 'Not important', 'Refused']","[0.85286408, 0.13875635, 0.00837956]","[0.852864, 0.138756, 0.008380]",Essential | Important but not essential | Not important,0.0032946698877922,0.6490066512806338,0.40947760655872717,1.5680881375172984,0.077757735,0.19241201128621654,0.21850515499999998,0.12827467419081104,0.5162686285625462,1,1,False,True,True,False,
279,SUCCESSIMPC_W32,"How important, if at all, do you think a good work ethic is in helping a young person succeed in the world today?",3,"[1.0, 2.0, 3.0]","['Essential', 'Important but not essential', 'Not important', 'Refused']","[0.8940506, 0.09584271, 0.0101067]","[0.894051, 0.095843, 0.010107]",Essential | Important but not essential | Not important,0.006386518560323,0.5356997595247127,0.337988917265216,1.4496451146235583,0.058028054999999995,0.17521450387051163,0.20535203833333332,0.11680966924700777,0.5616478803901765,1,1,False,True,True,False,
280,SUCCESSIMPD_W32,"How important, if at all, do you think work skills learned on the job is in helping a young person succeed in the world today?",3,"[1.0, 2.0, 3.0]","['Essential', 'Important but not essential', 'Not important', 'Refused']","[0.75820375, 0.2304961, 0.01130015]","[0.758204, 0.230496, 0.011300]",Essential | Important but not essential | Not important,0.0044678710047489,0.8638699239775748,0.5450412382529649,1.8199135540311941,0.1265482,0.23002114702079024,0.2510321333333333,0.1533474313471935,0.47867485364417983,1,1,False,True,True,False,
281,FEDSHAREA_W32,"Thinking about how the federal government spends money, do you think urban areas get",3,"[1.0, 2.0, 1.5]","['More than their fair share', 'Less than their fair share', 'About the right amount', 'Refused']","[0.32714583, 0.39665813, 0.27619605]","[0.327146, 0.276196, 0.396658]",More than their fair share | About the right amount | Less than their fair share,0.0263314103164798,1.5691967013063048,0.9900528880603309,2.9673944234293987,0.534756155,0.42396108317775755,0.5231707716666667,0.28264072211850505,0.7224629129910498,2,2,True,False,True,False,
282,FEDSHAREB_W32,"Thinking about how the federal government spends money, do you think suburban areas get",3,"[1.0, 2.0, 1.5]","['More than their fair share', 'Less than their fair share', 'About the right amount', 'Refused']","[0.28773171, 0.30354981, 0.40871848]","[0.287732, 0.408718, 0.303550]",More than their fair share | About the right amount | Less than their fair share,0.0306869754427934,1.56679888651913,0.9885400353675486,2.962466595731398,0.50790905,0.3843928029088181,0.5052727,0.25626186860587874,0.5911792280194202,1,1,True,False,True,False,
283,FEDSHAREC_W32,"Thinking about how the federal government spends money, do you think rural areas get",3,"[1.0, 2.0, 1.5]","['More than their fair share', 'Less than their fair share', 'About the right amount', 'Refused']","[0.10750228, 0.64807016, 0.24442756]","[0.107502, 0.244428, 0.648070]",More than their fair share | About the right amount | Less than their fair share,0.0289946517297244,1.2482474121236564,0.787556432127388,2.375526683452282,0.7702839399999999,0.3403523200715347,0.6801892933333333,0.2269015467143565,0.654659129707119,1,1,True,False,True,False,
298,HARASS1A_W32,"When it comes to sexual harassment in the workplace today, how much of a problem, if at all, would you say women claiming they have experienced sexual harassment or assault when it hasn't actually occurred is?",3,"[1.0, 2.0, 3.0]","['Major problem', 'Minor problem', 'Not a problem', 'Refused']","[0.31802726, 0.45867478, 0.22329797]","[0.318027, 0.458675, 0.223298]",Major problem | Minor problem | Not a problem,0.0223320259624425,1.5243723156310942,0.9617718494522782,2.876615336678878,0.45263536000000004,0.36481214059630485,0.46842357500000004,0.2432080937308699,0.5371719777665577,1,1,False,True,True,False,
299,HARASS1B_W32,"When it comes to sexual harassment in the workplace today, how much of a problem, if at all, would you say employers firing men who have been accused of sexual harassment or assault before finding out all the facts are?",3,"[1.0, 2.0, 3.0]","['Major problem', 'Minor problem', 'Not a problem', 'Refused']","[0.344269, 0.3949141, 0.2608169]","[0.344269, 0.394914, 0.260817]",Major problem | Minor problem | Not a problem,0.0198967101399034,1.5646546858354269,0.9871871953585721,2.9580669099716945,0.45827395000000004,0.38669162358576825,0.4721826333333333,0.25779441572384554,0.6023163303125512,1,1,False,True,True,False,
300,HARASS1C_W32,"When it comes to sexual harassment in the workplace today, how much of a problem, if at all, would you say men getting away with committing sexual harassment or assault is?",3,"[1.0, 2.0, 3.0]","['Major problem', 'Minor problem', 'Not a problem', 'Refused']","[0.50380417, 0.35779905, 0.13839678]","[0.503804, 0.357799, 0.138397]",Major problem | Minor problem | Not a problem,0.0173057747016708,1.4236941446749205,0.8982509958608745,2.6827156463614767,0.317296305,0.35660846503321675,0.37819753666666667,0.23773897668881117,0.5870647823499391,1,1,False,True,True,False,
301,HARASS1D_W32,"When it comes to sexual harassment in the workplace today, how much of a problem, if at all, would you say women not being believed when they claim that they have experienced sexual harassment or assault is?",3,"[1.0, 2.0, 3.0]","['Major problem', 'Minor problem', 'Not a problem', 'Refused']","[0.4667397, 0.34930188, 0.18395841]","[0.466740, 0.349302, 0.183958]",Major problem | Minor problem | Not a problem,0.0189873198216988,1.4924683344731728,0.9416426784823625,2.8136996480461396,0.35860935,0.37773431510331545,0.405739565,0.2518228767355437,0.6203383727422286,1,1,False,True,True,False,
302,HARASS2F1_W32,"In the long run, do you think the increased focus on sexual harassment and assault will lead to",3,"[1.0, 2.0, 1.5]","['More opportunities for women in the workplace', 'Fewer opportunities for women in the workplace', ""Won't make much of a difference"", 'Refused']","[0.28536452, 0.20285063, 0.51178484]","[0.285365, 0.511785, 0.202851]",More opportunities for women in the workplace | Won't make much of a difference | Fewer opportunities for women in the workplace,0.0102552055296523,1.4777061833896057,0.9323287981370229,2.785055704270194,0.45874305000000004,0.34691735611272845,0.472495365,0.2312782374084857,0.48470675500885435,1,1,True,False,True,False,
303,HARASS3F2_W32,"Do you think the increased focus on sexual harassment and assault has made it easier or harder for men to know how to interact with women in the workplace, or hasn't it made much difference?",3,"[1.0, 2.0, 1.5]","['Has made it easier for men', 'Has made it harder for men', ""Hasn't made much difference"", 'Refused']","[0.1209063, 0.51740001, 0.36169369]","[0.120906, 0.361694, 0.517400]",Has made it easier for men | Hasn't made much difference | Has made it harder for men,0.0136485800200437,1.3910547630600014,0.8776578388618489,2.6227035813815665,0.698246855,0.34680651952148905,0.63216457,0.2312043463476594,0.5708390999094558,1,1,True,False,True,False,
308,VALUEURBAN_W32,"In general, do you think most people who live in urban areas have values that are",4,"[1.0, 2.0, 3.0, 4.0]","['Very similar to your values', 'Somewhat similar to your values', 'Somewhat different from your values', 'Very different from your values', 'Refused']","[0.13120315, 0.38733711, 0.33885836, 0.14260139]","[0.131203, 0.387337, 0.338858, 0.142601]",Very similar to your values | Somewhat similar to your values | Somewhat different from your values | Very different from your values,0.0166995737509433,1.844192479199268,0.922096239599634,3.59051920491271,0.4976193333333333,0.29768702321626506,0.49821450125,0.2232652674121988,0.35447829129291863,0,1,False,True,True,True,
309,VALUESUBURB_W32,"In general, do you think most people who live in suburban areas have values that are",4,"[1.0, 2.0, 3.0, 4.0]","['Very similar to your values', 'Somewhat similar to your values', 'Somewhat different from your values', 'Very different from your values', 'Refused']","[0.12838862, 0.48526636, 0.28870729, 0.09763773]","[0.128389, 0.485266, 0.288707, 0.097638]",Very similar to your values | Somewhat similar to your values | Somewhat different from your values | Very different from your values,0.016162220491881,1.731586638209738,0.865793319104869,3.320928445760112,0.45186470999999995,0.2751160653472847,0.4638985325,0.20633704901046357,0.30558759095098736,1,1,False,True,True,True,
310,VALUERURAL_W32,"In general, do you think most people who live in rural areas have values that are",4,"[1.0, 2.0, 3.0, 4.0]","['Very similar to your values', 'Somewhat similar to your values', 'Somewhat different from your values', 'Very different from your values', 'Refused']","[0.19629403, 0.40200745, 0.28210389, 0.11959463]","[0.196294, 0.402007, 0.282104, 0.119595]",Very similar to your values | Somewhat similar to your values | Somewhat different from your values | Very different from your values,0.0161133599082304,1.87104751265892,0.93552375632946,3.6579808252698784,0.4416663733333333,0.3075263334703091,0.45624978,0.2306447501027318,0.38350983052460735,1,1,False,True,True,True,
327,PROBURBAN_W32,"How well, if at all, do you think you understand the types of problems faced by people who live in urban areas?",4,"[1.0, 2.0, 3.0, 4.0]","['Very well', 'Somewhat well', 'Not too well', 'Not at all well', 'Refused']","[0.13684577, 0.51676299, 0.28469522, 0.06169602]","[0.136846, 0.516763, 0.284695, 0.061696]",Very well | Somewhat well | Not too well | Not at all well,0.0106419607834502,1.6487896776759292,0.8243948388379646,3.135704646391444,0.42374716333333334,0.25706746284942833,0.44281037250000005,0.19280059713707126,0.2706290059388559,1,1,False,True,True,True,
328,PROBSUBURB_W32,"How well, if at all, do you think you understand the types of problems faced by people who live in suburban areas?",4,"[1.0, 2.0, 3.0, 4.0]","['Very well', 'Somewhat well', 'Not too well', 'Not at all well', 'Refused']","[0.1483667, 0.51684803, 0.26786404, 0.06692123]","[0.148367, 0.516848, 0.267864, 0.066921]",Very well | Somewhat well | Not too well | Not at all well,0.0117824548659009,1.6706965663919016,0.8353482831959508,3.183682719331469,0.41777993333333335,0.26241074794552316,0.43833495,0.19680806095914238,0.28309258382612873,1,1,False,True,True,True,
329,PROBRURAL_W32,"How well, if at all, do you think you understand the types of problems faced by people who live in rural areas?",4,"[1.0, 2.0, 3.0, 4.0]","['Very well', 'Somewhat well', 'Not too well', 'Not at all well', 'Refused']","[0.14582461, 0.44776915, 0.32976937, 0.07663688]","[0.145825, 0.447769, 0.329769, 0.076637]",Very well | Somewhat well | Not too well | Not at all well,0.0092278131739835,1.7358865101964982,0.8679432550982491,3.330841052147207,0.44573951,0.2725242437546047,0.45930463375,0.2043931828159536,0.3006181747888953,1,1,False,True,True,True,
335,ETHNCMAJ_W32,"According to the U.S. Census Bureau, in the next 25 to 30 years, African Americans, Latinos, and people of Asian descent will make up a majority of the population. In general, do you think that this is",3,"[1.0, 2.0, 1.5]","['Good for the country', 'Bad for the country', 'Neither good nor bad for the country', 'Refused']","[0.24012759, 0.167673, 0.59219941]","[0.240128, 0.592199, 0.167673]",Good for the country | Neither good nor bad for the country | Bad for the country,0.0127366026362116,1.3737962559769208,0.8667689332409095,2.591515919235826,0.463772705,0.3172345041085269,0.47584846999999997,0.21148966940568462,0.4046753333789744,1,1,True,False,True,False,
341,WHADVANT_W32,"On a different subject how much, if at all, do white people benefit from advantages in society that black people do not have?",4,"[1.0, 2.0, 3.0, 4.0]","['A great deal', 'A fair amount', 'Not too much', 'Not at all', 'Refused']","[0.29996635, 0.28594686, 0.2507868, 0.1633]","[0.299966, 0.285947, 0.250787, 0.163300]",A great deal | A fair amount | Not too much | Not at all,0.015479375931363,1.9649203306363567,0.9824601653181784,3.9039114530319794,0.42580682,0.3538661147778004,0.44435511624999996,0.26539958608335035,0.5121619527697524,0,1,False,True,True,True,
342,GAYMARR2_W32,"As you may know, same-sex marriage is now legal in the U.S. Do you think this is a good thing or a bad thing for our society?",4,"[1.0, 2.0, 3.0, 4.0]","['Very good thing', 'Somewhat good thing', 'Somewhat bad thing', 'Very bad thing', 'Refused']","[0.32022382, 0.25102119, 0.18534524, 0.24340975]","[0.320224, 0.251021, 0.185345, 0.243410]",Very good thing | Somewhat good thing | Somewhat bad thing | Very bad thing,0.0228145176936373,1.9735522248668464,0.9867761124334232,3.9273392475988946,0.45064697333333337,0.38806437736677335,0.46298523,0.29104828302508,0.6083024648631159,2,2,False,True,True,True,
368,FUD24_W34,Do you think organic fruits and vegetables are generally,3,"[1.0, 2.0, 1.5]","[""Better for one's health than conventionally grown foods"", ""Worse for one's health than conventionally grown foods"", ""Neither better nor worse for one's health than conventionally grown foods"", 'Refused']","[0.45926759, 0.02616478, 0.51456763]","[0.459268, 0.514568, 0.026165]",Better for one's health than conventionally grown foods | Neither better nor worse for one's health than conventionally grown foods | Worse for one's health than conventionally grown foods,0.0093805624334179,1.146346489130723,0.7232641078947525,2.213526260446191,0.283448595,0.27288015958021933,0.3556323966666667,0.18192010638681289,0.36662515553809644,1,1,True,False,True,False,
369,EAT5A_W34,"How much health risk, if any, does eating fruits and vegetables grown with pesticides have for the average person over the course of their lifetime?",4,"[1.0, 2.0, 3.0, 4.0]","['A great deal of health risk', 'Some health risk', 'Not too much health risk', 'No health risk at all', 'Refused']","[0.3160743, 0.48221524, 0.16947564, 0.03223483]","[0.316074, 0.482215, 0.169476, 0.032235]",A great deal of health risk | Some health risk | Not too much health risk | No health risk at all,0.0041217138279431,1.6263537014123048,0.8131768507061524,3.087317166050564,0.3059570033333333,0.2598598099459809,0.35446775375000006,0.19489485745948568,0.31800317646479653,1,1,False,True,True,True,
370,EAT5B_W34,"How much health risk, if any, does eating meat from animals that have been given antibiotics or hormones have for the average person over the course of their lifetime?",4,"[1.0, 2.0, 3.0, 4.0]","['A great deal of health risk', 'Some health risk', 'Not too much health risk', 'No health risk at all', 'Refused']","[0.32226425, 0.47811803, 0.16079511, 0.0388226]","[0.322264, 0.478118, 0.160795, 0.038823]",A great deal of health risk | Some health risk | Not too much health risk | No health risk at all,0.0046761758782777,1.6413930258234162,0.8206965129117081,3.119669129748197,0.30539201666666665,0.2648528536990161,0.35404401124999996,0.19863964027426212,0.33068299547172103,1,1,False,True,True,True,
371,EAT5C_W34,"How much health risk, if any, does eating food and drinks with artificial coloring have for the average person over the course of their lifetime?",4,"[1.0, 2.0, 3.0, 4.0]","['A great deal of health risk', 'Some health risk', 'Not too much health risk', 'No health risk at all', 'Refused']","[0.20698449, 0.48484484, 0.25055957, 0.0576111]","[0.206984, 0.484845, 0.250560, 0.057611]",A great deal of health risk | Some health risk | Not too much health risk | No health risk at all,0.0048368022424479,1.7142522301363083,0.8571261150681542,3.281265266805119,0.38626576,0.27136934320110695,0.41469932,0.2035270074008302,0.31063830051711117,1,1,False,True,True,True,
372,EAT5D_W34,"How much health risk, if any, does eating food and drinks with artificial preservatives have for the average person over the course of their lifetime?",4,"[1.0, 2.0, 3.0, 4.0]","['A great deal of health risk', 'Some health risk', 'Not too much health risk', 'No health risk at all', 'Refused']","[0.26270152, 0.52417366, 0.17730211, 0.03582271]","[0.262702, 0.524174, 0.177302, 0.035823]",A great deal of health risk | Some health risk | Not too much health risk | No health risk at all,0.0049944670105991,1.6096414166897892,0.8048207083448946,3.0517598056646973,0.32874866999999997,0.25453777230263225,0.37156150250000003,0.19090332922697417,0.2935995016220246,1,1,False,True,True,True,
376,FUD33B_W34,"Even if you are not sure, which is closer to your views? Do you think foods with genetically modified ingredients are generally",3,"[1.0, 2.0, 1.5]","['Better for your health than foods with no genetically modified ingredients', 'Worse for your health than foods with no genetically modified ingredients', 'Neither better nor worse for your health than foods with no genetically modified ingredients', 'Refused']","[0.04596712, 0.35811551, 0.59591736]","[0.045967, 0.595917, 0.358116]",Better for your health than foods with no genetically modified ingredients | Neither better nor worse for your health than foods with no genetically modified ingredients | Worse for your health than foods with no genetically modified ingredients,0.0423618072041923,1.1798333321349488,0.7443919534992948,2.2655060320715332,0.65607419,0.2768781372942083,0.6040494583333333,0.18458542486280563,0.3397501111054484,1,1,True,False,True,False,
377,FUD35_W34,"How much do you, personally, care about the issue of genetically modified foods?",4,"[1.0, 2.0, 3.0, 4.0]","['A great deal', 'Some', 'Not too much', 'Not at all', 'Refused']","[0.21853358, 0.39383187, 0.28431513, 0.10331942]","[0.218534, 0.393832, 0.284315, 0.103319]",A great deal | Some | Not too much | Not at all,0.003949541171538,1.8631499406627188,0.9315749703313594,3.6380110894953313,0.42414013,0.3058528188365276,0.4431050975,0.2293896141273957,0.3830000184360469,1,1,False,True,True,True,
378,FUD37A_W34,How likely is it that genetically modified foods will lead to more affordably-priced food,4,"[1.0, 2.0, 3.0, 4.0]","['Very likely', 'Fairly likely', 'Not too likely', 'Not at all likely', 'Refused']","[0.25258608, 0.38239212, 0.3039163, 0.0611055]","[0.252586, 0.382392, 0.303916, 0.061106]",Very likely | Fairly likely | Not too likely | Not at all likely,0.0093513456443363,1.8003688271533758,0.9001844135766879,3.4830925972230133,0.3911804066666666,0.2926522063551644,0.41838530500000004,0.21948915476637332,0.35961507654619085,1,1,False,True,True,True,
379,FUD37B_W34,How likely is it that genetically modified foods will lead to health problems for the population as a whole,4,"[1.0, 2.0, 3.0, 4.0]","['Very likely', 'Fairly likely', 'Not too likely', 'Not at all likely', 'Refused']","[0.24195326, 0.35719808, 0.32862878, 0.07221989]","[0.241953, 0.357198, 0.328629, 0.072220]",Very likely | Fairly likely | Not too likely | Not at all likely,0.0130165991661308,1.827260807342439,0.9136304036712195,3.548626675812759,0.41037176999999997,0.29926712679849765,0.43277882875000007,0.2244503450988733,0.3701368139831439,0,1,False,True,True,True,
380,FUD37C_W34,How likely is it that genetically modified foods will create problems for the environment,4,"[1.0, 2.0, 3.0, 4.0]","['Very likely', 'Fairly likely', 'Not too likely', 'Not at all likely', 'Refused']","[0.21785646, 0.35624093, 0.36510645, 0.06079617]","[0.217856, 0.356241, 0.365106, 0.060796]",Very likely | Fairly likely | Not too likely | Not at all likely,0.0132192290609671,1.7857694622663658,0.8928847311331829,3.4480231537374864,0.42294744666666667,0.28941922540819826,0.44221058625000004,0.21706441905614873,0.34320450447219647,0,1,False,True,True,True,
381,FUD37D_W34,How likely is it that genetically modified foods will increase the global food supply,4,"[1.0, 2.0, 3.0, 4.0]","['Very likely', 'Fairly likely', 'Not too likely', 'Not at all likely', 'Refused']","[0.316401, 0.45171575, 0.18731827, 0.04456498]","[0.316401, 0.451716, 0.187318, 0.044565]",Very likely | Fairly likely | Not too likely | Not at all likely,0.0117961058729114,1.6958265297392292,0.8479132648696146,3.2396243373104188,0.3200157433333333,0.27495109992896455,0.36501180750000006,0.20621332494672343,0.34740872456142585,1,1,False,True,True,True,
383,MED2A_W34,"Thinking about medical treatments these days, how much of a problem, if at all, are the following? Healthcare providers are too quick to order tests and procedures that may not be necessary",3,"[1.0, 2.0, 3.0]","['A big problem', 'A small problem', 'Not a problem', 'Refused']","[0.4576044, 0.42293304, 0.11946256]","[0.457604, 0.422933, 0.119463]",A big problem | A small problem | Not a problem,0.0054883481916393,1.4073664420646972,0.8879493624766183,2.65252517188244,0.33092908,0.3401202199375297,0.3872860533333333,0.2267468132916865,0.5224657383906532,0,1,False,True,True,False,
384,MED2B_W34,"Thinking about medical treatments these days, how much of a problem, if at all, are the following? People rely too much on prescription medicines that may not be necessary",3,"[1.0, 2.0, 3.0]","['A big problem', 'A small problem', 'Not a problem', 'Refused']","[0.68411041, 0.28126473, 0.03462485]","[0.684110, 0.281265, 0.034625]",A big problem | A small problem | Not a problem,0.0050402755117816,1.0574022727079462,0.6671465553455236,2.0811807565045544,0.17525721500000002,0.27244438108225477,0.2835048083333333,0.1816295873881699,0.5135246317095081,1,1,False,True,True,False,
385,MED2C_W34,"Thinking about medical treatments these days, how much of a problem, if at all, are the following? New treatments are made available before we fully understand how they affect people's health",3,"[1.0, 2.0, 3.0]","['A big problem', 'A small problem', 'Not a problem', 'Refused']","[0.44578808, 0.46288034, 0.09133158]","[0.445788, 0.462880, 0.091332]",A big problem | A small problem | Not a problem,0.0076941524166671,1.349335395874742,0.851335848804496,2.547947225275923,0.32277175,0.3207336315417164,0.3818478333333334,0.21382242102781096,0.47060704073172555,0,1,False,True,True,False,
386,MED2D_W34,"Thinking about medical treatments these days, how much of a problem, if at all, are the following? The cost of treatments makes quality medical care unaffordable",3,"[1.0, 2.0, 3.0]","['A big problem', 'A small problem', 'Not a problem', 'Refused']","[0.8300575, 0.14098698, 0.02895552]","[0.830058, 0.140987, 0.028956]",A big problem | A small problem | Not a problem,0.003844180148637,0.7694944596827993,0.4854969498222704,1.7046723380760975,0.09944901,0.23304969300563325,0.23296600666666664,0.15536646200375548,0.6064406411378949,1,1,False,True,True,False,
387,MED2E_W34,"Thinking about medical treatments these days, how much of a problem, if at all, are the following? New treatments are so complex that patients cannot make informed decisions",3,"[1.0, 2.0, 3.0]","['A big problem', 'A small problem', 'Not a problem', 'Refused']","[0.42708262, 0.48352969, 0.08938769]","[0.427083, 0.483530, 0.089388]",A big problem | A small problem | Not a problem,0.0097999879368468,1.342509362151974,0.8470291010299195,2.535920225481068,0.331152535,0.3171878167002538,0.38743502333333335,0.21145854446683585,0.45423210393966407,1,1,False,True,True,False,
388,MED2F_W34,"Thinking about medical treatments these days, how much of a problem, if at all, are the following? Side effects from prescription medicines create as many problems as the medicines solve",3,"[1.0, 2.0, 3.0]","['A big problem', 'A small problem', 'Not a problem', 'Refused']","[0.58891233, 0.3655047, 0.04558297]","[0.588912, 0.365505, 0.045583]",A big problem | A small problem | Not a problem,0.0048826743772527,1.183670895402238,0.7468131863458404,2.2715402914102447,0.22833532,0.2912423846909951,0.31889021333333334,0.19416158979399675,0.4814014996215037,1,1,False,True,True,False,
389,MED2G_W34,"Thinking about medical treatments these days, how much of a problem, if at all, are the following? The process for evaluating the safety and effectiveness of new medical treatments is too slow",3,"[1.0, 2.0, 3.0]","['A big problem', 'A small problem', 'Not a problem', 'Refused']","[0.49343367, 0.40109904, 0.10546729]","[0.493434, 0.401099, 0.105467]",A big problem | A small problem | Not a problem,0.0086832798521019,1.373736064574695,0.8667309566943361,2.5914077995579397,0.30601681000000003,0.3348070518932119,0.37067787333333335,0.2232047012621413,0.5278310800534909,1,1,False,True,True,False,
394,MED5_W34,"Thinking about what you have heard or read, how well do you think medical researchers understand the health risks and benefits of changing a baby's genetic characteristics?",4,"[1.0, 2.0, 3.0, 4.0]","['Very well', 'Fairly well', 'Not too well', 'Not at all well', 'Refused']","[0.07371661, 0.29364512, 0.45716676, 0.1754715]","[0.073717, 0.293645, 0.457167, 0.175472]",Very well | Fairly well | Not too well | Not at all well,0.0136384405310495,1.75322482265682,0.87661241132841,3.371112615058902,0.5781310466666666,0.277576028792062,0.55859828375,0.20818202159404653,0.31590758856496537,1,1,False,True,True,True,
395,MED6A_W34,"How likely is the following if gene editing to change a baby's genetic characteristics becomes widely available? Even if gene editing is used appropriately in some cases, others will use these techniques in ways that are morally unacceptable",4,"[1.0, 2.0, 3.0, 4.0]","['Very likely', 'Fairly likely', 'Not too likely', 'Not at all likely', 'Refused']","[0.55066918, 0.32222573, 0.09257306, 0.03453204]","[0.550669, 0.322226, 0.092573, 0.034532]",Very likely | Fairly likely | Not too likely | Not at all likely,0.011061156681899,1.485967366494686,0.742983683247343,2.8010492818210877,0.20365599,0.26458026998056494,0.27774199374999997,0.19843520248542373,0.43163534938708414,1,1,False,True,True,True,
396,MED6B_W34,How likely is the following if gene editing to change a baby's genetic characteristics becomes widely available? These techniques will help people live longer and better quality lives,4,"[1.0, 2.0, 3.0, 4.0]","['Very likely', 'Fairly likely', 'Not too likely', 'Not at all likely', 'Refused']","[0.16180327, 0.48986519, 0.27181967, 0.07651187]","[0.161803, 0.489865, 0.271820, 0.076512]",Very likely | Fairly likely | Not too likely | Not at all likely,0.0157668615862311,1.7240498459014448,0.8620249229507224,3.3036247998118418,0.42101338,0.2729428724820514,0.440760035,0.20470715436153855,0.30561811299090863,1,1,False,True,True,True,
397,MED6C_W34,How likely is the following if gene editing to change a baby's genetic characteristics becomes widely available? We will use these techniques before we fully understand how they affect people's health,4,"[1.0, 2.0, 3.0, 4.0]","['Very likely', 'Fairly likely', 'Not too likely', 'Not at all likely', 'Refused']","[0.45962292, 0.38612488, 0.12191577, 0.03233643]","[0.459623, 0.386125, 0.121916, 0.032336]",Very likely | Fairly likely | Not too likely | Not at all likely,0.0092784988623103,1.5757817103483351,0.7878908551741676,2.980969698318647,0.24232190333333334,0.26590238110258013,0.30674142749999994,0.1994267858269351,0.3850942628856951,1,1,False,True,True,True,
398,MED6D_W34,How likely is the following if gene editing to change a baby's genetic characteristics becomes widely available? Inequality will increase because this option will be available only for the wealthy,4,"[1.0, 2.0, 3.0, 4.0]","['Very likely', 'Fairly likely', 'Not too likely', 'Not at all likely', 'Refused']","[0.58151535, 0.29404074, 0.08702625, 0.03741766]","[0.581515, 0.294041, 0.087026, 0.037418]",Very likely | Fairly likely | Not too likely | Not at all likely,0.0107499493566332,1.4579661055409847,0.7289830527704924,2.74720792361375,0.19344873999999998,0.26710442089018116,0.270086555,0.2003283156676359,0.4572611170746255,1,1,False,True,True,True,
399,MED6E_W34,How likely is the following if gene editing to change a baby's genetic characteristics becomes widely available? Development of these techniques will pave the way for new medical advances that benefit society as a whole,4,"[1.0, 2.0, 3.0, 4.0]","['Very likely', 'Fairly likely', 'Not too likely', 'Not at all likely', 'Refused']","[0.18662398, 0.43008359, 0.30137775, 0.08191469]","[0.186624, 0.430084, 0.301378, 0.081915]",Very likely | Fairly likely | Not too likely | Not at all likely,0.0140715437179628,1.792691064860756,0.896345532430378,3.464605444139989,0.4261943866666667,0.286366493871861,0.44464579125000003,0.21477487040389576,0.33532959672714957,1,1,False,True,True,True,
409,EVOPERS3_W34,Thinking about the development of human life on Earth which statement comes closest to your view?,3,"[1.0, 2.0, 3.0]","['Humans have evolved over time due to processes such as natural selection; God or a higher power had no role in this proc', 'Humans have evolved over time due to processes that were guided or allowed by God or a higher power', 'Humans have existed in their present form since the beginning of time', 'Refused']","[0.33439584, 0.48513808, 0.18046608]","[0.334396, 0.485138, 0.180466]",Humans have evolved over time due to processes such as natural selection; God or a higher power had no role in this proc | Humans have evolved over time due to processes that were guided or allowed by God or a higher power | Humans have existed in their present form since the beginning of time,0.0150237344682774,1.4805143714949576,0.9341005675663149,2.790482060306697,0.42303512,0.35041673368517323,0.44869008,0.23361115579011552,0.5030879003497104,1,1,False,True,True,False,
416,HAPPYLIFE_W36,"Generally, how would you say things are these days in your life? Would you say that you are",3,"[1.0, 2.0, 3.0]","['Very happy', 'Pretty happy', 'Not too happy', 'Refused']","[0.22860657, 0.60316688, 0.16822656]","[0.228607, 0.603167, 0.168227]",Very happy | Pretty happy | Not too happy,0.0045314529703503,1.3592481446739275,0.8575900969615818,2.565514438064518,0.46980999999999995,0.31352327841360417,0.47987333499999996,0.20901551894240286,0.39462609028761747,1,1,False,True,True,False,
417,ESSENPOLF1A_W36,"In general, how important, if at all, is it to you for someone in high political office to be honest and ethical?",3,"[1.0, 2.0, 3.0]","['Essential', 'Important, but not essential', 'Not important', 'Refused']","[0.90901407, 0.06204731, 0.02893862]","[0.909014, 0.062047, 0.028939]","Essential | Important, but not essential | Not important",0.0042438044350185,0.5218446884218326,0.3292473406685609,1.4357899340859088,0.059962275,0.20212613160307694,0.20664151666666666,0.1347507544020513,0.7248056064693903,1,1,False,True,True,False,
418,ESSENPOLF1B_W36,"In general, how important, if at all, is it to you for someone in high political office to be compassionate and empathetic?",3,"[1.0, 2.0, 3.0]","['Essential', 'Important, but not essential', 'Not important', 'Refused']","[0.66480883, 0.27297673, 0.06221444]","[0.664809, 0.272977, 0.062214]","Essential | Important, but not essential | Not important",0.0052060647803385,1.1521599777029208,0.7269320108069998,2.2224638884307724,0.198702805,0.3016219782859531,0.2991352033333333,0.2010813188573021,0.5713843588884061,1,1,False,True,True,False,
419,ESSENPOLF1C_W36,"In general, how important, if at all, is it to you for someone in high political office to be able to work out compromises?",3,"[1.0, 2.0, 3.0]","['Essential', 'Important, but not essential', 'Not important', 'Refused']","[0.77847004, 0.19696942, 0.02456054]","[0.778470, 0.196969, 0.024561]","Essential | Important, but not essential | Not important",0.0026024884598337,0.8742763443580761,0.5516069584991956,1.8330883788773513,0.12304525,0.2422039666323355,0.24869683333333334,0.16146931108822368,0.5436513427822017,1,1,False,True,True,False,
420,ESSENPOLF1D_W36,"In general, how important, if at all, is it to you for someone in high political office to work well under pressure?",3,"[1.0, 2.0, 3.0]","['Essential', 'Important, but not essential', 'Not important', 'Refused']","[0.79420708, 0.17129564, 0.03449728]","[0.794207, 0.171296, 0.034497]","Essential | Important, but not essential | Not important",0.007500542270363,0.8675935498306253,0.5473905845948225,1.8246168557469897,0.1201451,0.2507714994691183,0.2467634,0.16718099964607888,0.594893513199076,1,1,False,True,True,False,
421,ESSENPOLF1E_W36,"In general, how important, if at all, is it to you for someone in high political office to be willing to take risks?",3,"[1.0, 2.0, 3.0]","['Essential', 'Important, but not essential', 'Not important', 'Refused']","[0.45457299, 0.5135809, 0.03184611]","[0.454573, 0.513581, 0.031846]","Essential | Important, but not essential | Not important",0.0016371486119245,1.1691251336722537,0.7376358324820323,2.248752887046242,0.28863656,0.2773630675330917,0.35909104,0.1849087116887278,0.3746747123147301,1,1,False,True,True,False,
422,ESSENPOLF1F_W36,"In general, how important, if at all, is it to you for someone in high political office to stand up for what they believe in, despite political pressure?",3,"[1.0, 2.0, 3.0]","['Essential', 'Important, but not essential', 'Not important', 'Refused']","[0.74963675, 0.21366546, 0.03669779]","[0.749637, 0.213665, 0.036698]","Essential | Important, but not essential | Not important",0.0047505123398667,0.9623743792661208,0.607190629953858,1.9485141107662256,0.14353052,0.2636534559389078,0.26235368,0.17576897062593855,0.565471585508567,1,1,False,True,True,False,
423,ESSENPOLF1G_W36,"In general, how important, if at all, is it to you for someone in high political office to be persuasive?",3,"[1.0, 2.0, 3.0]","['Essential', 'Important, but not essential', 'Not important', 'Refused']","[0.45038252, 0.50009786, 0.04951962]","[0.450383, 0.500098, 0.049520]","Essential | Important, but not essential | Not important",0.0077261405640905,1.232956564950425,0.7779089816884824,2.3504818900930022,0.29956855,0.29120914966892353,0.3663790333333333,0.1941394331126157,0.4041552056639037,0,1,False,True,True,False,
424,ESSENPOLF1H_W36,"In general, how important, if at all, is it to you for someone in high political office to maintain a tone of civility and respect in politics?",3,"[1.0, 2.0, 3.0]","['Essential', 'Important, but not essential', 'Not important', 'Refused']","[0.68527404, 0.26157253, 0.05315343]","[0.685274, 0.261573, 0.053153]","Essential | Important, but not essential | Not important",0.0063548782725026,1.1047478164144249,0.6970182675689588,2.1506128202016543,0.18393969500000001,0.2910545500474215,0.28929313,0.194036366698281,0.5643533022808219,1,1,False,True,True,False,
425,ESSENPOLF1I_W36,"In general, how important, if at all, is it to you for someone in high political office to serve as a role model for children?",3,"[1.0, 2.0, 3.0]","['Essential', 'Important, but not essential', 'Not important', 'Refused']","[0.65247508, 0.28740574, 0.06011919]","[0.652475, 0.287406, 0.060119]","Essential | Important, but not essential | Not important",0.0001924777905829,1.1627700953011204,0.733626249688596,2.2388689676596836,0.20382206000000003,0.3007111459071491,0.3025480416666667,0.20047409727143278,0.5572341500957021,1,1,False,True,True,False,
426,ESSENBIZF2A_W36,"In general, how important, if at all, is it to you for someone in a top executive business position to be honest and ethical?",3,"[1.0, 2.0, 3.0]","['Essential', 'Important, but not essential', 'Not important', 'Refused']","[0.89612009, 0.08938689, 0.01449301]","[0.896120, 0.089387, 0.014493]","Essential | Important, but not essential | Not important",0.0022205643091933,0.5417344220103001,0.3417963653801346,1.4557215483628732,0.059186455,0.18258339467077123,0.20612430166666668,0.12172226311384751,0.5986826398390303,1,1,False,True,True,False,
427,ESSENBIZF2B_W36,"In general, how important, if at all, is it to you for someone in a top executive business position to be compassionate and empathetic?",3,"[1.0, 2.0, 3.0]","['Essential', 'Important, but not essential', 'Not important', 'Refused']","[0.58554749, 0.38621389, 0.02823862]","[0.585547, 0.386214, 0.028239]","Essential | Important, but not essential | Not important",0.0016968095283506,1.1275363611717353,0.7113962384969408,2.184853219203075,0.221345565,0.2753147895679249,0.3142303766666667,0.18354319304528327,0.4397881238185973,1,1,False,True,True,False,
428,ESSENBIZF2C_W36,"In general, how important, if at all, is it to you for someone in a top executive business position to be able to work out compromises?",3,"[1.0, 2.0, 3.0]","['Essential', 'Important, but not essential', 'Not important', 'Refused']","[0.78224699, 0.20907363, 0.00867939]","[0.782247, 0.209074, 0.008679]","Essential | Important, but not essential | Not important",0.0046523330786926,0.8086621713298487,0.5102090244797012,1.7515864218905564,0.113216205,0.2193852514495381,0.24214413833333331,0.1462568342996921,0.47938949670361425,1,1,False,True,True,False,
429,ESSENBIZF2D_W36,"In general, how important, if at all, is it to you for someone in a top executive business position to work well under pressure?",3,"[1.0, 2.0, 3.0]","['Essential', 'Important, but not essential', 'Not important', 'Refused']","[0.72712428, 0.25668593, 0.01618979]","[0.727124, 0.256686, 0.016190]","Essential | Important, but not essential | Not important",0.0032630801702247,0.9341856502005166,0.5894055220710037,1.91081174576646,0.144532755,0.2438679052932345,0.2630218366666667,0.16257860352882297,0.4809939671731736,1,1,False,True,True,False,
430,ESSENBIZF2E_W36,"In general, how important, if at all, is it to you for someone in a top executive business position to be willing to take risks?",3,"[1.0, 2.0, 3.0]","['Essential', 'Important, but not essential', 'Not important', 'Refused']","[0.42314764, 0.54666895, 0.03018341]","[0.423148, 0.546669, 0.030183]","Essential | Important, but not essential | Not important",0.0001709893859284,1.153748017680417,0.727933952478663,2.224911602313803,0.30351788500000004,0.2733633863287598,0.3690119233333333,0.18224225755250653,0.3534975722703786,1,1,False,True,True,False,
431,ESSENBIZF2F_W36,"In general, how important, if at all, is it to you for someone in a top executive business position to value people from different backgrounds?",3,"[1.0, 2.0, 3.0]","['Essential', 'Important, but not essential', 'Not important', 'Refused']","[0.67807366, 0.28466056, 0.03726578]","[0.678074, 0.284661, 0.037266]","Essential | Important, but not essential | Not important",0.0023718936126463,1.0729144858729585,0.6769336721750727,2.103678861512046,0.17959606,0.27600031744995585,0.2863973733333333,0.1840002116333039,0.5170048544244701,1,1,False,True,True,False,
432,ESSENBIZF2G_W36,"In general, how important, if at all, is it to you for someone in a top executive business position to provide fair pay and good benefits?",3,"[1.0, 2.0, 3.0]","['Essential', 'Important, but not essential', 'Not important', 'Refused']","[0.83927432, 0.14315418, 0.0175715]","[0.839274, 0.143154, 0.017572]","Essential | Important, but not essential | Not important",0.000169639697085,0.7160648417103839,0.4517866141215172,1.6426952305336564,0.08914859,0.21310226160463877,0.22609906000000002,0.14206817440309252,0.5592604451223391,1,1,False,True,True,False,
433,ESSENBIZF2H_W36,"In general, how important, if at all, is it to you for someone in a top executive business position to negotiate profitable deals?",3,"[1.0, 2.0, 3.0]","['Essential', 'Important, but not essential', 'Not important', 'Refused']","[0.67845172, 0.29449614, 0.02705214]","[0.678452, 0.294496, 0.027052]","Essential | Important, but not essential | Not important",0.0011524219625818,1.0400045566510283,0.6561698186410262,2.056234147773112,0.17430021,0.26513319632583904,0.2828668066666667,0.17675546421722602,0.4884365224616995,1,1,False,True,True,False,
434,ESSENBIZF2I_W36,"In general, how important, if at all, is it to you for someone in a top executive business position to consider the impact of business decisions on society?",3,"[1.0, 2.0, 3.0]","['Essential', 'Important, but not essential', 'Not important', 'Refused']","[0.65426095, 0.31905863, 0.02668042]","[0.654261, 0.319059, 0.026680]","Essential | Important, but not essential | Not important",0.0042417897837417,1.065778065519185,0.6724310922398841,2.093298520244489,0.18620973500000002,0.26790112372147634,0.29080649,0.17860074914765092,0.4736245418971875,1,1,False,True,True,False,
435,ESSENBIZF2J_W36,"In general, how important, if at all, is it to you for someone in a top executive business position to provide guidance or mentorship to young employees?",3,"[1.0, 2.0, 3.0]","['Essential', 'Important, but not essential', 'Not important', 'Refused']","[0.65952907, 0.31058054, 0.0298904]","[0.659529, 0.310581, 0.029890]","Essential | Important, but not essential | Not important",0.0088777963886963,1.0713491656766128,0.6759460650893319,2.101397613465449,0.18518067000000002,0.27063564953876623,0.2901204483333334,0.18042376635917753,0.48541482149995574,1,1,False,True,True,False,
436,ESSENBIZF2K_W36,"In general, how important, if at all, is it to you for someone in a top executive business position to create a safe and respectful workplace?",3,"[1.0, 2.0, 3.0]","['Essential', 'Important, but not essential', 'Not important', 'Refused']","[0.88813413, 0.09527637, 0.0165895]","[0.888134, 0.095276, 0.016590]","Essential | Important, but not essential | Not important",0.0032871712362387,0.5732605092142591,0.3616871118108007,1.4878824069314491,0.064227685,0.19048201222042144,0.20948512333333333,0.1269880081469476,0.6036920815383503,1,1,False,True,True,False,
437,ESSENBIZF2L_W36,"In general, how important, if at all, is it to you for someone in a top executive business position to stand up for what they believe in, despite pressure to make a profit?",3,"[1.0, 2.0, 3.0]","['Essential', 'Important, but not essential', 'Not important', 'Refused']","[0.67064306, 0.30607715, 0.02327979]","[0.670643, 0.306077, 0.023280]","Essential | Important, but not essential | Not important",0.0031510229497622,1.0356247359419093,0.6534064594403346,2.0500011740065447,0.176318365,0.26212766291203754,0.28421224333333334,0.1747517752746917,0.47311724461842,1,1,False,True,True,False,
439,STYLE2_W36,"Thinking about the ways in which men and women in top positions in business and politics are different in their approach to leadership, would you say",3,"[1.0, 2.0, 1.5]","['Women generally have a better approach', 'Men generally have a better approach', 'Neither is better', 'Refused']","[0.22402827, 0.15365761, 0.62231412]","[0.224028, 0.622314, 0.153658]",Women generally have a better approach | Neither is better | Men generally have a better approach,0.0031676228959889,1.3245636547271655,0.8357066202667196,2.5045712513606393,0.46481467,0.30525966414315386,0.4765431133333333,0.2035064427621026,0.37458882523227954,1,1,True,False,True,False,
440,AMNTWMNPF1_W36,"Thinking about the country today, would you say there are",3,"[1.0, 2.0, 1.5]","['Too many women in high political offices', 'Too few women in high political offices', 'About the right number of women in high political offices', 'Refused']","[0.05609861, 0.59653454, 0.34736685]","[0.056099, 0.347367, 0.596535]",Too many women in high political offices | About the right number of women in high political offices | Too few women in high political offices,0.0140776721671331,1.2076473039732931,0.7619406158971048,2.3096068698999868,0.770217965,0.300234140116108,0.68014531,0.2001560934107387,0.5093196531441053,1,1,True,False,True,False,
441,AMNTWMNP2F1_W36,What do you think would be the ideal situation when it comes to the number of women in high political office?,3,"[1.0, 2.0, 3.0]","['Having more women than there are now but still not as many women as men', 'Having about an equal number of women and men', 'Having more women than men', 'Refused']","[0.07858434, 0.81330934, 0.10810632]","[0.078584, 0.813309, 0.108106]",Having more women than there are now but still not as many women as men | Having about an equal number of women and men | Having more women than men,0.0035034453460044,0.8778059564655197,0.5538338957963479,1.8375785946757783,0.51476099,0.21553370542497502,0.50984066,0.14368913694998336,0.18598120411375604,1,1,False,True,True,False,
442,AMNTWMNBF1_W36,"Thinking about the country today, would you say there are",3,"[1.0, 2.0, 1.5]","['Too many women in top executive business positions', 'Too few women in top executive business positions', 'About the right number of women in top executive business positions', 'Refused']","[0.0412821, 0.60379932, 0.35491858]","[0.041282, 0.354919, 0.603799]",Too many women in top executive business positions | About the right number of women in top executive business positions | Too few women in top executive business positions,0.0149352666677329,1.159714391751337,0.7316983154009438,2.2341319444952954,0.7812586100000001,0.28664254621543517,0.6875057400000001,0.19109503081029014,0.4807901058960326,1,1,True,False,True,False,
443,AMNTWMNB2F1_W36,What do you think would be the ideal situation when it comes to the number of women in top executive business positions?,3,"[1.0, 2.0, 3.0]","['Having more women than there are now but still not as many women as men', 'Having about an equal number of women and men', 'Having more women than men', 'Refused']","[0.12757208, 0.80801699, 0.06441093]","[0.127572, 0.808017, 0.064411]",Having more women than there are now but still not as many women as men | Having about an equal number of women and men | Having more women than men,0.0147007488997386,0.8823122410144131,0.5566770447963041,1.8433272786689208,0.468419425,0.21679118935664654,0.47894628333333333,0.1445274595710977,0.18874665197588616,1,1,False,True,True,False,
444,EASIERBIZF2_W36,"Thinking about top executive positions in business these days, would you say it is generally",3,"[1.0, 2.0, 1.5]","['Easier for men to get these positions', 'Easier for women to get these positions', 'Not much difference', 'Refused']","[0.67747491, 0.05967079, 0.2628543]","[0.677475, 0.262854, 0.059671]",Easier for men to get these positions | Not much difference | Easier for women to get these positions,0.0048535867871333,1.1299447044235895,0.7129157339113487,2.1885035200103893,0.19109794,0.2981039119631884,0.2940652933333333,0.1987359413087923,0.5748882119959859,1,1,True,False,True,False,
445,EASIERPOLF2_W36,"Thinking about high political offices these days, would you say it is generally",3,"[1.0, 2.0, 1.5]","['Easier for men to get elected to high political offices', 'Easier for women to get elected to high political offices', 'Not much difference', 'Refused']","[0.67714222, 0.04743653, 0.27542125]","[0.677142, 0.275421, 0.047437]",Easier for men to get elected to high political offices | Not much difference | Easier for women to get elected to high political offices,0.0063219924030939,1.1018536728618185,0.6951922662905125,2.146302870309666,0.185147155,0.28637802551069796,0.2900981033333333,0.19091868367379863,0.5436046357727213,1,1,True,False,True,False,
448,IMPROVE1_W36,"How much, if anything, do you think having more women in top leadership positions in business and government would do to improve the quality of life for women?",4,"[1.0, 2.0, 3.0, 4.0]","['A lot', 'Some', 'Not much', 'Nothing at all', 'Refused']","[0.368266, 0.41145304, 0.14302823, 0.07725273]","[0.368266, 0.411453, 0.143028, 0.077253]",A lot | Some | Not much | Nothing at all,0.0102291649132532,1.7445678111408869,0.8722839055704434,3.350944544199479,0.30975589666666664,0.3009802670390469,0.3573169225,0.22573520027928518,0.4236954093915902,0,1,False,True,True,True,
449,IMPROVE2_W36,"How much, if anything, do you think having more women in top leadership positions in business and government would do to improve the quality of life for men?",4,"[1.0, 2.0, 3.0, 4.0]","['A lot', 'Some', 'Not much', 'Nothing at all', 'Refused']","[0.18259899, 0.39598993, 0.28395402, 0.13745706]","[0.182599, 0.395990, 0.283954, 0.137457]",A lot | Some | Not much | Nothing at all,0.0095328382802034,1.8864569440255523,0.9432284720127762,3.6972611358908636,0.45875638333333335,0.3117696401651346,0.46906728749999993,0.23382723012385095,0.3914648169684485,1,1,False,True,True,True,
450,IMPROVE3_W36,"How much, if anything, do you think having more women in top leadership positions in business and government would do to improve the quality of life for all Americans?",4,"[1.0, 2.0, 3.0, 4.0]","['A lot', 'Some', 'Not much', 'Nothing at all', 'Refused']","[0.29328598, 0.40079165, 0.20680034, 0.09912203]","[0.293286, 0.400792, 0.206800, 0.099122]",A lot | Some | Not much | Nothing at all,0.0068739305210366,1.848416327527578,0.924208163763789,3.6010467458205646,0.37058614,0.3134192250288393,0.402939605,0.23506441877162942,0.4211393186970252,1,1,False,True,True,True,
451,WHYNOTPOLF1A_W36,Please indicate whether you think the following is is a reason why there are fewer women than men in high political offices. Many Americans aren't ready to elect a woman to higher office,3,"[1.0, 2.0, 3.0]","['Major reason', 'Minor reason', 'Not a reason', 'Refused']","[0.44756072, 0.31262114, 0.23981814]","[0.447561, 0.312621, 0.239818]",Major reason | Minor reason | Not a reason,0.0042989545901342,1.5375491899544114,0.9700855315219308,2.9030092923629542,0.39612871000000005,0.40131716897453557,0.43075247333333333,0.26754477931635706,0.673278549023266,1,1,False,True,True,False,
452,WHYNOTPOLF1B_W36,Please indicate whether you think the following is is a reason why there are fewer women than men in high political offices. Women in politics face gender discrimination,3,"[1.0, 2.0, 3.0]","['Major reason', 'Minor reason', 'Not a reason', 'Refused']","[0.48835914, 0.32190539, 0.18973548]","[0.488359, 0.321905, 0.189735]",Major reason | Minor reason | Not a reason,0.0058610092575132,1.4863394536339771,0.93777578520482,2.8017717968351676,0.35068817500000005,0.3837051376317384,0.40045878500000004,0.25580342508782566,0.6465778076905083,1,1,False,True,True,False,
453,WHYNOTPOLF1C_W36,Please indicate whether you think the following is is a reason why there are fewer women than men in high political offices. Family responsibilities make it harder for women to run for higher office,3,"[1.0, 2.0, 3.0]","['Major reason', 'Minor reason', 'Not a reason', 'Refused']","[0.36454802, 0.44500771, 0.19044428]","[0.364548, 0.445008, 0.190444]",Major reason | Minor reason | Not a reason,0.0052068822946701,1.506177730431561,0.9502923442960018,2.8405646341988615,0.412948135,0.36217405622888477,0.441965425,0.24144937081925658,0.5410815096100546,1,1,False,True,True,False,
454,WHYNOTPOLF1D_W36,Please indicate whether you think the following is is a reason why there are fewer women than men in high political offices. Women aren't tough enough for politics,3,"[1.0, 2.0, 3.0]","['Major reason', 'Minor reason', 'Not a reason', 'Refused']","[0.07858867, 0.2861428, 0.63526853]","[0.078589, 0.286143, 0.635269]",Major reason | Minor reason | Not a reason,0.004150577088547,1.220749131635293,0.7702069487952261,2.3306770826231182,0.77833993,0.317791100201996,0.6855599533333334,0.21186073346799741,0.585364908913458,1,1,False,True,True,False,
455,WHYNOTPOLF1E_W36,Please indicate whether you think the following is is a reason why there are fewer women than men in high political offices. Fewer women have the experience required for higher office,3,"[1.0, 2.0, 3.0]","['Major reason', 'Minor reason', 'Not a reason', 'Refused']","[0.20266441, 0.44684744, 0.35048815]","[0.202664, 0.446847, 0.350488]",Major reason | Minor reason | Not a reason,0.0078872152001726,1.5161398186066966,0.9565777221333973,2.8602471597816908,0.57391187,0.3644518836185417,0.5492745800000001,0.2429679224123612,0.5431699751169702,1,1,False,True,True,False,
456,WHYNOTPOLF1F_W36,Please indicate whether you think the following is is a reason why there are fewer women than men in high political offices. Women get less support from party leaders,3,"[1.0, 2.0, 3.0]","['Major reason', 'Minor reason', 'Not a reason', 'Refused']","[0.5267617, 0.3014958, 0.1717425]","[0.526762, 0.301496, 0.171742]",Major reason | Minor reason | Not a reason,0.0092583404034097,1.4451765684107358,0.9118048961746301,2.7229614701318643,0.32249039999999995,0.37830727181464535,0.38166026666666664,0.25220484787643027,0.6550238818712042,1,1,False,True,True,False,
457,WHYNOTPOLF1G_W36,Please indicate whether you think the following is is a reason why there are fewer women than men in high political offices. Women who run for office are held to higher standards than men,3,"[1.0, 2.0, 3.0]","['Major reason', 'Minor reason', 'Not a reason', 'Refused']","[0.37228684, 0.31209023, 0.31562292]","[0.372287, 0.312090, 0.315623]",Major reason | Minor reason | Not a reason,0.0082972112113327,1.580110635443225,0.996938813835833,2.989927776010009,0.471668035,0.4137326915225958,0.48111202166666667,0.27582179434839726,0.6869044736837494,1,2,False,True,True,False,
458,WHYNOTPOLF1H_W36,Please indicate whether you think the following is is a reason why there are fewer women than men in high political offices. Women who run for office have to more to prove themselves than men,3,"[1.0, 2.0, 3.0]","['Major reason', 'Minor reason', 'Not a reason', 'Refused']","[0.61181006, 0.2488404, 0.13934954]","[0.611810, 0.248840, 0.139350]",Major reason | Minor reason | Not a reason,0.0091495102809527,1.3292292947784508,0.8386503113945302,2.512684084071377,0.26376974,0.363297624903236,0.34251316,0.24219841660215738,0.679651817272933,1,1,False,True,True,False,
459,WHYNOTPOLF1I_W36,Please indicate whether you think the following is is a reason why there are fewer women than men in high political offices. Not as many women are interested in holding higher office,3,"[1.0, 2.0, 3.0]","['Major reason', 'Minor reason', 'Not a reason', 'Refused']","[0.2721494, 0.43759847, 0.29025213]","[0.272149, 0.437598, 0.290252]",Major reason | Minor reason | Not a reason,0.0073310506398397,1.5507162135858046,0.9783929984969553,2.929625418367158,0.509051365,0.37485791347073993,0.5060342433333334,0.24990527564716,0.5622580781054224,1,1,False,True,True,False,
460,WHYNOTPOLF1J_W36,Please indicate whether you think the following is is a reason why there are fewer women than men in high political offices. Women aren't encouraged to pursue leadership positions from an early age,3,"[1.0, 2.0, 3.0]","['Major reason', 'Minor reason', 'Not a reason', 'Refused']","[0.42394481, 0.36930203, 0.20675316]","[0.423945, 0.369302, 0.206753]",Major reason | Minor reason | Not a reason,0.0075205138361428,1.5257600009863843,0.9626473814315262,2.8793835983644764,0.391404175,0.38194428820519016,0.42760278333333335,0.2546295254701268,0.6124147144188995,1,1,False,True,True,False,
461,WHYNOTPOLF1K_W36,Please indicate whether you think the following is is a reason why there are fewer women than men in high political offices. Women don't do as good of a job selling their accomplishments,3,"[1.0, 2.0, 3.0]","['Major reason', 'Minor reason', 'Not a reason', 'Refused']","[0.11582359, 0.30846247, 0.57571393]","[0.115824, 0.308462, 0.575714]",Major reason | Minor reason | Not a reason,0.0026621348212695,1.3422204679468883,0.8468468290802966,2.5354124679228986,0.7299451650000001,0.3464240151388517,0.653296775,0.23094934342590118,0.6087988010840598,1,1,False,True,True,False,
462,WHYNOTPOLF1L_W36,Please indicate whether you think the following is is a reason why there are fewer women than men in high political offices. Sexual harassment creates an environment that makes it harder for women to succeed in politics,3,"[1.0, 2.0, 3.0]","['Major reason', 'Minor reason', 'Not a reason', 'Refused']","[0.37663083, 0.39746088, 0.22590829]","[0.376631, 0.397461, 0.225908]",Major reason | Minor reason | Not a reason,0.0020551048251976,1.544497389446332,0.9744693573151337,2.91702426951569,0.42463873,0.38073016558185546,0.4497591533333334,0.2538201103879037,0.5933000005844269,0,1,False,True,True,False,
463,WHYNOTBIZF2A_W36,"For each one of the following, please indicate whether you think it is a reason why there aren't more women in top executive business positions. Many businesses are not ready to hire women for top executive positions",3,"[1.0, 2.0, 3.0]","['Major reason', 'Minor reason', 'Not a reason', 'Refused']","[0.47229779, 0.3365932, 0.19110902]","[0.472298, 0.336593, 0.191109]",Major reason | Minor reason | Not a reason,0.0084644053933437,1.496176083699808,0.9439820077882282,2.820940201126259,0.35940562,0.3822105723343346,0.40627041499999994,0.25480704822288974,0.6345084406407958,1,1,False,True,True,False,
464,WHYNOTBIZF2B_W36,"For each one of the following, please indicate whether you think it is a reason why there aren't more women in top executive business positions. Women in business face gender discrimination",3,"[1.0, 2.0, 3.0]","['Major reason', 'Minor reason', 'Not a reason', 'Refused']","[0.53754233, 0.31257057, 0.14988711]","[0.537542, 0.312571, 0.149887]",Major reason | Minor reason | Not a reason,0.0029264798105804,1.416208624111607,0.893528158216509,2.668832243850016,0.306172395,0.366453568651445,0.37078159833333335,0.24430237910096336,0.6321502359317813,1,1,False,True,True,False,
465,WHYNOTBIZF2C_W36,"For each one of the following, please indicate whether you think it is a reason why there aren't more women in top executive business positions. Family responsibilities make it harder for women to move up in business",3,"[1.0, 2.0, 3.0]","['Major reason', 'Minor reason', 'Not a reason', 'Refused']","[0.44555021, 0.40194855, 0.15250124]","[0.445550, 0.401949, 0.152501]",Major reason | Minor reason | Not a reason,0.0019225111859504,1.4619443465063222,0.9223841862764193,2.7547938216186307,0.353475515,0.3578315774152482,0.40231701,0.23855438494349884,0.5602901827465648,0,1,False,True,True,False,
466,WHYNOTBIZF2D_W36,"For each one of the following, please indicate whether you think it is a reason why there aren't more women in top executive business positions. Women aren't tough enough for business",3,"[1.0, 2.0, 3.0]","['Major reason', 'Minor reason', 'Not a reason', 'Refused']","[0.09898761, 0.23092388, 0.67008851]","[0.098988, 0.230924, 0.670089]",Major reason | Minor reason | Not a reason,0.0075048289995823,1.205601221333063,0.7606496814811176,2.3063336230043783,0.78555045,0.3327611313011144,0.6903669666666667,0.22184075420074295,0.6573035278860033,1,1,False,True,True,False,
467,WHYNOTBIZF2F_W36,"For each one of the following, please indicate whether you think it is a reason why there aren't more women in top executive business positions. Women don't make as good managers as men",3,"[1.0, 2.0, 3.0]","['Major reason', 'Minor reason', 'Not a reason', 'Refused']","[0.09054794, 0.18794297, 0.72150909]","[0.090548, 0.187943, 0.721509]",Major reason | Minor reason | Not a reason,0.0033250566196668,1.1067801200297631,0.6983005083881666,2.1536444921776505,0.8154805749999999,0.3216928104538076,0.7103203833333334,0.2144618736358717,0.6877442954344396,1,1,False,True,True,False,
468,WHYNOTBIZF2G_W36,"For each one of the following, please indicate whether you think it is a reason why there aren't more women in top executive business positions. Women are held to higher standards than men",3,"[1.0, 2.0, 3.0]","['Major reason', 'Minor reason', 'Not a reason', 'Refused']","[0.34683843, 0.29855109, 0.35461048]","[0.346838, 0.298551, 0.354610]",Major reason | Minor reason | Not a reason,0.0097586032427189,1.580899335177018,0.9974364279645169,2.991562771539673,0.503886025,0.4187447030228554,0.5025906833333333,0.2791631353485703,0.7014308750033021,1,2,False,True,True,False,
469,WHYNOTBIZF2H_W36,"For each one of the following, please indicate whether you think it is a reason why there aren't more women in top executive business positions. Women have to more to prove themselves than men",3,"[1.0, 2.0, 3.0]","['Major reason', 'Minor reason', 'Not a reason', 'Refused']","[0.606614, 0.24209381, 0.15129219]","[0.606614, 0.242094, 0.151292]",Major reason | Minor reason | Not a reason,0.0057810297234612,1.345080087294751,0.8486510480107518,2.5404429869522276,0.272339095,0.3710081668030786,0.34822606333333334,0.24733877786871905,0.6945890092981377,1,1,False,True,True,False,
470,WHYNOTBIZF2I_W36,"For each one of the following, please indicate whether you think it is a reason why there aren't more women in top executive business positions. Not as many women are interested in top executive business positions",3,"[1.0, 2.0, 3.0]","['Major reason', 'Minor reason', 'Not a reason', 'Refused']","[0.17399956, 0.39350518, 0.43249526]","[0.174000, 0.393505, 0.432495]",Major reason | Minor reason | Not a reason,0.0020905675935881,1.4914451337014925,0.940997110671632,2.8117047989038304,0.62924785,0.3673128071145594,0.5861652333333334,0.24487520474303962,0.5783180186555197,0,1,False,True,True,False,
471,WHYNOTBIZF2J_W36,"For each one of the following, please indicate whether you think it is a reason why there aren't more women in top executive business positions. Women aren't encouraged to pursue leadership positions from an early age",3,"[1.0, 2.0, 3.0]","['Major reason', 'Minor reason', 'Not a reason', 'Refused']","[0.43441913, 0.34867774, 0.21690314]","[0.434419, 0.348678, 0.216903]",Major reason | Minor reason | Not a reason,0.0034761754825832,1.5307836457554764,0.96581694838772,2.8894274494001575,0.39124201000000003,0.38859010041670256,0.42749467500000005,0.2590600669444684,0.6340059141719604,1,1,False,True,True,False,
472,WHYNOTBIZF2K_W36,"For each one of the following, please indicate whether you think it is a reason why there aren't more women in top executive business positions. Women don't do as good of a job selling their accomplishments",3,"[1.0, 2.0, 3.0]","['Major reason', 'Minor reason', 'Not a reason', 'Refused']","[0.13879726, 0.33295475, 0.528248]","[0.138797, 0.332955, 0.528248]",Major reason | Minor reason | Not a reason,0.0070018910642313,1.410057618909946,0.8896473060204084,2.6574777614435154,0.6947253750000001,0.35894755279503276,0.6298169183333334,0.2392983685300219,0.6075165664503569,1,1,False,True,True,False,
473,WHYNOTBIZF2L_W36,"For each one of the following, please indicate whether you think it is a reason why there aren't more women in top executive business positions. Women don't have access to the same kinds of personal networks and connections that men have",3,"[1.0, 2.0, 3.0]","['Major reason', 'Minor reason', 'Not a reason', 'Refused']","[0.27222825, 0.3189555, 0.40881625]","[0.272228, 0.318956, 0.408816]",Major reason | Minor reason | Not a reason,0.005343646483262,1.5643915079880988,0.987021148624212,2.957527345714025,0.568294,0.4069361799643772,0.5455293333333333,0.27129078664291817,0.6749808511875601,1,1,False,True,True,False,
474,WHYNOTBIZF2M_W36,"For each one of the following, please indicate whether you think it is a reason why there aren't more women in top executive business positions. Women have fewer opportunities to interact with people in senior positions outside of work",3,"[1.0, 2.0, 3.0]","['Major reason', 'Minor reason', 'Not a reason', 'Refused']","[0.24084356, 0.41028189, 0.34887455]","[0.240844, 0.410282, 0.348875]",Major reason | Minor reason | Not a reason,0.0005035823161356,1.5520097426667976,0.9792091244812637,2.9322533161173543,0.554015495,0.3801471475624998,0.5360103300000001,0.2534314317083332,0.5848732928979249,1,1,False,True,True,False,
475,WHYNOTBIZF2N_W36,"For each one of the following, please indicate whether you think it is a reason why there aren't more women in top executive business positions. Women are less likely than men to ask for promotions and raises",3,"[1.0, 2.0, 3.0]","['Major reason', 'Minor reason', 'Not a reason', 'Refused']","[0.24264385, 0.39641202, 0.36094414]","[0.242644, 0.396412, 0.360944]",Major reason | Minor reason | Not a reason,0.0031727843144728,1.5555668861000205,0.9814534321110053,2.9394920704521517,0.55915015,0.38392480758797864,0.5394334350000001,0.25594987172531913,0.5979614790933743,0,1,False,True,True,False,
476,WHYNOTBIZF2O_W36,"For each one of the following, please indicate whether you think it is a reason why there aren't more women in top executive business positions. Sexual harassment creates an environment that makes it harder for women to succeed in business",3,"[1.0, 2.0, 3.0]","['Major reason', 'Minor reason', 'Not a reason', 'Refused']","[0.42031458, 0.38504791, 0.19463751]","[0.420315, 0.385048, 0.194638]",Major reason | Minor reason | Not a reason,0.0002861523698009,1.515320729256959,0.9560609342918144,2.8586237168609787,0.38716146500000004,0.37550697399522925,0.42477431000000004,0.25033798266348617,0.5942891812315284,0,1,False,True,True,False,
478,HIGHEDWRNGA_W36,"For tuition costs are too high, please indicate whether this is a reason why you think the higher education system in the U.S. is going in the wrong direction.",3,"[1.0, 2.0, 3.0]","['Major reason', 'Minor reason', 'Not a reason', 'Refused']","[0.84181614, 0.122608, 0.03557586]","[0.841816, 0.122608, 0.035576]",Major reason | Minor reason | Not a reason,0.0056325572103592,0.7515932269655614,0.4742025294753582,1.6836511288207192,0.09687986,0.23841592381042925,0.23125324,0.15894394920695282,0.6496680172918791,1,1,False,True,True,False,
479,HIGHEDWRNGB_W36,Please indicate whether this is a reason why you think the higher education system in the U.S. is going in the wrong direction. Professors are bringing their political and social views into the classroom,3,"[1.0, 2.0, 3.0]","['Major reason', 'Minor reason', 'Not a reason', 'Refused']","[0.50231869, 0.26246232, 0.23521898]","[0.502319, 0.262462, 0.235219]",Major reason | Minor reason | Not a reason,0.0066948237187368,1.4965894972561928,0.9442428427014812,2.8217486755418486,0.36645014,0.4081039739467423,0.41096675833333335,0.2720693159644949,0.7173745351099065,1,1,False,True,True,False,
480,HIGHEDWRNGC_W36,Please indicate whether this is a reason why you think the higher education system in the U.S. is going in the wrong direction. Colleges and universities are too concerned about protecting students from views they might find offensive,3,"[1.0, 2.0, 3.0]","['Major reason', 'Minor reason', 'Not a reason', 'Refused']","[0.54235783, 0.27424368, 0.18339849]","[0.542358, 0.274244, 0.183398]",Major reason | Minor reason | Not a reason,0.0059846898300214,1.4393638708578658,0.9081374923400124,2.7120125804733015,0.32052033,0.3862979783233289,0.38034688666666666,0.25753198554888596,0.6851928495667325,1,1,False,True,True,False,
481,HIGHEDWRNGD_W36,Please indicate whether this is a reason why you think the higher education system in the U.S. is going in the wrong direction. Students are not getting the skills they need to succeed in the workplace,3,"[1.0, 2.0, 3.0]","['Major reason', 'Minor reason', 'Not a reason', 'Refused']","[0.65413572, 0.26522037, 0.08064391]","[0.654136, 0.265220, 0.080644]",Major reason | Minor reason | Not a reason,0.011629615356277,1.2013014645738165,0.7579368370085889,2.299470141586541,0.21325409499999998,0.318546218727724,0.3088360633333333,0.21236414581848267,0.6048017482374287,1,1,False,True,True,False,
483,BETTERPOL1F1A_W36,"In general, do you think men or women in high political offices are better at being honest and ethical?",3,"[1.0, 2.0, 1.5]","['Men are better', 'Women are better', 'No difference', 'Refused']","[0.04448082, 0.31502738, 0.6404918]","[0.044481, 0.640492, 0.315027]",Men are better | No difference | Women are better,0.0034132192315413,1.1364012807374693,0.7169893800139802,2.198319805330029,0.63527328,0.26754100567584327,0.5901821866666667,0.1783606704505622,0.3089246337119683,1,1,True,False,True,False,
484,BETTERPOL1F1B_W36,"In general, do you think men or women in high political offices are better at being compassionate and empathetic?",3,"[1.0, 2.0, 1.5]","['Men are better', 'Women are better', 'No difference', 'Refused']","[0.04960631, 0.61279452, 0.33759917]","[0.049606, 0.337599, 0.612795]",Men are better | No difference | Women are better,0.0082926575335193,1.176803611740043,0.7424804127571465,2.260753366060127,0.781594105,0.29377707114281226,0.6877294033333333,0.19585138076187486,0.505580321922255,1,1,True,False,True,False,
485,BETTERPOL1F1C_W36,"In general, do you think men or women in high political offices are better at working out compromises?",3,"[1.0, 2.0, 1.5]","['Men are better', 'Women are better', 'No difference', 'Refused']","[0.08122033, 0.41796475, 0.50081492]","[0.081220, 0.500815, 0.417965]",Men are better | No difference | Women are better,0.005650304782447,1.319847766535427,0.8327312260920354,2.4963976635320138,0.66837221,0.3105592840340084,0.6122481399999999,0.20703952268933895,0.43513070730393616,1,1,True,False,True,False,
486,BETTERPOL1F1D_W36,"In general, do you think men or women in high political offices are better at working well under pressure?",3,"[1.0, 2.0, 1.5]","['Men are better', 'Women are better', 'No difference', 'Refused']","[0.17088631, 0.17178317, 0.65733052]","[0.170886, 0.657331, 0.171783]",Men are better | No difference | Women are better,0.0107140600687796,1.270018122171733,0.8012922208530967,2.4116459486772706,0.50044843,0.2926895435620055,0.5002989533333333,0.19512636237467032,0.34266895127060465,1,1,True,False,True,False,
487,BETTERPOL1F1E_W36,"In general, do you think men or women in high political offices are better at being willing to take risks?",3,"[1.0, 2.0, 1.5]","['Men are better', 'Women are better', 'No difference', 'Refused']","[0.37101538, 0.08761464, 0.54136998]","[0.371015, 0.541370, 0.087615]",Men are better | No difference | Women are better,0.0036495966927215,1.3177631736889963,0.8314159944411401,2.4927931492814,0.35829963,0.30753619322262393,0.40553308666666665,0.20502412881508267,0.4113521950006586,1,1,True,False,True,False,
488,BETTERPOL1F1F_W36,"In general, do you think men or women in high political offices are better at standing up for what they believe in, despite political pressure?",3,"[1.0, 2.0, 1.5]","['Men are better', 'Women are better', 'No difference', 'Refused']","[0.11451369, 0.29763828, 0.58784803]","[0.114514, 0.587848, 0.297638]",Men are better | No difference | Women are better,0.0061319804856521,1.3289743773654026,0.8384894764139346,2.512240143860414,0.5915622949999999,0.3076594523728029,0.56104153,0.20510630158186863,0.39175469767971494,1,1,True,False,True,False,
489,BETTERPOL1F1G_W36,"In general, do you think men or women in high political offices are better at being persuasive?",3,"[1.0, 2.0, 1.5]","['Men are better', 'Women are better', 'No difference', 'Refused']","[0.20310513, 0.20672224, 0.59017263]","[0.203105, 0.590173, 0.206722]",Men are better | No difference | Women are better,0.0062956702938702,1.3862140745483778,0.874603704452094,2.6139183457280857,0.501808555,0.32008369472500775,0.5012057033333334,0.21338912981667188,0.40981964838436863,1,1,True,False,True,False,
490,BETTERPOL1F1H_W36,"In general, do you think men or women in high political offices are better at maintaining a tone of civility and respect in politics?",3,"[1.0, 2.0, 1.5]","['Men are better', 'Women are better', 'No difference', 'Refused']","[0.0939465, 0.34577681, 0.56027669]","[0.093947, 0.560277, 0.345777]",Men are better | No difference | Women are better,0.0064251158587949,1.318580065769884,0.8319313959604292,2.494205034364289,0.625915155,0.30671843968259555,0.5839434366666667,0.204478959788397,0.40178543670590494,1,1,True,False,True,False,
491,BETTERPOL1F1I_W36,"In general, do you think men or women in high political offices are better at serving as a role model for children?",3,"[1.0, 2.0, 1.5]","['Men are better', 'Women are better', 'No difference', 'Refused']","[0.03645228, 0.40737092, 0.5561768]","[0.036452, 0.556177, 0.407371]",Men are better | No difference | Women are better,0.0030306759014082,1.1726865531971364,0.7398828380252311,2.254310988727565,0.6854593200000001,0.27669593532456815,0.6236395466666667,0.18446395688304545,0.35509703958015554,1,1,True,False,True,False,
492,BETTERPOL2F1A_W36,"And thinking about some specific policy areas, in general, do you think men or women in high political offices are better at handling economic conditions?",3,"[1.0, 2.0, 1.5]","['Men are better', 'Women are better', 'No difference', 'Refused']","[0.13378514, 0.17309529, 0.69311956]","[0.133785, 0.693120, 0.173095]",Men are better | No difference | Women are better,0.0061611381589483,1.1927776854157306,0.7525589311248804,2.2859243902187742,0.51965507,0.27628569547278625,0.5131033783333334,0.18419046364852423,0.305807702791815,1,1,True,False,True,False,
493,BETTERPOL2F1B_W36,"And thinking about some specific policy areas, in general, do you think men or women in high political offices are better at dealing with social issues such as education and health care?",3,"[1.0, 2.0, 1.5]","['Men are better', 'Women are better', 'No difference', 'Refused']","[0.04110326, 0.41928718, 0.53960956]","[0.041103, 0.539610, 0.419287]",Men are better | No difference | Women are better,0.0067387563026968,1.1953049629372896,0.7541534657087643,2.2899323255531825,0.6890919600000001,0.2816768372858485,0.6260613066666667,0.18778455819056572,0.370333616068421,1,1,True,False,True,False,
494,BETTERPOL2F1C_W36,"And thinking about some specific policy areas, in general, do you think men or women in high political offices are better at dealing with immigration policy?",3,"[1.0, 2.0, 1.5]","['Men are better', 'Women are better', 'No difference', 'Refused']","[0.12968911, 0.25593768, 0.61437321]","[0.129689, 0.614373, 0.255938]",Men are better | No difference | Women are better,0.0054365366220223,1.3171745601379172,0.831044620638409,2.4917763075356665,0.563124285,0.3040099046795002,0.5420828566666667,0.20267326978633346,0.3756758741646089,1,1,True,False,True,False,
495,BETTERPOL2F1D_W36,"And thinking about some specific policy areas, in general, do you think men or women in high political offices are better at dealing with national security and defense?",3,"[1.0, 2.0, 1.5]","['Men are better', 'Women are better', 'No difference', 'Refused']","[0.34976152, 0.05754012, 0.59269836]","[0.349762, 0.592698, 0.057540]",Men are better | No difference | Women are better,0.0085800323957958,1.2143756560689196,0.7661857334267405,2.320403428474824,0.35388929999999996,0.28368481338540136,0.40259286666666666,0.1891232089236009,0.35196364709537686,1,1,True,False,True,False,
496,BETTERPOL2F1E_W36,"And thinking about some specific policy areas, in general, do you think men or women in high political offices are better at dealing with the federal budget deficit?",3,"[1.0, 2.0, 1.5]","['Men are better', 'Women are better', 'No difference', 'Refused']","[0.08094016, 0.17105354, 0.7480063]","[0.080940, 0.748006, 0.171054]",Men are better | No difference | Women are better,0.0094214538968201,1.042648633726223,0.6578380455385028,2.0600061346490075,0.54505669,0.2469176374547673,0.5300377933333333,0.1646117583031782,0.24586984546405147,1,1,True,False,True,False,
497,BETTERPOL2F1F_W36,"And thinking about some specific policy areas, in general, do you think men or women in high political offices are better at dealing with gun policy?",3,"[1.0, 2.0, 1.5]","['Men are better', 'Women are better', 'No difference', 'Refused']","[0.2259972, 0.20400543, 0.56999737]","[0.225997, 0.569997, 0.204005]",Men are better | No difference | Women are better,0.0102956708934265,1.4150070594994493,0.8927700553518602,2.6666104026008624,0.48900411499999996,0.32768849234153274,0.49266941,0.2184589948943552,0.4297268242516339,1,1,True,False,True,False,
498,BETTERBIZ1F2A_W36,"In general, do you think men or women in top executive business positions are better at being honest and ethical?",3,"[1.0, 2.0, 1.5]","['Men are better', 'Women are better', 'No difference', 'Refused']","[0.02744009, 0.3015311, 0.67102881]","[0.027440, 0.671029, 0.301531]",Men are better | No difference | Women are better,0.0044446628490075,1.0500949271008095,0.6625361335823514,2.070666089824354,0.637045505,0.25191531723834293,0.59136367,0.167943544825562,0.2744647117177544,1,1,True,False,True,False,
499,BETTERBIZ1F2B_W36,"In general, do you think men or women in top executive business positions are better at being compassionate and empathetic?",3,"[1.0, 2.0, 1.5]","['Men are better', 'Women are better', 'No difference', 'Refused']","[0.03750091, 0.58949468, 0.37300441]","[0.037501, 0.373004, 0.589495]",Men are better | No difference | Women are better,0.0064432869797207,1.1577855957845855,0.7304813806369516,2.2311470410435006,0.7759968850000001,0.2838566838570069,0.6839979233333334,0.18923778923800463,0.463536795451408,1,1,True,False,True,False,
500,BETTERBIZ1F2C_W36,"In general, do you think men or women in top executive business positions are better at working out compromises?",3,"[1.0, 2.0, 1.5]","['Men are better', 'Women are better', 'No difference', 'Refused']","[0.1149806, 0.42041394, 0.46460547]","[0.114981, 0.464605, 0.420414]",Men are better | No difference | Women are better,0.0048684764753328,1.3981855395787144,0.8821568579335736,2.635698848980409,0.652716675,0.33245489007884205,0.6018111183333333,0.22163659338589478,0.4875922700875148,0,1,True,False,True,False,
501,BETTERBIZ1F2D_W36,"In general, do you think men or women in top executive business positions are better at working well under pressure?",3,"[1.0, 2.0, 1.5]","['Men are better', 'Women are better', 'No difference', 'Refused']","[0.21692888, 0.14130259, 0.64176852]","[0.216929, 0.641769, 0.141303]",Men are better | No difference | Women are better,0.0033307458586198,1.2878330920347378,0.8125322153986453,2.4416105347153203,0.46218685,0.2968636615534321,0.47479123166666665,0.1979091077022881,0.35453986727375064,1,1,True,False,True,False,
502,BETTERBIZ1F2E_W36,"In general, do you think men or women in top executive business positions are better at being willing to take risks?",3,"[1.0, 2.0, 1.5]","['Men are better', 'Women are better', 'No difference', 'Refused']","[0.42018444, 0.08345448, 0.49636108]","[0.420184, 0.496361, 0.083454]",Men are better | No difference | Women are better,0.0161809361060043,1.3262090250320382,0.8367447333477067,2.5074293037396167,0.33163502,0.3123507059534196,0.38775667999999996,0.20823380396894642,0.44016034399685056,1,1,True,False,True,False,
503,BETTERBIZ1F2F_W36,"In general, do you think men or women in top executive business positions are better at valuing people from different backgrounds?",3,"[1.0, 2.0, 1.5]","['Men are better', 'Women are better', 'No difference', 'Refused']","[0.03171043, 0.35031825, 0.61797132]","[0.031710, 0.617971, 0.350318]",Men are better | No difference | Women are better,0.003556961022286,1.1171182963576358,0.7048231714310895,2.169132672303471,0.65930391,0.2648196258941393,0.6062026066666666,0.17654641726275958,0.31221052147323797,1,1,True,False,True,False,
504,BETTERBIZ1F2G_W36,"In general, do you think men or women in top executive business positions are better at providing fair pay and good benefits?",3,"[1.0, 2.0, 1.5]","['Men are better', 'Women are better', 'No difference', 'Refused']","[0.0539691, 0.28263668, 0.66339422]","[0.053969, 0.663394, 0.282637]",Men are better | No difference | Women are better,0.0047212372351283,1.1353139959453602,0.7163033796880328,2.1966636693026906,0.61433379,0.2666068818771111,0.5762225266666667,0.17773792125140744,0.3000037738290895,1,1,True,False,True,False,
505,BETTERBIZ1F2H_W36,"In general, do you think men or women in top executive business positions are better at negotiating profitable deals?",3,"[1.0, 2.0, 1.5]","['Men are better', 'Women are better', 'No difference', 'Refused']","[0.28978541, 0.08741449, 0.6228001]","[0.289785, 0.622800, 0.087414]",Men are better | No difference | Women are better,0.0220063015157402,1.2506494178316967,0.7890719289968392,2.3794850954772286,0.39881454,0.28993357460733726,0.43254302666666666,0.19328904973822486,0.35060456638517634,1,1,True,False,True,False,
506,BETTERBIZ1F2I_W36,"In general, do you think men or women in top executive business positions are better at considering the impact of business decisions on society?",3,"[1.0, 2.0, 1.5]","['Men are better', 'Women are better', 'No difference', 'Refused']","[0.08242846, 0.32971441, 0.58785714]","[0.082428, 0.587857, 0.329714]",Men are better | No difference | Women are better,0.0061647625888317,1.275149266977755,0.8045296127810997,2.420238573011838,0.6236429800000001,0.2962231125115413,0.582428655,0.19748207500769427,0.3738538199951306,1,1,True,False,True,False,
507,BETTERBIZ1F2J_W36,"In general, do you think men or women in top executive business positions are better at providing guidance or mentorship to young employees?",3,"[1.0, 2.0, 1.5]","['Men are better', 'Women are better', 'No difference', 'Refused']","[0.09363052, 0.33678951, 0.56957997]","[0.093631, 0.569580, 0.336790]",Men are better | No difference | Women are better,0.011902209881206,1.3112266161427184,0.8272918857992614,2.481524358546194,0.621579495,0.30466938457210463,0.5810529966666667,0.20311292304806974,0.39462654060720753,1,1,True,False,True,False,
508,BETTERBIZ1F2K_W36,"In general, do you think men or women in top executive business positions are better at creating a safe and respectful workplace?",3,"[1.0, 2.0, 1.5]","['Men are better', 'Women are better', 'No difference', 'Refused']","[0.04878422, 0.4303501, 0.52086567]","[0.048784, 0.520866, 0.430350]",Men are better | No difference | Women are better,0.0041322458948857,1.2262030095718697,0.7736479626577593,2.33950450951863,0.690782935,0.2887653882323419,0.6271886216666667,0.19251025882156134,0.3903778968430447,1,1,True,False,True,False,
509,BETTERBIZ1F2L_W36,"In general, do you think men or women in top executive business positions are better at standing up for what they believe in, despite pressure to make a profit?",3,"[1.0, 2.0, 1.5]","['Men are better', 'Women are better', 'No difference', 'Refused']","[0.10386823, 0.32290789, 0.57322387]","[0.103868, 0.573224, 0.322908]",Men are better | No difference | Women are better,0.0143639776714649,1.326156455483253,0.8367115656552463,2.5073379386057204,0.609519825,0.30773273585503574,0.573013215,0.20515515723669056,0.39788775196189563,1,1,True,False,True,False,
510,BETTERBIZ2F2A_W36,"In general, do you think men or women would do a better job running a major technology company types of companies?",3,"[1.0, 2.0, 1.5]","['Men would do a better job', 'Women would do a better job', 'No difference', 'Refused']","[0.19426968, 0.09970177, 0.70602856]","[0.194270, 0.706029, 0.099702]",Men would do a better job | No difference | Women would do a better job,0.0060201674071065,1.145428113139346,0.722684677156827,2.212117645022722,0.45271605000000004,0.26694023698557645,0.4684773683333333,0.17796015799038434,0.2876003960551326,1,1,True,False,True,False,
511,BETTERBIZ2F2B_W36,"In general, do you think men or women would do a better job running a major retail chain types of companies?",3,"[1.0, 2.0, 1.5]","['Men would do a better job', 'Women would do a better job', 'No difference', 'Refused']","[0.05976836, 0.31511201, 0.62511963]","[0.059768, 0.625120, 0.315112]",Men would do a better job | No difference | Women would do a better job,0.0035683465555988,1.191626983564883,0.7518329190896909,2.2841018507263504,0.627671825,0.2782444924902726,0.5851145500000001,0.18549632832684845,0.3312795423158346,1,1,True,False,True,False,
512,BETTERBIZ2F2C_W36,"In general, do you think men or women would do a better job running a large bank or financial institution types of companies?",3,"[1.0, 2.0, 1.5]","['Men would do a better job', 'Women would do a better job', 'No difference', 'Refused']","[0.14271894, 0.13325494, 0.72402611]","[0.142719, 0.724026, 0.133255]",Men would do a better job | No difference | Women would do a better job,0.0064277800608531,1.125646499156188,0.7102038683211875,2.1819930389650404,0.49526799499999996,0.26262345320967834,0.4968453283333333,0.1750823021397856,0.27590902518065596,1,1,True,False,True,False,
513,BETTERBIZ2F2D_W36,"In general, do you think men or women would do a better job running a large oil or gas company types of companies?",3,"[1.0, 2.0, 1.5]","['Men would do a better job', 'Women would do a better job', 'No difference', 'Refused']","[0.35029993, 0.07625724, 0.57344283]","[0.350300, 0.573443, 0.076257]",Men would do a better job | No difference | Women would do a better job,0.0031429548858275,1.2733245481897368,0.8033783434058381,2.417179393482529,0.362978655,0.29641937101746735,0.4086524366666666,0.19761291401164494,0.3799951827425662,1,1,True,False,True,False,
514,BETTERBIZ2F2E_W36,"In general, do you think men or women would do a better job running a major hospital types of companies?",3,"[1.0, 2.0, 1.5]","['Men would do a better job', 'Women would do a better job', 'No difference', 'Refused']","[0.08360415, 0.19321099, 0.72318486]","[0.083604, 0.723185, 0.193211]",Men would do a better job | No difference | Women would do a better job,0.005436680059255,1.095709680124289,0.6913158384666781,2.137181864628926,0.55480342,0.25729432593103096,0.5365356133333334,0.17152955062068734,0.2680213984108764,1,1,True,False,True,False,
515,BETTERBIZ2F2F_W36,"In general, do you think men or women would do a better job running a professional sports team types of companies?",3,"[1.0, 2.0, 1.5]","['Men would do a better job', 'Women would do a better job', 'No difference', 'Refused']","[0.45109611, 0.02167373, 0.52723015]","[0.451096, 0.527230, 0.021674]",Men would do a better job | No difference | Women would do a better job,0.0091689624712813,1.1247857623674968,0.7096608038712087,2.180691612482262,0.285288805,0.26849872332615465,0.3568592016666666,0.17899914888410315,0.35356489292211685,1,1,True,False,True,False,
516,TRAITPOLWF1A_W36,"In general, how do you think being decisive impacts a woman's chances of getting elected to high political office?",3,"[1.0, 2.0, 1.5]","[""Mostly helps a woman's chances"", ""Mostly hurts a woman's chances"", ""Doesn't make much of a difference"", 'Refused']","[0.6351677, 0.11892952, 0.24590277]","[0.635168, 0.245903, 0.118930]",Mostly helps a woman's chances | Doesn't make much of a difference | Mostly hurts a woman's chances,0.0098771245010577,1.2788999188214698,0.8068960106245869,2.426538783268871,0.24188090499999998,0.3491401433684148,0.32792060166666664,0.23276009557894325,0.6647533757955021,1,1,True,False,True,False,
517,TRAITPOLWF1B_W36,"In general, how do you think being compassionate impacts a woman's chances of getting elected to high political office?",3,"[1.0, 2.0, 1.5]","[""Mostly helps a woman's chances"", ""Mostly hurts a woman's chances"", ""Doesn't make much of a difference"", 'Refused']","[0.57885497, 0.17334545, 0.24779958]","[0.578855, 0.247800, 0.173345]",Mostly helps a woman's chances | Doesn't make much of a difference | Mostly hurts a woman's chances,0.0067356802700446,1.393583252338126,0.8792531379790041,2.627304201961837,0.29724524,0.3833283348480026,0.36483016,0.2555522232320018,0.703433651430516,1,1,True,False,True,False,
518,TRAITPOLWF1C_W36,"In general, how do you think being ambitious impacts a woman's chances of getting elected to high political office?",3,"[1.0, 2.0, 1.5]","[""Mostly helps a woman's chances"", ""Mostly hurts a woman's chances"", ""Doesn't make much of a difference"", 'Refused']","[0.5252811, 0.23311166, 0.24160724]","[0.525281, 0.241607, 0.233112]",Mostly helps a woman's chances | Doesn't make much of a difference | Mostly hurts a woman's chances,0.0065433283187282,1.4727642850363118,0.929210807426804,2.775531920249351,0.35391528,0.41019196065076846,0.40261018666666665,0.27346130710051236,0.7358435803952933,1,1,True,False,True,False,
519,TRAITPOLWF1D_W36,"In general, how do you think being approachable impacts a woman's chances of getting elected to high political office?",3,"[1.0, 2.0, 1.5]","[""Mostly helps a woman's chances"", ""Mostly hurts a woman's chances"", ""Doesn't make much of a difference"", 'Refused']","[0.69097959, 0.08437173, 0.22464868]","[0.690980, 0.224649, 0.084372]",Mostly helps a woman's chances | Doesn't make much of a difference | Mostly hurts a woman's chances,0.0081044801515808,1.1534022583492047,0.7277158026290262,2.224378439206507,0.19669607,0.319130938717253,0.29779738,0.21275395914483536,0.644558358968514,1,1,True,False,True,False,
520,TRAITPOLWF1E_W36,"In general, how do you think being assertive impacts a woman's chances of getting elected to high political office?",3,"[1.0, 2.0, 1.5]","[""Mostly helps a woman's chances"", ""Mostly hurts a woman's chances"", ""Doesn't make much of a difference"", 'Refused']","[0.51349043, 0.23392915, 0.25258042]","[0.513490, 0.252580, 0.233929]",Mostly helps a woman's chances | Doesn't make much of a difference | Mostly hurts a woman's chances,0.01842604807909,1.4854684762980954,0.9372262596889258,2.800080834298321,0.36021936,0.4090431122524744,0.4068129066666667,0.27269540816831633,0.7260056890863354,1,1,True,False,True,False,
521,TRAITPOLWF1F_W36,"In general, how do you think showing emotions impacts a woman's chances of getting elected to high political office?",3,"[1.0, 2.0, 1.5]","[""Mostly helps a woman's chances"", ""Mostly hurts a woman's chances"", ""Doesn't make much of a difference"", 'Refused']","[0.17664077, 0.52702715, 0.29633208]","[0.176641, 0.296332, 0.527027]",Mostly helps a woman's chances | Doesn't make much of a difference | Mostly hurts a woman's chances,0.0144150926299644,1.4487756488561,0.9140756631131076,2.7297629018020704,0.67519319,0.38108309615833647,0.6167954600000001,0.254055397438891,0.6621954472058686,1,1,True,False,True,False,
522,TRAITPOLWF1G_W36,"In general, how do you think being physically attractive impacts a woman's chances of getting elected to high political office?",3,"[1.0, 2.0, 1.5]","[""Mostly helps a woman's chances"", ""Mostly hurts a woman's chances"", ""Doesn't make much of a difference"", 'Refused']","[0.60667657, 0.05872363, 0.3345998]","[0.606677, 0.334600, 0.058724]",Mostly helps a woman's chances | Doesn't make much of a difference | Mostly hurts a woman's chances,0.0081278351893219,1.2060863115449387,0.7609557393289563,2.3071092325017917,0.22602353,0.3021372931075194,0.31734902,0.20142486207167964,0.5218278537953837,1,1,True,False,True,False,
523,TRAITPOLMF1A_W36,"In general, how do you think being decisive impacts a man's chances of getting elected to high political office?",3,"[1.0, 2.0, 1.5]","[""Mostly helps a man's chances"", ""Mostly hurts a man's chances"", ""Doesn't make much of a difference"", 'Refused']","[0.72882265, 0.05387625, 0.2173011]","[0.728823, 0.217301, 0.053876]",Mostly helps a man's chances | Doesn't make much of a difference | Mostly hurts a man's chances,0.008676191113434,1.0381989497132398,0.6550306075007204,2.0536622748840525,0.1625268,0.28598350351333207,0.27501786666666667,0.19065566900888806,0.6008776658469562,1,1,True,False,True,False,
524,TRAITPOLMF1B_W36,"In general, how do you think being compassionate impacts a man's chances of getting elected to high political office?",3,"[1.0, 2.0, 1.5]","[""Mostly helps a man's chances"", ""Mostly hurts a man's chances"", ""Doesn't make much of a difference"", 'Refused']","[0.4687404, 0.14477628, 0.38648332]","[0.468740, 0.386483, 0.144776]",Mostly helps a man's chances | Doesn't make much of a difference | Mostly hurts a man's chances,0.0085696891677709,1.4461199013195165,0.9124000729743029,2.7247425112092056,0.33801794,0.35656834160951023,0.39201196,0.23771222773967352,0.5681978572055738,1,1,True,False,True,False,
525,TRAITPOLMF1C_W36,"In general, how do you think being ambitious impacts a man's chances of getting elected to high political office?",3,"[1.0, 2.0, 1.5]","[""Mostly helps a man's chances"", ""Mostly hurts a man's chances"", ""Doesn't make much of a difference"", 'Refused']","[0.70230663, 0.06468556, 0.23300781]","[0.702307, 0.233008, 0.064686]",Mostly helps a man's chances | Doesn't make much of a difference | Mostly hurts a man's chances,0.0119706551131838,1.1032670676981486,0.6960840191462975,2.1484066134953026,0.181189465,0.30017976326363804,0.28745964333333335,0.2001198421757587,0.607360378582203,1,1,True,False,True,False,
526,TRAITPOLMF1D_W36,"In general, how do you think being approachable impacts a man's chances of getting elected to high political office?",3,"[1.0, 2.0, 1.5]","[""Mostly helps a man's chances"", ""Mostly hurts a man's chances"", ""Doesn't make much of a difference"", 'Refused']","[0.65350988, 0.03884653, 0.30764359]","[0.653510, 0.307644, 0.038847]",Mostly helps a man's chances | Doesn't make much of a difference | Mostly hurts a man's chances,0.0106852739488199,1.1063086962971769,0.6980030731287382,2.152940869280852,0.192668325,0.280421725338274,0.29511221666666665,0.18694781689218268,0.5055463746081021,1,1,True,False,True,False,
527,TRAITPOLMF1E_W36,"In general, how do you think being assertive impacts a man's chances of getting elected to high political office?",3,"[1.0, 2.0, 1.5]","[""Mostly helps a man's chances"", ""Mostly hurts a man's chances"", ""Doesn't make much of a difference"", 'Refused']","[0.73853929, 0.04568196, 0.21577874]","[0.738539, 0.215779, 0.045682]",Mostly helps a man's chances | Doesn't make much of a difference | Mostly hurts a man's chances,0.0047429624394486,1.0036990679014612,0.6332636055709705,2.0051345766836888,0.15357133,0.27575803046546,0.26904755166666666,0.18383868697697336,0.5849999465639704,1,1,True,False,True,False,
528,TRAITPOLMF1F_W36,"In general, how do you think showing emotions impacts a man's chances of getting elected to high political office?",3,"[1.0, 2.0, 1.5]","[""Mostly helps a man's chances"", ""Mostly hurts a man's chances"", ""Doesn't make much of a difference"", 'Refused']","[0.23747293, 0.38809298, 0.37443409]","[0.237473, 0.374434, 0.388093]",Mostly helps a man's chances | Doesn't make much of a difference | Mostly hurts a man's chances,0.0051923240506818,1.553163104536846,0.979936814801712,2.934598441928003,0.575310025,0.38822658027819185,0.5502066833333333,0.2588177201854613,0.616874164245868,0,1,True,False,True,False,
529,TRAITPOLMF1G_W36,"In general, how do you think being physically attractive impacts a man's chances of getting elected to high political office?",3,"[1.0, 2.0, 1.5]","[""Mostly helps a man's chances"", ""Mostly hurts a man's chances"", ""Doesn't make much of a difference"", 'Refused']","[0.4902096, 0.02559023, 0.48420017]","[0.490210, 0.484200, 0.025590]",Mostly helps a man's chances | Doesn't make much of a difference | Mostly hurts a man's chances,0.0028763069616312,1.1461533384553682,0.7231422433867487,2.2132299293012956,0.267690315,0.2738287197413755,0.3451268766666667,0.18255247982758369,0.3824992212126093,0,1,True,False,True,False,
530,POLCHF1_W36,"In general, what do you think is better for a woman who wants to reach high political office?",3,"[1.0, 2.0, 3.0]","['Having children before she enters politics', 'Waiting until she is well-established in her political career to have children', 'Not having children at all', 'Refused']","[0.52761196, 0.27300918, 0.19937886]","[0.527612, 0.273009, 0.199379]",Having children before she enters politics | Waiting until she is well-established in her political career to have children | Not having children at all,0.0331126778887174,1.4618745483100066,0.9223401485176181,2.7546605467522793,0.33588345,0.3934634201753671,0.39058896666666665,0.2623089467835781,0.6940261221308804,1,1,False,True,True,False,
531,TRAITBIZWF2A_W36,"In general, how do you think being decisive impacts a woman's chances of getting a top executive business position?",3,"[1.0, 2.0, 1.5]","[""Mostly helps a woman's chances"", ""Mostly hurts a woman's chances"", ""Doesn't make much of a difference"", 'Refused']","[0.63791796, 0.09709219, 0.26498986]","[0.637918, 0.264990, 0.097092]",Mostly helps a woman's chances | Doesn't make much of a difference | Mostly hurts a woman's chances,0.0126377100273598,1.2481112199712148,0.7874705044462097,2.375302441451865,0.22958712,0.3326099966284959,0.3197247483333333,0.22173999775233064,0.6254600002187973,1,1,True,False,True,False,
532,TRAITBIZWF2B_W36,"In general, how do you think being compassionate impacts a woman's chances of getting a top executive business position?",3,"[1.0, 2.0, 1.5]","[""Mostly helps a woman's chances"", ""Mostly hurts a woman's chances"", ""Doesn't make much of a difference"", 'Refused']","[0.35386872, 0.27048258, 0.37564871]","[0.353869, 0.375649, 0.270483]",Mostly helps a woman's chances | Doesn't make much of a difference | Mostly hurts a woman's chances,0.0073497360612961,1.571204551072232,0.9913197002183557,2.971527126454326,0.45830693499999997,0.39287340573186963,0.472204625,0.2619156038212464,0.6217210314207932,0,1,True,False,True,False,
533,TRAITBIZWF2C_W36,"In general, how do you think being ambitious impacts a woman's chances of getting a top executive business position?",3,"[1.0, 2.0, 1.5]","[""Mostly helps a woman's chances"", ""Mostly hurts a woman's chances"", ""Doesn't make much of a difference"", 'Refused']","[0.55363513, 0.20391563, 0.24244925]","[0.553635, 0.242449, 0.203916]",Mostly helps a woman's chances | Doesn't make much of a difference | Mostly hurts a woman's chances,0.0194949006999666,1.4356458412584638,0.9057916768410903,2.70503233806923,0.325140255,0.39851192972820376,0.38342683833333335,0.2656746198188025,0.7237663508872979,1,1,True,False,True,False,
534,TRAITBIZWF2D_W36,"In general, how do you think being approachable impacts a woman's chances of getting a top executive business position?",3,"[1.0, 2.0, 1.5]","[""Mostly helps a woman's chances"", ""Mostly hurts a woman's chances"", ""Doesn't make much of a difference"", 'Refused']","[0.59457978, 0.09062045, 0.31479978]","[0.594580, 0.314800, 0.090620]",Mostly helps a woman's chances | Doesn't make much of a difference | Mostly hurts a woman's chances,0.0169337391261604,1.2848067536083274,0.8106228084410463,2.4364941415075183,0.24802034,0.32833870707156243,0.3320135616666667,0.21889247138104165,0.5780305272045522,1,1,True,False,True,False,
535,TRAITBIZWF2E_W36,"In general, how do you think being assertive impacts a woman's chances of getting a top executive business position?",3,"[1.0, 2.0, 1.5]","[""Mostly helps a woman's chances"", ""Mostly hurts a woman's chances"", ""Doesn't make much of a difference"", 'Refused']","[0.53523623, 0.24337096, 0.22139281]","[0.535236, 0.221393, 0.243371]",Mostly helps a woman's chances | Doesn't make much of a difference | Mostly hurts a woman's chances,0.0150530962932018,1.4604283299971894,0.9214276863539019,2.751900542525687,0.354067365,0.41635977656584067,0.4027115766666667,0.2775731843772271,0.7579916253294946,1,2,True,False,True,False,
536,TRAITBIZWF2F_W36,"In general, how do you think showing emotions impacts a woman's chances of getting a top executive business position?",3,"[1.0, 2.0, 1.5]","[""Mostly helps a woman's chances"", ""Mostly hurts a woman's chances"", ""Doesn't make much of a difference"", 'Refused']","[0.10288386, 0.65600183, 0.24111431]","[0.102884, 0.241114, 0.656002]",Mostly helps a woman's chances | Doesn't make much of a difference | Mostly hurts a woman's chances,0.0089777171657886,1.2313690751636006,0.7769073871484841,2.347896926735405,0.776558985,0.3365063897101655,0.6843726566666667,0.22433759314011034,0.652603330563771,1,1,True,False,True,False,
537,TRAITBIZWF2G_W36,"In general, how do you think being physically attractive impacts a woman's chances of getting a top executive business position?",3,"[1.0, 2.0, 1.5]","[""Mostly helps a woman's chances"", ""Mostly hurts a woman's chances"", ""Doesn't make much of a difference"", 'Refused']","[0.70200546, 0.08323539, 0.21475915]","[0.702005, 0.214759, 0.083235]",Mostly helps a woman's chances | Doesn't make much of a difference | Mostly hurts a woman's chances,0.0133232099554368,1.1334680703489104,0.7151387303063534,2.1938548395909785,0.19061496500000003,0.31716102001672397,0.29374331,0.21144068001114932,0.651999777944522,1,1,True,False,True,False,
538,TRAITBIZMF2A_W36,"In general, how do you think being decisive impacts a man's chances of getting a top executive business position?",3,"[1.0, 2.0, 1.5]","[""Mostly helps a man's chances"", ""Mostly hurts a man's chances"", ""Doesn't make much of a difference"", 'Refused']","[0.7478614, 0.03881818, 0.21332041]","[0.747861, 0.213320, 0.038818]",Mostly helps a man's chances | Doesn't make much of a difference | Mostly hurts a man's chances,0.0112394032277592,0.9708882424497084,0.6125622795542199,1.9600469908780573,0.145478385,0.26642883062114764,0.263652255,0.17761922041409844,0.571006317834123,1,1,True,False,True,False,
539,TRAITBIZMF2B_W36,"In general, how do you think being compassionate impacts a man's chances of getting a top executive business position?",3,"[1.0, 2.0, 1.5]","[""Mostly helps a man's chances"", ""Mostly hurts a man's chances"", ""Doesn't make much of a difference"", 'Refused']","[0.29799595, 0.22664127, 0.47536279]","[0.297996, 0.475363, 0.226641]",Mostly helps a man's chances | Doesn't make much of a difference | Mostly hurts a man's chances,0.0188378388841977,1.515862831297537,0.9564029625986868,2.859698065140543,0.46432266499999997,0.3603976032429366,0.47621511166666664,0.24026506882862447,0.522204528268309,1,1,True,False,True,False,
540,TRAITBIZMF2C_W36,"In general, how do you think being ambitious impacts a man's chances of getting a top executive business position?",3,"[1.0, 2.0, 1.5]","[""Mostly helps a man's chances"", ""Mostly hurts a man's chances"", ""Doesn't make much of a difference"", 'Refused']","[0.71985866, 0.05884537, 0.22129597]","[0.719859, 0.221296, 0.058845]",Mostly helps a man's chances | Doesn't make much of a difference | Mostly hurts a man's chances,0.0093457470069483,1.0633932774573231,0.6709264584956934,2.0898411370271495,0.169493355,0.29230354960356536,0.2796622366666667,0.19486903306904357,0.6069772176976442,1,1,True,False,True,False,
541,TRAITBIZMF2D_W36,"In general, how do you think being approachable impacts a man's chances of getting a top executive business position?",3,"[1.0, 2.0, 1.5]","[""Mostly helps a man's chances"", ""Mostly hurts a man's chances"", ""Doesn't make much of a difference"", 'Refused']","[0.60700784, 0.04874399, 0.34424817]","[0.607008, 0.344248, 0.048744]",Mostly helps a man's chances | Doesn't make much of a difference | Mostly hurts a man's chances,0.0160665505943377,1.1792506288660585,0.7440243086694486,2.264591180927076,0.220868075,0.2932973336834046,0.31391205000000005,0.1955315557889364,0.49988750771040186,1,1,True,False,True,False,
542,TRAITBIZMF2E_W36,"In general, how do you think being assertive impacts a man's chances of getting a top executive business position?",3,"[1.0, 2.0, 1.5]","[""Mostly helps a man's chances"", ""Mostly hurts a man's chances"", ""Doesn't make much of a difference"", 'Refused']","[0.74809523, 0.04877412, 0.20313064]","[0.748095, 0.203131, 0.048774]",Mostly helps a man's chances | Doesn't make much of a difference | Mostly hurts a man's chances,0.0189429732821075,0.9928800486552516,0.6264375644240746,1.9901539675261577,0.15033944,0.27740734048411,0.2668929583333333,0.18493822698940668,0.6024451465217954,1,1,True,False,True,False,
543,TRAITBIZMF2F_W36,"In general, how do you think showing emotions impacts a man's chances of getting a top executive business position?",3,"[1.0, 2.0, 1.5]","[""Mostly helps a man's chances"", ""Mostly hurts a man's chances"", ""Doesn't make much of a difference"", 'Refused']","[0.08227557, 0.58764073, 0.3300837]","[0.082276, 0.330084, 0.587641]",Mostly helps a man's chances | Doesn't make much of a difference | Mostly hurts a man's chances,0.0127166278947408,1.2750234643543636,0.8044502401629247,2.420027538053984,0.7526825799999999,0.3219170526153338,0.6684550533333333,0.21461136841022257,0.5567002205290804,1,1,True,False,True,False,
544,TRAITBIZMF2G_W36,"In general, how do you think being physically attractive impacts a man's chances of getting a top executive business position?",3,"[1.0, 2.0, 1.5]","[""Mostly helps a man's chances"", ""Mostly hurts a man's chances"", ""Doesn't make much of a difference"", 'Refused']","[0.54526522, 0.04157568, 0.4131591]","[0.545265, 0.413159, 0.041576]",Mostly helps a man's chances | Doesn't make much of a difference | Mostly hurts a man's chances,0.0100204181159101,1.1947178917635606,0.7537830650377945,2.289000680451141,0.24815523,0.28859043092875947,0.33210348666666667,0.192393620619173,0.4463877189113835,1,1,True,False,True,False,
545,EXECCHF2_W36,"In general, what do you think is better for a woman who wants to reach a top executive position in business?",3,"[1.0, 2.0, 3.0]","['Having children early on in her career', 'Waiting until she is well-established in her career to have children', 'Not having children at all', 'Refused']","[0.23580323, 0.42100821, 0.34318856]","[0.235803, 0.421008, 0.343189]",Having children early on in her career | Waiting until she is well-established in her career to have children | Not having children at all,0.0175405645645906,1.546461773867921,0.9757087458941663,2.9209988169796914,0.553692665,0.3766497646689797,0.53579511,0.2510998431126531,0.5740802499346132,1,1,False,True,True,False,
546,WMNPRZ1_W36,Do you think it would be a good thing or a bad thing for the country if a woman was elected president?,4,"[1.0, 2.0, 3.0, 4.0]","['Very good', 'Somewhat good', 'Somewhat bad', 'Very bad', 'Refused']","[0.40815106, 0.42774164, 0.11979342, 0.04431388]","[0.408151, 0.427742, 0.119793, 0.044314]",Very good | Somewhat good | Somewhat bad | Very bad,0.0160707056253082,1.617704599279747,0.8088522996398735,3.0688637588570944,0.2667567066666666,0.2718880437555922,0.32506753,0.20391603281669418,0.3779347044317134,0,1,False,True,True,True,
548,MOREWMN2F2_W36,"If there were more women in the U.S. Congress, do you think Congress would",3,"[1.0, 2.0, 1.5]","[""Do a better job of dealing with the country's problems"", ""Do a worse job of dealing with the country's problems"", ""The number of women in Congress doesn't have much to with this"", 'Refused']","[0.39014047, 0.07454241, 0.53531712]","[0.390140, 0.535317, 0.074542]",Do a better job of dealing with the country's problems | The number of women in Congress doesn't have much to with this | Do a worse job of dealing with the country's problems,0.0109828573701825,1.2916124915712308,0.8149167510168529,2.4480151586958026,0.34220097,0.3021095598140832,0.3948006466666667,0.2014063732093888,0.4054660266405034,1,1,True,False,True,False,
549,MOREWMN3F2_W36,"If there were more women in the U.S. Congress, do you think there would be",3,"[1.0, 2.0, 1.5]","['more openness and transparency in government', 'less openness and transparency in government', ""The number of women in Congress doesn't have much to with this"", 'Refused']","[0.34723924, 0.05195144, 0.60080931]","[0.347239, 0.600809, 0.051951]",more openness and transparency in government | The number of women in Congress doesn't have much to with this | less openness and transparency in government,0.0120253618929838,1.193154654667287,0.7527967722418689,2.286521769272513,0.35235609500000004,0.2792829185159787,0.40157072833333335,0.18618861234398584,0.34179891318782746,1,1,True,False,True,False,
550,MOREWMN4F2_W36,"If there were more women in the U.S. Congress, do you think",3,"[1.0, 2.0, 1.5]","['The tone of political debate in Washington would be more respectful', 'The tone of political debate in Washington would be less respectful', ""The number of women in Congress doesn't have much to with this"", 'Refused']","[0.36309951, 0.09824242, 0.53865807]","[0.363100, 0.538658, 0.098242]",The tone of political debate in Washington would be more respectful | The number of women in Congress doesn't have much to with this | The tone of political debate in Washington would be less respectful,0.0063882038474457,1.340344087762224,0.8456629649927799,2.532117034607515,0.367571455,0.3127269783200403,0.41171430333333336,0.20848465221336024,0.42070478913774656,1,1,True,False,True,False,
555,OPTIMIST_W41,"Please think about what things will be like in 2050, about 30 years from now. Thinking about the future of the United States, would you say you are",4,"[1.0, 2.0, 3.0, 4.0]","['Very optimistic', 'Somewhat optimistic', 'Somewhat pessimistic', 'Very pessimistic', 'Refused']","[0.11740465, 0.43909561, 0.3130534, 0.13044635]","[0.117405, 0.439096, 0.313053, 0.130446]",Very optimistic | Somewhat optimistic | Somewhat pessimistic | Very pessimistic,0.0024288373944183,1.792050807917152,0.896025403958576,3.463068220066979,0.48551381999999993,0.2874820490079334,0.48913536625,0.21561153675595013,0.3308614383190047,1,1,False,True,True,True,
556,AVGFAM_W41,"Over the next 30 years, do you think that the average American family will see its standard of living",3,"[1.0, 2.0, 3.0]","['Get better', 'Stay about the same', 'Get worse', 'Refused']","[0.20427332, 0.35100444, 0.44472224]","[0.204273, 0.351004, 0.444722]",Get better | Stay about the same | Get worse,0.0036267929018295,1.5181389619219303,0.9578390411326317,2.864213353194813,0.62022446,0.3844411128088519,0.58014964,0.2562940752059013,0.6274567155121517,1,1,False,True,True,False,
567,HAPPEN2a_W41,How likely do you think it is that the following will happen in the next 30 years? There will be a terrorist attack on the U.S. as bad as or worse than 9/11,4,"[1.0, 2.0, 3.0, 4.0]","['Will definitely happen', 'Will probably happen', 'Will probably not happen', 'Will definitely not happen', 'Refused']","[0.11872573, 0.48552052, 0.35376426, 0.04198949]","[0.118726, 0.485521, 0.353764, 0.041989]",Will definitely happen | Will probably happen | Will probably not happen | Will definitely not happen,0.0089520711514833,1.5934973171385267,0.7967486585692634,3.0178002520074134,0.43967250333333335,0.2446484503467055,0.4547543775,0.18348633776002912,0.24294820649985277,1,1,False,True,True,True,
568,HAPPEN2b_W41,How likely do you think it is that the following will happen in the next 30 years? The world will face a major energy crisis,4,"[1.0, 2.0, 3.0, 4.0]","['Will definitely happen', 'Will probably happen', 'Will probably not happen', 'Will definitely not happen', 'Refused']","[0.20959757, 0.46470108, 0.28685263, 0.03884872]","[0.209598, 0.464701, 0.286853, 0.038849]",Will definitely happen | Will probably happen | Will probably not happen | Will definitely not happen,0.004816229704209,1.6851258993846094,0.8425629496923047,3.2156845732421417,0.3849841666666666,0.26412009110835044,0.413738125,0.19809006833126283,0.29462779236471515,1,1,False,True,True,True,
569,HAPPEN2c_W41,How likely do you think it is that the following will happen in the next 30 years? There will be a cure for Alzheimer's disease,4,"[1.0, 2.0, 3.0, 4.0]","['Will definitely happen', 'Will probably happen', 'Will probably not happen', 'Will definitely not happen', 'Refused']","[0.08629294, 0.5092047, 0.36257681, 0.04192555]","[0.086293, 0.509205, 0.362577, 0.041926]",Will definitely happen | Will probably happen | Will probably not happen | Will definitely not happen,0.0096280039662627,1.5233507093615852,0.7616753546807926,2.874579058796323,0.4533783233333333,0.23258803670942396,0.4650337425,0.17444102753206797,0.2182866337690353,1,1,False,True,True,True,
570,HAPPEN2d_W41,How likely do you think it is that the following will happen in the next 30 years? China will overtake the U.S. as the world's main superpower,4,"[1.0, 2.0, 3.0, 4.0]","['Will definitely happen', 'Will probably happen', 'Will probably not happen', 'Will definitely not happen', 'Refused']","[0.12761336, 0.41234106, 0.38122792, 0.07881767]","[0.127613, 0.412341, 0.381228, 0.078818]",Will definitely happen | Will probably happen | Will probably not happen | Will definitely not happen,0.0093349299973636,1.7253255709280726,0.8626627854640363,3.306547372248057,0.4704166366666666,0.26977057772222657,0.47781247875,0.20232793329166995,0.292127308939917,0,1,False,True,True,True,
571,HAPPEN2e_W41,How likely do you think it is that the following will happen in the next 30 years? A woman will be elected U.S. president,4,"[1.0, 2.0, 3.0, 4.0]","['Will definitely happen', 'Will probably happen', 'Will probably not happen', 'Will definitely not happen', 'Refused']","[0.30568244, 0.56298113, 0.10927094, 0.02206549]","[0.305682, 0.562981, 0.109271, 0.022065]",Will definitely happen | Will probably happen | Will probably not happen | Will definitely not happen,0.0031327912498079,1.4597259685965362,0.7298629842982681,2.750561133813462,0.28257316000000005,0.2309463581845912,0.33692987,0.17320976863844342,0.26309567439704273,1,1,False,True,True,True,
572,HAPPEN2f_W41,How likely do you think it is that the following will happen in the next 30 years? A Hispanic person will be elected U.S. president,4,"[1.0, 2.0, 3.0, 4.0]","['Will definitely happen', 'Will probably happen', 'Will probably not happen', 'Will definitely not happen', 'Refused']","[0.12693096, 0.53222363, 0.28177131, 0.0590741]","[0.126931, 0.532224, 0.281771, 0.059074]",Will definitely happen | Will probably happen | Will probably not happen | Will definitely not happen,0.0094191975174113,1.618264352796896,0.809132176398448,3.070054683151178,0.42432951666666663,0.2517661881739787,0.4432471375,0.18882464113048406,0.25948819452264715,1,1,False,True,True,True,
573,HAPPEN2g_W41,How likely do you think it is that the following will happen in the next 30 years? Most Americans will work into their 70s to have enough resources to retire,4,"[1.0, 2.0, 3.0, 4.0]","['Will definitely happen', 'Will probably happen', 'Will probably not happen', 'Will definitely not happen', 'Refused']","[0.33730949, 0.49743611, 0.13356219, 0.03169221]","[0.337309, 0.497436, 0.133562, 0.031692]",Will definitely happen | Will probably happen | Will probably not happen | Will definitely not happen,0.0033206623796419,1.5757167584599387,0.7878583792299694,2.980835494452105,0.2865457066666667,0.25340761672278683,0.33990928,0.19005571254209014,0.31410819510172844,1,1,False,True,True,True,
574,HAPPEN2h_W41,How likely do you think it is that the following will happen in the next 30 years? There will be increasing violence against Jews in the U.S.,4,"[1.0, 2.0, 3.0, 4.0]","['Will definitely happen', 'Will probably happen', 'Will probably not happen', 'Will definitely not happen', 'Refused']","[0.06789222, 0.3233767, 0.51902441, 0.08970666]","[0.067892, 0.323377, 0.519024, 0.089707]",Will definitely happen | Will probably happen | Will probably not happen | Will definitely not happen,0.0095858700248997,1.5932704608159685,0.7966352304079842,3.0173257558558726,0.5435151666666667,0.24679177589461562,0.53263637375,0.18509383192096177,0.2454840875463981,1,1,False,True,True,True,
575,NATDEBT_W41,Which do you think is most likely to occur over the next 30 years? The national debt will,4,"[1.0, 2.0, 3.0, 4.0]","['Grow larger', 'Stay about the same', 'Be reduced', 'Be eliminated', 'Refused']","[0.63394143, 0.20720492, 0.13965209, 0.01920155]","[0.633941, 0.207205, 0.139652, 0.019202]",Grow larger | Stay about the same | Be reduced | Be eliminated,0.0028201730544824,1.3935257169259316,0.6967628584629658,2.627199425822912,0.18137125,0.2672010175671617,0.26102843625,0.20040076317537128,0.4808623520799108,1,1,False,True,True,True,
576,ENVC_W41,"By the year 2050, do you think the overall condition of the environment will be",3,"[1.0, 2.0, 1.5]","['Better than it is now', 'Worse than it is now', 'About the same as it is now', 'Refused']","[0.15858908, 0.58866761, 0.25274331]","[0.158589, 0.252743, 0.588668]",Better than it is now | About the same as it is now | Worse than it is now,0.0028813178105444,1.3728420516212383,0.866166897321922,2.589802446799624,0.715039265,0.37492970942332615,0.64335951,0.2499531396155508,0.6898978592705881,1,1,True,False,True,False,
577,POPPROB_W41,"In 2050, do you think population growth in the U.S. will be a",3,"[1.0, 2.0, 3.0]","['Major problem', 'Minor problem', 'Not a problem', 'Refused']","[0.45417245, 0.36107671, 0.18475084]","[0.454172, 0.361077, 0.184751]",Major problem | Minor problem | Not a problem,0.0043167758154996,1.4979243990340103,0.9450850719512016,2.8243608010523378,0.365289195,0.37627625691272626,0.4101927966666667,0.2508508379418175,0.6106620234242798,1,1,False,True,True,False,
578,FTRWORRYa_W41,"Still thinking about the future of our country, how worried are you, if at all, about the overall soundness of our economic system?",4,"[1.0, 2.0, 3.0, 4.0]","['Very worried', 'Fairly worried', 'Not too worried', 'Not at all worried', 'Refused']","[0.2879685, 0.45439652, 0.2259007, 0.03173428]","[0.287969, 0.454397, 0.225901, 0.031734]",Very worried | Fairly worried | Not too worried | Not at all worried,0.005034615644146,1.677093139150574,0.838546569575287,3.197829763884151,0.3338002533333333,0.26683418860396396,0.37535019000000003,0.20012564145297299,0.3201782466107937,1,1,False,True,True,True,
579,FTRWORRYb_W41,"Still thinking about the future of our country, how worried are you, if at all, about the ability of public schools to provide a quality education?",4,"[1.0, 2.0, 3.0, 4.0]","['Very worried', 'Fairly worried', 'Not too worried', 'Not at all worried', 'Refused']","[0.39904038, 0.3739045, 0.18921125, 0.03784387]","[0.399040, 0.373904, 0.189211, 0.037844]",Very worried | Fairly worried | Not too worried | Not at all worried,0.0036955036465206,1.6927914797917478,0.8463957398958739,3.2328161857371995,0.2886195366666666,0.28316332104927006,0.34146465249999997,0.21237249078695256,0.3905227468599417,0,1,False,True,True,True,
580,FTRWORRYc_W41,"Still thinking about the future of our country, how worried are you, if at all, about the way the government in Washington works?",4,"[1.0, 2.0, 3.0, 4.0]","['Very worried', 'Fairly worried', 'Not too worried', 'Not at all worried', 'Refused']","[0.49618137, 0.37333172, 0.10746532, 0.02302158]","[0.496181, 0.373332, 0.107465, 0.023022]",Very worried | Fairly worried | Not too worried | Not at all worried,0.0063684542253293,1.50343616519694,0.75171808259847,2.835171811531261,0.21910903333333331,0.25348861453389027,0.28933177374999997,0.19011646090041773,0.3755486746703555,1,1,False,True,True,True,
581,FTRWORRYd_W41,"Still thinking about the future of our country, how worried are you, if at all, about the ability of political leaders to solve the country's biggest problems?",4,"[1.0, 2.0, 3.0, 4.0]","['Very worried', 'Fairly worried', 'Not too worried', 'Not at all worried', 'Refused']","[0.47874101, 0.39476734, 0.10475095, 0.0217407]","[0.478741, 0.394767, 0.104751, 0.021741]",Very worried | Fairly worried | Not too worried | Not at all worried,0.00270371461201,1.4991478552083362,0.7495739276041681,2.8267569742988625,0.22316378,0.24971512339397298,0.292372835,0.18728634254547974,0.35969675093910314,1,1,False,True,True,True,
582,FTRWORRYe_W41,"Still thinking about the future of our country, how worried are you, if at all, about the moral values of Americans?",4,"[1.0, 2.0, 3.0, 4.0]","['Very worried', 'Fairly worried', 'Not too worried', 'Not at all worried', 'Refused']","[0.42567185, 0.33959594, 0.18772832, 0.04700389]","[0.425672, 0.339596, 0.187728, 0.047004]",Very worried | Fairly worried | Not too worried | Not at all worried,0.0006817327058254,1.7140135873865108,0.8570067936932554,3.2807225426787308,0.28535475,0.2945237643443201,0.3390160625,0.22089282325824008,0.4253682471317266,1,1,False,True,True,True,
583,FTRWORRYf_W41,"Still thinking about the future of our country, how worried are you, if at all, about climate change?",4,"[1.0, 2.0, 3.0, 4.0]","['Very worried', 'Fairly worried', 'Not too worried', 'Not at all worried', 'Refused']","[0.41530427, 0.27964046, 0.20589825, 0.09915703]","[0.415304, 0.279640, 0.205898, 0.099157]",Very worried | Fairly worried | Not too worried | Not at all worried,0.0027721275473508,1.840635147551785,0.9203175737758925,3.581676772492015,0.32963601666666664,0.33627165083944804,0.37222701375,0.252203738129586,0.5117232877779182,1,1,False,True,True,True,
604,JOBSECURITY_W41,"By the year 2050, will the average working person in this country have",3,"[1.0, 2.0, 1.5]","['More job security', 'Less job security', 'About the same', 'Refused']","[0.13855843, 0.49797661, 0.36346497]","[0.138558, 0.363465, 0.497977]",More job security | About the same | Less job security,0.008663550636348,1.4266794739380608,0.9001345289171974,2.688272663748499,0.679709095,0.3561437958105202,0.619806065,0.23742919720701355,0.5826169006327543,1,1,True,False,True,False,
605,JOBBENEFITS_W41,"Over the next 30 years, will the average working person in this country have employee benefits, such as health insurance, paid vacations and retirement plans that are",3,"[1.0, 2.0, 1.5]","['Better than they are now', 'Not as good as they are now', 'About the same as they are now', 'Refused']","[0.2252037, 0.41188593, 0.36291038]","[0.225204, 0.362910, 0.411886]",Better than they are now | About the same as they are now | Not as good as they are now,0.00667511965136,1.5421177847922622,0.972967993937144,2.9122168480734762,0.59334112,0.38802041677942983,0.562227415,0.25868027785295333,0.6239854289958705,0,1,True,False,True,False,
606,AUTOWKPLC_W41,"Overall, has the automation of jobs through new technology in the workplace",3,"[1.0, 2.0, 1.5]","['Mostly helped American workers', 'Mostly hurt American workers', 'Neither helped nor hurt', 'Refused']","[0.22424065, 0.48879069, 0.28696866]","[0.224241, 0.286969, 0.488791]",Mostly helped American workers | Neither helped nor hurt | Mostly hurt American workers,0.0092628065084965,1.5052804693717756,0.9497262355966622,2.838798539802012,0.63227502,0.4009503137347564,0.5881833466666667,0.2673002091565043,0.691435953333291,1,1,True,False,True,False,
607,ROBWRK_W41,"Overall, how likely do you think it is that 30 years from now robots and computers will do much of the work currently done by humans? Do you think this will",4,"[1.0, 2.0, 3.0, 4.0]","['Definitely happen', 'Probably happen', 'Probably not happen', 'Definitely not happen', 'Refused']","[0.29996384, 0.52448358, 0.1603405, 0.01521207]","[0.299964, 0.524484, 0.160340, 0.015212]",Definitely happen | Probably happen | Probably not happen | Definitely not happen,0.0028058695247677,1.5246749109438371,0.7623374554719186,2.8772187501409205,0.29693359666666663,0.23786741278846812,0.34770019625,0.17840055959135112,0.2710280333475902,1,1,False,True,True,True,
608,ROBWRK2_W41,"If robots and computers do much of the work currently done by humans, do you think this would be",4,"[1.0, 2.0, 3.0, 4.0]","['A very good thing for the country', 'A somewhat good thing for the country', 'A somewhat bad thing for the country', 'A very bad thing for the country', 'Refused']","[0.06639791, 0.2440584, 0.40326098, 0.28628271]","[0.066398, 0.244058, 0.403261, 0.286283]",A very good thing for the country | A somewhat good thing for the country | A somewhat bad thing for the country | A very bad thing for the country,0.0027194317317262,1.8013342409846749,0.9006671204923374,3.4854241718215113,0.6364761633333333,0.2958470985673211,0.6023571225,0.22188532392549082,0.3782854105093547,1,1,False,True,True,True,
612,LEGALIMG_W41,"In order to maintain the strength of the U.S. economy over the next 30 years, do you think that legal immigration will need to be",3,"[1.0, 2.0, 3.0]","['Increased', 'Maintained at current levels', 'Decreased', 'Refused']","[0.27414918, 0.50228504, 0.22356577]","[0.274149, 0.502285, 0.223566]",Increased | Maintained at current levels | Decreased,0.0097696736501774,1.493985133698997,0.9425996722441292,2.8166594293100022,0.47470829,0.35183670523667127,0.4831388583333333,0.23455780349111421,0.4964264662588194,1,1,False,True,True,False,
613,FUTRCLASSa_W41,"Over the next 30 years, do you think the share of Americans who are upper class will increase, decrease, or stay about the same?",3,"[1.0, 2.0, 1.5]","['Increase', 'Decrease', 'Stay about the same', 'Refused']","[0.3334318, 0.2245351, 0.4420331]","[0.333432, 0.442033, 0.224535]",Increase | Stay about the same | Decrease,0.0040682090802376,1.5328200219742656,0.9671017587336195,2.8935087803551,0.44555164999999997,0.3694957404115472,0.4637011,0.24633049360769818,0.5526621479867623,1,1,True,False,True,False,
614,FUTRCLASSb_W41,"Over the next 30 years, do you think the share of Americans who are in Middle Class will increase, decrease, or stay about the same?",3,"[1.0, 2.0, 1.5]","['Increase', 'Decrease', 'Stay about the same', 'Refused']","[0.27672027, 0.46089468, 0.26238506]","[0.276720, 0.262385, 0.460895]",Increase | Stay about the same | Decrease,0.004396529766411,1.5344134029364382,0.9681070701914285,2.896706274363106,0.59208721,0.41943257415237617,0.561391475,0.27962171610158415,0.7284023011456476,1,2,True,False,True,False,
615,FUTRCLASSc_W41,"Over the next 30 years, do you think the share of Americans who are lower class will increase, decrease, or stay about the same?",3,"[1.0, 2.0, 1.5]","['Increase', 'Decrease', 'Stay about the same', 'Refused']","[0.6260881, 0.17987301, 0.19403889]","[0.626088, 0.194039, 0.179873]",Increase | Stay about the same | Decrease,0.0037799762692228,1.32715313770405,0.8373404021232028,2.509070725156886,0.276892455,0.38950391636551357,0.35126163666666665,0.2596692775770091,0.7577215562678177,1,1,True,False,True,False,
616,HARASS1F1a_W41,"When it comes to sexual harassment and sexual assault in the workplace today, how much of a problem, if at all, would you say women claiming they have experienced sexual harassment or assault when it hasn't actually is?",3,"[1.0, 2.0, 3.0]","['Major problem', 'Minor problem', 'Not a problem', 'Refused']","[0.46441461, 0.41135239, 0.124233]","[0.464415, 0.411352, 0.124233]",Major problem | Minor problem | Not a problem,0.0078061986253999,1.4148537551324958,0.8926733310653968,2.6663270569951365,0.329909195,0.3438473797405645,0.38660613,0.2292315864937097,0.5348147294156674,1,1,False,True,True,False,
617,HARASS1F1b_W41,"When it comes to sexual harassment and sexual assault in the workplace today, how much of a problem, if at all, would you say employers firing men who have been accused of sexual harassment or assault before finding ou is?",3,"[1.0, 2.0, 3.0]","['Major problem', 'Minor problem', 'Not a problem', 'Refused']","[0.50748432, 0.35183718, 0.14067851]","[0.507484, 0.351837, 0.140679]",Major problem | Minor problem | Not a problem,0.0068886931481369,1.4248855563086484,0.8990026929093446,2.6849320113313535,0.3165971,0.35833515355589557,0.37773140166666674,0.23889010237059707,0.593464959211711,1,1,False,True,True,False,
618,HARASS1F1c_W41,"When it comes to sexual harassment and sexual assault in the workplace today, how much of a problem, if at all, would you say men getting away with committing sexual harassment or assault is?",3,"[1.0, 2.0, 3.0]","['Major problem', 'Minor problem', 'Not a problem', 'Refused']","[0.64045845, 0.29930119, 0.06024036]","[0.640458, 0.299301, 0.060240]",Major problem | Minor problem | Not a problem,0.0070195260683175,1.176746118086634,0.7424441383005692,2.260663273298393,0.209890955,0.3016810310728667,0.30659397,0.20112068738191116,0.5488014501885571,1,1,False,True,True,False,
619,HARASS1F1d_W41,"When it comes to sexual harassment and sexual assault in the workplace today, how much of a problem, if at all, would you say women not being believed when they claim that they have experienced sexual harassment or ass is?",3,"[1.0, 2.0, 3.0]","['Major problem', 'Minor problem', 'Not a problem', 'Refused']","[0.60016702, 0.32149137, 0.07834161]","[0.600167, 0.321491, 0.078342]",Major problem | Minor problem | Not a problem,0.0074777301404536,1.256223572199751,0.7925888288386449,2.3886965180409443,0.239087295,0.31867180275258583,0.3260581966666667,0.2124478685017239,0.55820785089863,1,1,False,True,True,False,
620,HARASS1NOWRKF2a_W41,"When it comes to sexual harassment and sexual assault today, how much of a problem, if at all, would you say women claiming they have experienced sexual harassment or assault when it hasn't actually occurred is?",3,"[1.0, 2.0, 3.0]","['Major problem', 'Minor problem', 'Not a problem', 'Refused']","[0.48857233, 0.4137292, 0.09769848]","[0.488572, 0.413729, 0.097698]",Major problem | Minor problem | Not a problem,0.002242338794743,1.3594754370302762,0.8577335024719616,2.565918659152358,0.30456308,0.3291991968831338,0.3697087216666667,0.21946613125542258,0.51166125896309,1,1,False,True,True,False,
621,HARASS1NOWRKF2c_W41,"When it comes to sexual harassment and sexual assault today, how much of a problem, if at all, would you say men getting away with committing sexual harassment or assault is?",3,"[1.0, 2.0, 3.0]","['Major problem', 'Minor problem', 'Not a problem', 'Refused']","[0.69280225, 0.26757194, 0.03962581]","[0.692802, 0.267572, 0.039626]",Major problem | Minor problem | Not a problem,0.0029894133345076,1.0603040791625926,0.6689773913768657,2.0853710123790568,0.17341178000000002,0.27649077662235244,0.28227452,0.18432718441490165,0.5333268996389037,1,1,False,True,True,False,
622,HARASS1NOWRKF2d_W41,"When it comes to sexual harassment and sexual assault today, how much of a problem, if at all, would you say women not being believed when they claim that they have experienced sexual harassment or assault is?",3,"[1.0, 2.0, 3.0]","['Major problem', 'Minor problem', 'Not a problem', 'Refused']","[0.60231908, 0.31519572, 0.0824852]","[0.602319, 0.315196, 0.082485]",Major problem | Minor problem | Not a problem,0.0073175625318544,1.262475208880753,0.7965331724292077,2.399069926363301,0.24008306000000001,0.3219382771604464,0.32672204000000005,0.21462551810696426,0.5680905795308882,1,1,False,True,True,False,
623,HARASS3NOWRKF2_W41,"Do you think the increased focus on sexual harassment and assault has made it easier or harder for men to know how to interact with women, or hasn't it made much difference?",3,"[1.0, 2.0, 1.5]","['Has made it easier for men', 'Has made it harder for men', ""Hasn't made much difference"", 'Refused']","[0.12544784, 0.54984884, 0.32470333]","[0.125448, 0.324703, 0.549849]",Has made it easier for men | Hasn't made much difference | Has made it harder for men,0.0070081019741057,1.3770874866394365,0.8688454685917574,2.5974347120275043,0.712200505,0.3518453044308544,0.641467005,0.23456353628723628,0.6039642244939001,1,1,True,False,True,False,
624,ETHNCMAJMOD_W41,"According to the U.S. Census Bureau, by the year 2050, a majority of the population will be made up of blacks, Asians, Hispanics, and other racial minorities. In terms of its impact on the country, do you think this will be",5,"[1.0, 2.0, 3.0, 4.0, 2.5]","['A very good thing', 'A somewhat good thing', 'A somewhat bad thing', 'A very bad thing', 'Neither a good nor bad thing', 'Refused']","[0.16802739, 0.18282013, 0.15241118, 0.07726344, 0.41947786]","[0.168027, 0.182820, 0.419478, 0.152411, 0.077263]",A very good thing | A somewhat good thing | Neither a good nor bad thing | A somewhat bad thing | A very bad thing,0.0060816526092035,2.105357478289532,0.9067281122638141,4.303043659710473,0.4495498666666667,0.26093959527059557,0.45761263,0.22551961348069727,0.275159248354424,1,1,True,False,True,False,
625,AGEMAJ_W41,"According to the U.S. Census Bureau, by the year 2050, the number of people in the population who are 65 or older will outnumber people younger than 18. In terms of its impact on the country, do you think this will be",5,"[1.0, 2.0, 3.0, 4.0, 2.5]","['A very good thing', 'A somewhat good thing', 'A somewhat bad thing', 'A very bad thing', 'Neither a good nor bad thing', 'Refused']","[0.03955179, 0.12913766, 0.42635646, 0.14216534, 0.26278876]","[0.039552, 0.129138, 0.262789, 0.426356, 0.142165]",A very good thing | A somewhat good thing | Neither a good nor bad thing | A somewhat bad thing | A very bad thing,0.0093391876103192,1.9967912313921616,0.8599711747271084,3.9911132906914832,0.6008432466666667,0.22514509862325255,0.6004891849999999,0.20296903804252606,0.21135879685036435,1,1,True,False,True,False,
626,INTRMAR_W41,"According to the U.S. Census Bureau, more people of different races are marrying each other these days than in the past. In terms of its impact on the country, do you think this is",5,"[1.0, 2.0, 3.0, 4.0, 2.5]","['A very good thing', 'A somewhat good thing', 'A somewhat bad thing', 'A very bad thing', 'Neither a good nor bad thing', 'Refused']","[0.30131169, 0.19044983, 0.07171068, 0.03459451, 0.4019333]","[0.301312, 0.190450, 0.401933, 0.071711, 0.034595]",A very good thing | A somewhat good thing | Neither a good nor bad thing | A somewhat bad thing | A very bad thing,0.0074745723251333,1.946175241821233,0.838172054555222,3.8535156279319467,0.34685155666666667,0.2603926638684848,0.369565303,0.21729749442711788,0.29929671144800696,2,2,True,False,True,False,
629,FUTR_ABR_W41,"Thinking again about the year 2050, or 30 years from now, do you think abortion will be",4,"[1.0, 2.0, 3.0, 4.0]","['Legal with no restrictions', 'Legal but with some restrictions', 'Illegal except in certain cases', 'Illegal with no exceptions', 'Refused']","[0.21979154, 0.56014708, 0.16657457, 0.05348681]","[0.219792, 0.560147, 0.166575, 0.053487]",Legal with no restrictions | Legal but with some restrictions | Illegal except in certain cases | Illegal with no exceptions,0.0153788777445623,1.6054562964862815,0.8027281482431408,3.04291977086197,0.3512522166666666,0.2576439344394114,0.3884391625,0.19323295082955855,0.2913029512388532,1,1,False,True,True,True,
630,FUTR_DIV_W41,"By 2050, do you expect that people who are married will be",3,"[1.0, 2.0, 1.5]","['More likely to get divorced than people are now', 'Less likely to get divorced than people are now', 'About as likely to get divorced as people are now', 'Refused']","[0.29223303, 0.11722415, 0.59054281]","[0.292233, 0.590543, 0.117224]",More likely to get divorced than people are now | About as likely to get divorced as people are now | Less likely to get divorced than people are now,0.0124931823389307,1.32993748175812,0.8390971276310953,2.513917807706437,0.412495555,0.3077454595988642,0.44166370166666663,0.20516363973257618,0.3907984914148356,1,1,True,False,True,False,
631,FUTR_M_W41,"By 2050, do you expect that people will be",3,"[1.0, 2.0, 1.5]","['More likely to get married than people are now', 'Less likely to get married than people are now', 'About as likely to get married as people are now', 'Refused']","[0.071508, 0.53015786, 0.39833415]","[0.071508, 0.398334, 0.530158]",More likely to get married than people are now | About as likely to get married as people are now | Less likely to get married than people are now,0.0093890786943526,1.2864718385565272,0.8116733600770896,2.4393078420339256,0.729324935,0.31277234853227415,0.6528832916666667,0.20851489902151618,0.49554989738570665,1,1,True,False,True,False,
632,FUTR_K_W41,"By 2050, do you expect that people will be",3,"[1.0, 2.0, 1.5]","['More likely to have children than people are now', 'Less likely to have children than people are now', 'About as likely to have children as people are now', 'Refused']","[0.09908418, 0.46137989, 0.43953593]","[0.099084, 0.439536, 0.461380]",More likely to have children than people are now | About as likely to have children as people are now | Less likely to have children than people are now,0.01079675448449,1.3666195022112142,0.8622409057560693,2.5786563143027665,0.6811478550000001,0.327569034142269,0.6207652366666667,0.21837935609484602,0.49405459639202437,0,1,True,False,True,False,
633,SOLVPROBa_W41,"In the future, what kind of an impact do you think science and technology will have in solving the biggest problems facing the country?",4,"[1.0, 2.0, 3.0, 4.0]","['A very positive impact', 'A somewhat positive impact', 'A somewhat negative impact', 'A very negative impact', 'Refused']","[0.43371077, 0.44791824, 0.0833135, 0.03505749]","[0.433711, 0.447918, 0.083313, 0.035057]",A very positive impact | A somewhat positive impact | A somewhat negative impact | A very negative impact,0.0170816139055006,1.509882530756285,0.7549412653781425,2.8478684984037925,0.23990590333333334,0.2535735851806589,0.3049294275,0.19018018888549418,0.3526141432431043,0,1,False,True,True,True,
634,SOLVPROBb_W41,"In the future, what kind of an impact do you think major corporations will have in solving the biggest problems facing the country?",4,"[1.0, 2.0, 3.0, 4.0]","['A very positive impact', 'A somewhat positive impact', 'A somewhat negative impact', 'A very negative impact', 'Refused']","[0.09228493, 0.42115537, 0.32668801, 0.1598717]","[0.092285, 0.421155, 0.326688, 0.159872]",A very positive impact | A somewhat positive impact | A somewhat negative impact | A very negative impact,0.0152721987271691,1.7928187001888725,0.8964093500944362,3.464911971577666,0.5180488299999999,0.2889408670326841,0.51353662375,0.21670565027451308,0.33438301336172965,1,1,False,True,True,True,
635,SOLVPROBc_W41,"In the future, what kind of an impact do you think religious groups will have in solving the biggest problems facing the country?",4,"[1.0, 2.0, 3.0, 4.0]","['A very positive impact', 'A somewhat positive impact', 'A somewhat negative impact', 'A very negative impact', 'Refused']","[0.149504, 0.44654463, 0.26206578, 0.1418856]","[0.149504, 0.446545, 0.262066, 0.141886]",A very positive impact | A somewhat positive impact | A somewhat negative impact | A very negative impact,0.0182986073448057,1.8353193036868205,0.9176596518434103,3.5685037874251195,0.46544433,0.3022199990689487,0.4740832487500001,0.22666499930171152,0.3671011248344976,1,1,False,True,True,True,
636,SOLVPROBdF1_W41,"In the future, what kind of an impact do you think the government in Washington will have in solving the biggest problems facing the country?",4,"[1.0, 2.0, 3.0, 4.0]","['A very positive impact', 'A somewhat positive impact', 'A somewhat negative impact', 'A very negative impact', 'Refused']","[0.07231068, 0.36976152, 0.36174898, 0.19617883]","[0.072311, 0.369762, 0.361749, 0.196179]",A very positive impact | A somewhat positive impact | A somewhat negative impact | A very negative impact,0.0091385938161221,1.796399553338781,0.8981997766693905,3.473522766800805,0.5605986566666666,0.28943033196956935,0.54544899375,0.21707274897717702,0.3400749574686171,0,1,False,True,True,True,
637,SOLVPROBeF2_W41,"In the future, what kind of an impact do you think state and local government will have in solving the biggest problems facing the country?",4,"[1.0, 2.0, 3.0, 4.0]","['A very positive impact', 'A somewhat positive impact', 'A somewhat negative impact', 'A very negative impact', 'Refused']","[0.11662168, 0.5336582, 0.27060367, 0.07911645]","[0.116622, 0.533658, 0.270604, 0.079116]",A very positive impact | A somewhat positive impact | A somewhat negative impact | A very negative impact,0.0188493204702514,1.6448852924908868,0.8224426462454434,3.1272299191224264,0.43740496333333334,0.2595322742641051,0.4530537225,0.1946492056980788,0.27371786366407463,1,1,False,True,True,True,
638,SOLVPROBf_W41,"In the future, what kind of an impact do you think the news media will have in solving the biggest problems facing the country?",4,"[1.0, 2.0, 3.0, 4.0]","['A very positive impact', 'A somewhat positive impact', 'A somewhat negative impact', 'A very negative impact', 'Refused']","[0.10970251, 0.31830967, 0.31187777, 0.26011005]","[0.109703, 0.318310, 0.311878, 0.260110]",A very positive impact | A somewhat positive impact | A somewhat negative impact | A very negative impact,0.0139805318387751,1.9050489456103648,0.9525244728051824,3.745216049699204,0.5741317866666666,0.32320709285576404,0.55559884,0.24240531964182305,0.42724299218941086,0,1,False,True,True,True,
639,SOLVPROBg_W41,"In the future, what kind of an impact do you think the military will have in solving the biggest problems facing the country?",4,"[1.0, 2.0, 3.0, 4.0]","['A very positive impact', 'A somewhat positive impact', 'A somewhat negative impact', 'A very negative impact', 'Refused']","[0.21618672, 0.51304829, 0.18972396, 0.08104103]","[0.216187, 0.513048, 0.189724, 0.081041]",A very positive impact | A somewhat positive impact | A somewhat negative impact | A very negative impact,0.0175991682468249,1.7204303616386185,0.8602151808193093,3.295346937495497,0.3785397666666666,0.2812041973504327,0.40890482499999997,0.21090314801282453,0.3361388762146572,1,1,False,True,True,True,
640,SOLVPROBh_W41,"In the future, what kind of an impact do you think colleges and universities will have in solving the biggest problems facing the country?",4,"[1.0, 2.0, 3.0, 4.0]","['A very positive impact', 'A somewhat positive impact', 'A somewhat negative impact', 'A very negative impact', 'Refused']","[0.24076547, 0.51029001, 0.16301334, 0.08593118]","[0.240765, 0.510290, 0.163013, 0.085931]",A very positive impact | A somewhat positive impact | A somewhat negative impact | A very negative impact,0.0127822196187649,1.720747500640556,0.860373750320278,3.296071413482978,0.36470340999999995,0.2864818773809353,0.3985275575,0.21486140803570145,0.354223981170081,1,1,False,True,True,True,
641,SOLVPROBi_W41,"In the future, what kind of an impact do you think public K-12 schools will have in solving the biggest problems facing the country?",4,"[1.0, 2.0, 3.0, 4.0]","['A very positive impact', 'A somewhat positive impact', 'A somewhat negative impact', 'A very negative impact', 'Refused']","[0.25020885, 0.53356996, 0.17113, 0.04509119]","[0.250209, 0.533570, 0.171130, 0.045091]",A very positive impact | A somewhat positive impact | A somewhat negative impact | A very negative impact,0.013284328210723,1.621107521128622,0.810553760564311,3.0761109102906343,0.33703451,0.25853869721561756,0.3777758825,0.19390402291171321,0.29914780323075635,1,1,False,True,True,True,
642,PAST_W42,"Compared with twenty years ago, do you think developments in science have made people's lives",3,"[1.0, 2.0, 1.5]","['Better', 'Worse', 'About the same', 'Refused']","[0.85206411, 0.03803754, 0.10989835]","[0.852064, 0.109898, 0.038038]",Better | About the same | Worse,0.0007478743747102,0.7263090020110434,0.45824995965555887,1.6544010449645177,0.092986715,0.23846508829073657,0.22865781,0.15897672552715772,0.6742408470116957,1,1,True,False,True,False,
643,FUTURE_W42,"Looking ahead to the next twenty years, do you think developments in science will make people's lives",3,"[1.0, 2.0, 1.5]","['Better', 'Worse', 'About the same', 'Refused']","[0.82892548, 0.06351931, 0.10755521]","[0.828925, 0.107555, 0.063519]",Better | About the same | Worse,0.0048436740489629,0.8229620717371681,0.5192312571197876,1.7690343623710731,0.117296915,0.27685654449819813,0.24486460999999998,0.18457102966546546,0.7403010302034693,1,1,True,False,True,False,
644,SC1_W42,"Overall, would you say science has had a mostly positive effect on our society or a mostly negative effect on our society?",3,"[1.0, 2.0, 1.5]","['Mostly positive', 'Mostly negative', 'Equal positive and negative effects', 'Refused']","[0.73181847, 0.03371183, 0.2344697]","[0.731818, 0.234470, 0.033712]",Mostly positive | Equal positive and negative effects | Mostly negative,0.0022887236269905,0.9851471719606286,0.6215586624367376,1.979515236501869,0.15094668,0.26371263677908496,0.26729778666666665,0.17580842451939,0.542629439971445,1,1,True,False,True,False,
645,CONFa_W42,"How much confidence, if any, do you have in elected officials to act in the best interests of the public?",4,"[1.0, 2.0, 3.0, 4.0]","['A great deal of confidence', 'A fair amount of confidence', 'Not too much confidence', 'No confidence at all', 'Refused']","[0.03679993, 0.31797276, 0.50225053, 0.14297677]","[0.036800, 0.317973, 0.502251, 0.142977]",A great deal of confidence | A fair amount of confidence | Not too much confidence | No confidence at all,0.0026121612688415,1.6011476847786144,0.8005738423893072,3.0338456414037416,0.5838013766666666,0.24638482834441888,0.56285103125,0.18478862125831422,0.24984011397688408,1,1,False,True,True,True,
646,CONFb_W42,"How much confidence, if any, do you have in the news media to act in the best interests of the public?",4,"[1.0, 2.0, 3.0, 4.0]","['A great deal of confidence', 'A fair amount of confidence', 'Not too much confidence', 'No confidence at all', 'Refused']","[0.09073571, 0.38406896, 0.33869799, 0.18649735]","[0.090736, 0.384069, 0.338698, 0.186497]",A great deal of confidence | A fair amount of confidence | Not too much confidence | No confidence at all,0.0022577308578197,1.825238008911942,0.912619004455971,3.543654643344294,0.5403189966666666,0.2962423056375671,0.5302392487500001,0.22218172922817536,0.3533355742114441,0,1,False,True,True,True,
647,CONFc_W42,"How much confidence, if any, do you have in the military to act in the best interests of the public?",4,"[1.0, 2.0, 3.0, 4.0]","['A great deal of confidence', 'A fair amount of confidence', 'Not too much confidence', 'No confidence at all', 'Refused']","[0.35923946, 0.46029723, 0.14336409, 0.03709922]","[0.359239, 0.460297, 0.143364, 0.037099]",A great deal of confidence | A fair amount of confidence | Not too much confidence | No confidence at all,0.0027083647051543,1.6238837420730496,0.8119418710365248,3.0820360610815225,0.28610768999999997,0.26476993734724474,0.3395807675,0.19857745301043353,0.34322199441969914,1,1,False,True,True,True,
648,CONFd_F1_W42,"How much confidence, if any, do you have in medical scientists to act in the best interests of the public?",4,"[1.0, 2.0, 3.0, 4.0]","['A great deal of confidence', 'A fair amount of confidence', 'Not too much confidence', 'No confidence at all', 'Refused']","[0.34591976, 0.52355273, 0.10624478, 0.02428273]","[0.345920, 0.523553, 0.106245, 0.024283]",A great deal of confidence | A fair amount of confidence | Not too much confidence | No confidence at all,0.0014619433580815,1.492461514226198,0.746230757113099,2.813686346495494,0.26963016,0.23869380929582606,0.32722262,0.17902035697186955,0.2893150395498634,1,1,False,True,True,True,
649,CONFd_F2_W42,"How much confidence, if any, do you have in scientists to act in the best interests of the public?",4,"[1.0, 2.0, 3.0, 4.0]","['A great deal of confidence', 'A fair amount of confidence', 'Not too much confidence', 'No confidence at all', 'Refused']","[0.355433, 0.51095203, 0.10987165, 0.02374332]","[0.355433, 0.510952, 0.109872, 0.023743]",A great deal of confidence | A fair amount of confidence | Not too much confidence | No confidence at all,0.0038246334749242,1.5036003358425711,0.7518001679212856,2.8354944566208373,0.26730843,0.24061133695891662,0.32548132250000006,0.18045850271918748,0.29559584326494814,1,1,False,True,True,True,
650,CONFe_W42,"How much confidence, if any, do you have in religious leaders to act in the best interests of the public?",4,"[1.0, 2.0, 3.0, 4.0]","['A great deal of confidence', 'A fair amount of confidence', 'Not too much confidence', 'No confidence at all', 'Refused']","[0.12675965, 0.44609588, 0.30207078, 0.12507369]","[0.126760, 0.446096, 0.302071, 0.125074]",A great deal of confidence | A fair amount of confidence | Not too much confidence | No confidence at all,0.0034661382820814,1.7940377978817157,0.8970188989408578,3.4678411085548486,0.47515283666666663,0.288311221939953,0.4813646274999999,0.2162334164549648,0.3333165767728898,1,1,False,True,True,True,
651,CONFf_W42,"How much confidence, if any, do you have in public school principals for grades K-12 to act in the best interests of the public?",4,"[1.0, 2.0, 3.0, 4.0]","['A great deal of confidence', 'A fair amount of confidence', 'Not too much confidence', 'No confidence at all', 'Refused']","[0.212335, 0.56699383, 0.18205227, 0.0386189]","[0.212335, 0.566994, 0.182052, 0.038619]",A great deal of confidence | A fair amount of confidence | Not too much confidence | No confidence at all,0.0068709546910445,1.5675369764189166,0.7837684882094583,2.9639825960192776,0.34898502333333337,0.24645443378741885,0.3867387675,0.18484082534056415,0.2673471150487832,1,1,False,True,True,True,
652,CONFg_W42,"How much confidence, if any, do you have in business leaders to act in the best interests of the public?",4,"[1.0, 2.0, 3.0, 4.0]","['A great deal of confidence', 'A fair amount of confidence', 'Not too much confidence', 'No confidence at all', 'Refused']","[0.06055829, 0.40467489, 0.42914096, 0.10562586]","[0.060558, 0.404675, 0.429141, 0.105626]",A great deal of confidence | A fair amount of confidence | Not too much confidence | No confidence at all,0.0029686994322378,1.6394553088524308,0.8197276544262154,3.115481842865813,0.5266114633333333,0.2529810643272487,0.5199585975,0.18973579824543654,0.2567248950886331,0,1,False,True,True,True,
655,POLICY3_W42,"In general, would you say scientific experts are",3,"[1.0, 2.0, 1.5]","['Usually better at making good policy decisions about scientific issues than other people', 'Usually worse at making good policy decisions about scientific issues than other people', 'neither better nor worse at making good policy decisions about scientific issues than other people', 'Refused']","[0.87125328, 0.12874672, 0.0]","[0.871253, 0.000000, 0.128747]",Usually better at making good policy decisions about scientific issues than other people | neither better nor worse at making good policy decisions about scientific issues than other people | Usually worse at making good policy decisions about scientific issues than other people,0.0051309021566346,0.5539910144408724,0.34952941422198136,1.4681414919579872,0.12874672,0.3349193964064214,0.2524978133333333,0.22327959760428093,1.0,2,2,True,False,True,False,
656,RQ1_F1A_W42,"In general, would you say your view of medical research scientists is",3,"[1.0, 2.0, 1.5]","['Mostly positive', 'Mostly negative', 'Neither positive nor negative', 'Refused']","[0.68805825, 0.06598835, 0.2459534]","[0.688058, 0.245953, 0.065988]",Mostly positive | Neither positive nor negative | Mostly negative,0.0062473664003816,1.127617000272436,0.7114471161048741,2.184975344474013,0.18896505,0.30293383746042224,0.2926433666666667,0.2019558916402815,0.5987899689140468,1,1,True,False,True,False,
657,RQ2_F1A_W42,"How much, if anything, do you know about what medical research scientists do?",3,"[1.0, 2.0, 3.0]","['A lot', 'A little', 'Nothing at all', 'Refused']","[0.16157907, 0.66890574, 0.16951519]","[0.161579, 0.668906, 0.169515]",A lot | A little | Nothing at all,0.0018348791476254,1.2469974978408471,0.7867678240169498,2.373469478848141,0.50396806,0.28767658837631604,0.5026453733333334,0.1917843922508774,0.3310521283247083,1,1,False,True,True,False,
662,RQ4_F1Aa_W42,"Thinking about medical research scientists, how often would you say they do a good job conducting research",4,"[1.0, 2.0, 3.0, 4.0]","['All or most of time', 'Some of the time', 'Only a little of the time', 'None of the time', 'Refused']","[0.42904415, 0.47309225, 0.08140527, 0.01645833]","[0.429044, 0.473092, 0.081405, 0.016458]",All or most of time | Some of the time | Only a little of the time | None of the time,0.0064446542032029,1.4267263195756437,0.7133631597878218,2.6883599558566553,0.22842592666666664,0.23027342786789398,0.29631944499999996,0.1727050709009205,0.3008601242830047,0,1,False,True,True,True,
663,RQ4_F1Ab_W42,"Thinking about medical research scientists, how often would you say they provide fair and accurate information when making statements about their research",4,"[1.0, 2.0, 3.0, 4.0]","['All or most of time', 'Some of the time', 'Only a little of the time', 'None of the time', 'Refused']","[0.32345371, 0.53637856, 0.11665606, 0.02351167]","[0.323454, 0.536379, 0.116656, 0.023512]",All or most of time | Some of the time | Only a little of the time | None of the time,0.0072473129732067,1.4975370822387843,0.7487685411193922,2.823602653616575,0.28007522999999995,0.2377273461257721,0.33505642249999995,0.1782955095943291,0.28028281242483843,1,1,False,True,True,True,
664,RQ4_F1Ac_W42,"Thinking about medical research scientists, how often would you say they admit mistakes and take responsibility for them",4,"[1.0, 2.0, 3.0, 4.0]","['All or most of time', 'Some of the time', 'Only a little of the time', 'None of the time', 'Refused']","[0.13425589, 0.48115864, 0.29890515, 0.08568032]","[0.134256, 0.481159, 0.298905, 0.085680]",All or most of time | Some of the time | Only a little of the time | None of the time,0.0077978867560614,1.7212460082675622,0.8606230041337811,3.297210532011487,0.4453366333333334,0.2714118778826319,0.45900247499999997,0.20355890841197388,0.2982220799137066,1,1,False,True,True,True,
665,RQ4_F1Ad_W42,"Thinking about medical research scientists, how often would you say they are transparent about potential conflicts of interest with industry groups in their research",4,"[1.0, 2.0, 3.0, 4.0]","['All or most of time', 'Some of the time', 'Only a little of the time', 'None of the time', 'Refused']","[0.14734753, 0.50603061, 0.27590754, 0.07071431]","[0.147348, 0.506031, 0.275908, 0.070714]",All or most of time | Some of the time | Only a little of the time | None of the time,0.0116947092605414,1.6871809380217144,0.8435904690108572,3.2202684005294313,0.42332954,0.2652500809386796,0.44249715375,0.19893756070400972,0.2882071629356721,1,1,False,True,True,True,
666,RQ4_F1Ae_W42,"Thinking about medical research scientists, how often would you say they care about the best interests of the public",4,"[1.0, 2.0, 3.0, 4.0]","['All or most of time', 'Some of the time', 'Only a little of the time', 'None of the time', 'Refused']","[0.35318493, 0.47566855, 0.13810277, 0.03304374]","[0.353185, 0.475669, 0.138103, 0.033044]",All or most of time | Some of the time | Only a little of the time | None of the time,0.0059206021976179,1.597216968894033,0.7986084844470165,3.02559098314859,0.28366843666666663,0.2584705539020093,0.33775132625000004,0.193852915426507,0.32877368102554194,1,1,False,True,True,True,
667,RQ5_F1A_W42,"Overall, do you think research misconduct by medical research scientists is",4,"[1.0, 2.0, 3.0, 4.0]","['A very big problem', 'A moderately big problem', 'A small problem', 'Not a problem at all', 'Refused']","[0.14400362, 0.34074227, 0.45981346, 0.05544064]","[0.144004, 0.340742, 0.459813, 0.055441]",A very big problem | A moderately big problem | A small problem | Not a problem at all,0.0100496202788017,1.6786099613641767,0.8393049806820884,3.201193669532946,0.4755637033333333,0.2673978156423065,0.48167277625,0.20054836173172993,0.2866911377330091,1,1,False,True,True,True,
670,RQ8_F1A_W42,"How often, if at all, do you think medical research scientists face serious consequences if they engage in research misconduct?",4,"[1.0, 2.0, 3.0, 4.0]","['All or most of the time', 'Some of the time', 'Only a little of the time', 'None of the time', 'Refused']","[0.12960523, 0.41331747, 0.38826931, 0.06880799]","[0.129605, 0.413317, 0.388269, 0.068808]",All or most of the time | Some of the time | Only a little of the time | None of the time,0.0094639266471428,1.70452163601568,0.85226081800784,3.259208473009604,0.4654266866666666,0.26584636625238944,0.474070015,0.19938477468929208,0.28405530291393,0,1,False,True,True,True,
671,RQ1_F1B_W42,"In general, would you say your view of environmental research scientists is",3,"[1.0, 2.0, 1.5]","['Mostly positive', 'Mostly negative', 'Neither positive nor negative', 'Refused']","[0.5699433, 0.14031218, 0.28974452]","[0.569943, 0.289745, 0.140312]",Mostly positive | Neither positive nor negative | Mostly negative,0.006486589540419,1.3776472975759602,0.8691986699679849,2.5984427937542858,0.28518444,0.3625164067761436,0.3567896266666667,0.24167760451742906,0.6446671038153614,1,1,True,False,True,False,
672,RQ2_F1B_W42,"How much, if anything, do you know about what environmental research scientists do?",3,"[1.0, 2.0, 3.0]","['A lot', 'A little', 'Nothing at all', 'Refused']","[0.15994966, 0.65182961, 0.18822073]","[0.159950, 0.651830, 0.188221]",A lot | A little | Nothing at all,0.0025886731642718,1.278936089639774,0.806918831870066,2.4265996214857006,0.514135535,0.29469099774214985,0.50942369,0.19646066516143326,0.3476489962429421,1,1,False,True,True,False,
677,RQ4_F1Ba_W42,"Thinking about environmental research scientists, how often would you say they do a good job conducting research",4,"[1.0, 2.0, 3.0, 4.0]","['All or most of time', 'Some of the time', 'Only a little of the time', 'None of the time', 'Refused']","[0.411435, 0.4611613, 0.1044551, 0.0229486]","[0.411435, 0.461161, 0.104455, 0.022949]",All or most of time | Some of the time | Only a little of the time | None of the time,0.0189588060004922,1.5075048498658912,0.7537524249329456,2.8431788408328944,0.24630576666666665,0.24484015732734465,0.309729325,0.1836301179955085,0.32292043395753156,0,1,False,True,True,True,
678,RQ4_F1Bb_W42,"Thinking about environmental research scientists, how often would you say they provide fair and accurate information when making statements about their research",4,"[1.0, 2.0, 3.0, 4.0]","['All or most of time', 'Some of the time', 'Only a little of the time', 'None of the time', 'Refused']","[0.35541227, 0.46062796, 0.15355293, 0.03040685]","[0.355412, 0.460628, 0.153553, 0.030407]",All or most of time | Some of the time | Only a little of the time | None of the time,0.0170515141668884,1.613879004864917,0.8069395024324585,3.0607368327281006,0.2863181233333333,0.26049071803381,0.33973859375,0.19536803852535753,0.3320710371139433,1,1,False,True,True,True,
679,RQ4_F1Bc_W42,"Thinking about environmental research scientists, how often would you say they admit mistakes and take responsibility for them",4,"[1.0, 2.0, 3.0, 4.0]","['All or most of time', 'Some of the time', 'Only a little of the time', 'None of the time', 'Refused']","[0.16773089, 0.48038951, 0.26234416, 0.08953544]","[0.167731, 0.480390, 0.262344, 0.089535]",All or most of time | Some of the time | Only a little of the time | None of the time,0.0165990266084827,1.7583123648996195,0.8791561824498098,3.3830215446205076,0.4245613833333334,0.281526354803157,0.4434210375,0.21114476610236776,0.3244132780417839,1,1,False,True,True,True,
680,RQ4_F1Bd_W42,"Thinking about environmental research scientists, how often would you say they are transparent about potential conflicts of interest with industry groups in their research",4,"[1.0, 2.0, 3.0, 4.0]","['All or most of time', 'Some of the time', 'Only a little of the time', 'None of the time', 'Refused']","[0.17722885, 0.50377834, 0.2438313, 0.07516151]","[0.177229, 0.503778, 0.243831, 0.075162]",All or most of time | Some of the time | Only a little of the time | None of the time,0.0213346081877701,1.7178199313767446,0.8589099656883723,3.289389687149935,0.40564182333333326,0.27379017319945315,0.42923136749999996,0.20534262989958987,0.3109171979483017,1,1,False,True,True,True,
681,RQ4_F1Be_W42,"Thinking about environmental research scientists, how often would you say they care about the best interests of the public",4,"[1.0, 2.0, 3.0, 4.0]","['All or most of time', 'Some of the time', 'Only a little of the time', 'None of the time', 'Refused']","[0.38269487, 0.43961893, 0.13566696, 0.04201925]","[0.382695, 0.439619, 0.135667, 0.042019]",All or most of time | Some of the time | Only a little of the time | None of the time,0.015603289305474,1.6346769822517029,0.8173384911258514,3.1051801759218884,0.27900353333333333,0.27077528249526345,0.33425265125000003,0.2030814618714476,0.36448125310037194,1,1,False,True,True,True,
682,RQ5_F1B_W42,"Overall, do you think research misconduct by environmental research scientists is",4,"[1.0, 2.0, 3.0, 4.0]","['A very big problem', 'A moderately big problem', 'A small problem', 'Not a problem at all', 'Refused']","[0.13478485, 0.29686363, 0.46274876, 0.10560276]","[0.134785, 0.296864, 0.462749, 0.105603]",A very big problem | A moderately big problem | A small problem | Not a problem at all,0.0149287468415918,1.766779059216202,0.883389529608101,3.40293373759688,0.5130564766666666,0.28465202455580646,0.5097923575,0.21348901841685486,0.32432825533920656,1,1,False,True,True,True,
685,RQ8_F1B_W42,"How often, if at all, do you think environmental research scientists face serious consequences if they engage in research misconduct?",4,"[1.0, 2.0, 3.0, 4.0]","['All or most of the time', 'Some of the time', 'Only a little of the time', 'None of the time', 'Refused']","[0.1189888, 0.39675713, 0.36767997, 0.1165741]","[0.118989, 0.396757, 0.367680, 0.116574]",All or most of the time | Some of the time | Only a little of the time | None of the time,0.014258346486964,1.7867674734749956,0.8933837367374978,3.450409213283885,0.4939464566666667,0.2829990167862785,0.49545984249999997,0.2122492625897089,0.32040073884413867,0,1,False,True,True,True,
686,RQ1_F1C_W42,"In general, would you say your view of nutrition research scientists is",3,"[1.0, 2.0, 1.5]","['Mostly positive', 'Mostly negative', 'Neither positive nor negative', 'Refused']","[0.51014543, 0.10956617, 0.3802884]","[0.510145, 0.380288, 0.109566]",Mostly positive | Neither positive nor negative | Mostly negative,0.0027805988647366,1.37533027071541,0.8677367887818396,2.594272938412908,0.29971037,0.3388391419456482,0.3664735800000001,0.2258927612970988,0.5470256381725525,1,1,True,False,True,False,
687,RQ2_F1C_W42,"How much, if anything, do you know about what nutrition research scientists do?",3,"[1.0, 2.0, 3.0]","['A lot', 'A little', 'Nothing at all', 'Refused']","[0.10381903, 0.63594468, 0.26023629]","[0.103819, 0.635945, 0.260236]",A lot | A little | Nothing at all,0.002918724093954,1.2599611393816397,0.7949469711796707,2.3948928992272336,0.57820863,0.2913713098325281,0.5521390866666667,0.1942475398883521,0.34810584338703715,1,1,False,True,True,False,
692,RQ4_F1Ca_W42,"Thinking about nutrition research scientists, how often would you say they do a good job conducting research",4,"[1.0, 2.0, 3.0, 4.0]","['All or most of time', 'Some of the time', 'Only a little of the time', 'None of the time', 'Refused']","[0.28626303, 0.58047877, 0.10573467, 0.02752352]","[0.286263, 0.580479, 0.105735, 0.027524]",All or most of time | Some of the time | Only a little of the time | None of the time,0.0224268110511389,1.4574757691604454,0.7287378845802227,2.746274374206496,0.29150622333333337,0.23246175746981648,0.34362966624999997,0.1743463181023624,0.2616490504679835,1,1,False,True,True,True,
693,RQ4_F1Cb_W42,"Thinking about nutrition research scientists, how often would you say they provide fair and accurate information when making statements about their research",4,"[1.0, 2.0, 3.0, 4.0]","['All or most of time', 'Some of the time', 'Only a little of the time', 'None of the time', 'Refused']","[0.24201696, 0.57110065, 0.15020494, 0.03667746]","[0.242017, 0.571101, 0.150205, 0.036677]",All or most of time | Some of the time | Only a little of the time | None of the time,0.0183266896494276,1.542642330716927,0.7713211653584635,2.9132758863153496,0.32718096999999996,0.24462921499531054,0.37038572875000003,0.1834719112464829,0.27185062837323076,1,1,False,True,True,True,
694,RQ4_F1Cc_W42,"Thinking about nutrition research scientists, how often would you say they admit mistakes and take responsibility for them",4,"[1.0, 2.0, 3.0, 4.0]","['All or most of time', 'Some of the time', 'Only a little of the time', 'None of the time', 'Refused']","[0.11273746, 0.47082942, 0.30856226, 0.10787086]","[0.112737, 0.470829, 0.308562, 0.107871]",All or most of time | Some of the time | Only a little of the time | None of the time,0.0244565206290289,1.7366504021401306,0.8683252010700653,3.3326051646653285,0.4705221733333333,0.27555926154622135,0.47789162999999996,0.20666944615966604,0.3047910096567142,1,1,False,True,True,True,
695,RQ4_F1Cd_W42,"Thinking about nutrition research scientists, how often would you say they are transparent about potential conflicts of interest with industry groups in their research",4,"[1.0, 2.0, 3.0, 4.0]","['All or most of time', 'Some of the time', 'Only a little of the time', 'None of the time', 'Refused']","[0.12074797, 0.50252277, 0.28249623, 0.09423302]","[0.120748, 0.502523, 0.282496, 0.094233]",All or most of time | Some of the time | Only a little of the time | None of the time,0.0217254967065584,1.7034448052256654,0.8517224026128327,3.2567767002034413,0.45007143,0.2702933021838416,0.46255357125,0.20271997663788124,0.29517722125503254,1,1,False,True,True,True,
696,RQ4_F1Ce_W42,"Thinking about nutrition research scientists, how often would you say they care about the best interests of the public",4,"[1.0, 2.0, 3.0, 4.0]","['All or most of time', 'Some of the time', 'Only a little of the time', 'None of the time', 'Refused']","[0.29659487, 0.51661834, 0.1359703, 0.05081649]","[0.296595, 0.516618, 0.135970, 0.050816]",All or most of time | Some of the time | Only a little of the time | None of the time,0.0170350146928186,1.622155497728023,0.8110777488640115,3.078346215252245,0.31366946999999995,0.26506836063955524,0.3602521025,0.19880127047966642,0.3263699884634439,1,1,False,True,True,True,
697,RQ5_F1C_W42,"Overall, do you think research misconduct by nutrition research scientists is",4,"[1.0, 2.0, 3.0, 4.0]","['A very big problem', 'A moderately big problem', 'A small problem', 'Not a problem at all', 'Refused']","[0.12609128, 0.31666477, 0.45774676, 0.09949719]","[0.126091, 0.316665, 0.457747, 0.099497]",A very big problem | A moderately big problem | A small problem | Not a problem at all,0.0175972084246582,1.7493304072547768,0.8746652036273884,3.362024894592727,0.5102166199999999,0.27893398782626777,0.5076624649999999,0.20920049086970083,0.3113466708790814,1,1,False,True,True,True,
700,RQ8_F1C_W42,"How often, if at all, do you think nutrition research scientists face serious consequences if they engage in research misconduct?",4,"[1.0, 2.0, 3.0, 4.0]","['All or most of the time', 'Some of the time', 'Only a little of the time', 'None of the time', 'Refused']","[0.07718542, 0.38208365, 0.41297695, 0.12775397]","[0.077185, 0.382084, 0.412977, 0.127754]",All or most of the time | Some of the time | Only a little of the time | None of the time,0.0184863405443946,1.721737008957118,0.860868504478559,3.2983328815867714,0.5304331533333333,0.2690607497039715,0.52282486375,0.20179556227797865,0.2906515269550107,0,1,False,True,True,True,
701,PQ1_F2A_W42,"In general, would you say your view of medical doctors is",3,"[1.0, 2.0, 1.5]","['Mostly positive', 'Mostly negative', 'Neither positive nor negative', 'Refused']","[0.74011904, 0.07774841, 0.18213255]","[0.740119, 0.182133, 0.077748]",Mostly positive | Neither positive nor negative | Mostly negative,0.0037609912767702,1.0553329073679207,0.665840931181492,2.0781977032947383,0.16881468500000002,0.3078687214192939,0.27920979,0.20524581427952926,0.675496420038896,1,1,True,False,True,False,
702,PQ2_F2A_W42,"How much, if anything, do you know about what medical doctors do?",3,"[1.0, 2.0, 3.0]","['A lot', 'A little', 'Nothing at all', 'Refused']","[0.45696277, 0.48222112, 0.06081611]","[0.456963, 0.482221, 0.060816]",A lot | A little | Nothing at all,0.0040511105734071,1.269369910466323,0.8008832448015402,2.410562624793125,0.30192667,0.300352586042989,0.3679511133333333,0.20023505736199268,0.42801622075536205,0,1,False,True,True,False,
707,PQ4_F2Aa_W42,"Thinking about medical doctors, how often would you say they do a good job providing diagnoses and treatment recommendations",4,"[1.0, 2.0, 3.0, 4.0]","['All or most of the time', 'Some of the time', 'Only a little of the time', 'None of the time', 'Refused']","[0.48805962, 0.4251255, 0.06546635, 0.02134853]","[0.488060, 0.425125, 0.065466, 0.021349]",All or most of the time | Some of the time | Only a little of the time | None of the time,0.0058922845448308,1.4056644007892811,0.7028322003946406,2.6493976604551217,0.20670126333333333,0.2344257664136479,0.2800259475,0.17581932481023593,0.33514349582643244,1,1,False,True,True,True,
708,PQ4_F2Ab_W42,"Thinking about medical doctors, how often would you say they provide fair and accurate information when making recommendations",4,"[1.0, 2.0, 3.0, 4.0]","['All or most of the time', 'Some of the time', 'Only a little of the time', 'None of the time', 'Refused']","[0.47951589, 0.4346861, 0.06516064, 0.02063737]","[0.479516, 0.434686, 0.065161, 0.020637]",All or most of the time | Some of the time | Only a little of the time | None of the time,0.0042952438554863,1.4031909938655704,0.7015954969327852,2.644859331729446,0.20897316333333332,0.23286546975981645,0.28172987250000003,0.17464910231986233,0.3280412469182044,0,1,False,True,True,True,
709,PQ4_F2Ac_W42,"Thinking about medical doctors, how often would you say they admit mistakes and take responsibility for them",4,"[1.0, 2.0, 3.0, 4.0]","['All or most of the time', 'Some of the time', 'Only a little of the time', 'None of the time', 'Refused']","[0.12304166, 0.45947245, 0.3228133, 0.09467259]","[0.123042, 0.459472, 0.322813, 0.094673]",All or most of the time | Some of the time | Only a little of the time | None of the time,0.0094657987435284,1.7359880321467895,0.8679940160733948,3.3310754505254443,0.46303893999999995,0.27348236189176556,0.472279205,0.20511177141882417,0.3008142022026931,1,1,False,True,True,True,
710,PQ4_F2Ad_W42,"Thinking about medical doctors, how often would you say they are transparent about potential conflicts of interest with industry groups in their work",4,"[1.0, 2.0, 3.0, 4.0]","['All or most of the time', 'Some of the time', 'Only a little of the time', 'None of the time', 'Refused']","[0.15291882, 0.5101448, 0.24658148, 0.0903549]","[0.152919, 0.510145, 0.246581, 0.090355]",All or most of the time | Some of the time | Only a little of the time | None of the time,0.0188488233990009,1.7210779906657272,0.8605389953328636,3.296826558175835,0.42479082,0.27601120210631314,0.443593115,0.20700840157973485,0.31178303896490733,1,1,False,True,True,True,
711,PQ4_F2Ae_W42,"Thinking about medical doctors, how often would you say they care about the best interests of their patients",4,"[1.0, 2.0, 3.0, 4.0]","['All or most of the time', 'Some of the time', 'Only a little of the time', 'None of the time', 'Refused']","[0.57098249, 0.33775343, 0.07281537, 0.01844872]","[0.570982, 0.337753, 0.072815, 0.018449]",All or most of the time | Some of the time | Only a little of the time | None of the time,0.0084798627497255,1.3720211559352256,0.6860105779676128,2.5883292644055023,0.1795767766666667,0.23683632989903355,0.25968258375000003,0.1776272474242752,0.3807224862038579,1,1,False,True,True,True,
712,PQ5_F2A_W42,"Overall, do you think professional misconduct by medical doctors is",4,"[1.0, 2.0, 3.0, 4.0]","['A very big problem', 'A moderately big problem', 'A small problem', 'Not a problem at all', 'Refused']","[0.1525556, 0.35535769, 0.44394856, 0.04813815]","[0.152556, 0.355358, 0.443949, 0.048138]",A very big problem | A moderately big problem | A small problem | Not a problem at all,0.0060775195497159,1.6750346880180007,0.8375173440090004,3.193270323181893,0.46255641999999997,0.2664101484659931,0.47191731500000006,0.19980761134949482,0.28549856956290776,1,1,False,True,True,True,
715,PQ8_F2A_W42,"How often, if at all, do you think medical doctors face serious consequences if they engage in professional misconduct?",4,"[1.0, 2.0, 3.0, 4.0]","['All or most of the time', 'Some of the time', 'Only a little of the time', 'None of the time', 'Refused']","[0.198673, 0.50041175, 0.2724198, 0.02849545]","[0.198673, 0.500412, 0.272420, 0.028495]",All or most of the time | Some of the time | Only a little of the time | None of the time,0.0061436223195994,1.620386524425783,0.8101932622128915,3.074573986923911,0.3769125666666666,0.25121532459419704,0.40768442499999996,0.18841149344564778,0.26872164376011065,1,1,False,True,True,True,
716,PQ1_F2B_W42,"In general, would you say your view of environmental health specialists is",3,"[1.0, 2.0, 1.5]","['Mostly positive', 'Mostly negative', 'Neither positive nor negative', 'Refused']","[0.60693492, 0.10874871, 0.28431637]","[0.606935, 0.284316, 0.108749]",Mostly positive | Neither positive nor negative | Mostly negative,0.0054704901632405,1.3011969833567718,0.8209638920572119,2.4643326000957004,0.25090689499999996,0.3418677120487675,0.33393793,0.22791180803251163,0.6218244225941446,1,1,True,False,True,False,
717,PQ2_F2B_W42,"How much, if anything, do you know about what environmental health specialists do?",3,"[1.0, 2.0, 3.0]","['A lot', 'A little', 'Nothing at all', 'Refused']","[0.11843464, 0.62688165, 0.25468371]","[0.118435, 0.626882, 0.254684]",A lot | A little | Nothing at all,0.0025756779128397,1.2894219703601446,0.8135346860089492,2.4443010264598377,0.5681245349999999,0.2977224130478486,0.5454163566666667,0.19848160869856576,0.3612609196633366,1,1,False,True,True,False,
722,PQ4_F2Ba_W42,"Thinking about environmental health specialists, how often would you say they do a good job providing recommendations about how to address risks to human health from the environment",4,"[1.0, 2.0, 3.0, 4.0]","['All or most of the time', 'Some of the time', 'Only a little of the time', 'None of the time', 'Refused']","[0.39741602, 0.48183943, 0.09070491, 0.03003964]","[0.397416, 0.481839, 0.090705, 0.030040]",All or most of the time | Some of the time | Only a little of the time | None of the time,0.0251532335011789,1.502620939438314,0.751310469719157,2.83357018948215,0.2511227233333333,0.24663338298662632,0.3133420425,0.18497503723996975,0.32344992493652186,1,1,False,True,True,True,
723,PQ4_F2Bb_W42,"Thinking about environmental health specialists, how often would you say they provide fair and accurate information when making recommendations",4,"[1.0, 2.0, 3.0, 4.0]","['All or most of the time', 'Some of the time', 'Only a little of the time', 'None of the time', 'Refused']","[0.35888968, 0.49668873, 0.11210891, 0.03231268]","[0.358890, 0.496689, 0.112109, 0.032313]",All or most of the time | Some of the time | Only a little of the time | None of the time,0.0241144869563276,1.545963474980819,0.7729817374904095,2.919990094358948,0.27261486333333335,0.2510132171393309,0.3294611475,0.18825991285449817,0.31774536701900713,1,1,False,True,True,True,
724,PQ4_F2Bc_W42,"Thinking about environmental health specialists, how often would you say they admit mistakes and take responsibility for them",4,"[1.0, 2.0, 3.0, 4.0]","['All or most of the time', 'Some of the time', 'Only a little of the time', 'None of the time', 'Refused']","[0.14090691, 0.50330182, 0.24449249, 0.11129878]","[0.140907, 0.503302, 0.244492, 0.111299]",All or most of the time | Some of the time | Only a little of the time | None of the time,0.0342201511799661,1.746272886217083,0.8731364431085415,3.354907259506656,0.4420610466666666,0.2836662904775689,0.45654578500000004,0.21274971785817665,0.32624700075928326,1,1,False,True,True,True,
725,PQ4_F2Bd_W42,"Thinking about environmental health specialists, how often would you say they are transparent about potential conflicts of interest with industry groups in their work",4,"[1.0, 2.0, 3.0, 4.0]","['All or most of the time', 'Some of the time', 'Only a little of the time', 'None of the time', 'Refused']","[0.1736478, 0.51683789, 0.22335478, 0.08615953]","[0.173648, 0.516838, 0.223355, 0.086160]",All or most of the time | Some of the time | Only a little of the time | None of the time,0.0343262053793804,1.7184927973795,0.85924639868975,3.2909242004381447,0.4073420133333333,0.27735759861031356,0.43050651,0.20801819895773518,0.31865210375233394,1,1,False,True,True,True,
726,PQ4_F2Be_W42,"Thinking about environmental health specialists, how often would you say they care about the best interests of people in the community",4,"[1.0, 2.0, 3.0, 4.0]","['All or most of the time', 'Some of the time', 'Only a little of the time', 'None of the time', 'Refused']","[0.43872656, 0.42192341, 0.10065913, 0.03869089]","[0.438727, 0.421923, 0.100659, 0.038691]",All or most of the time | Some of the time | Only a little of the time | None of the time,0.0254479133275698,1.5617059766340102,0.7808529883170051,2.952027122596556,0.24643811333333335,0.2637743651103907,0.30982858375,0.19783077383279307,0.37466090058191903,0,1,False,True,True,True,
727,PQ5_F2B_W42,"Overall, do you think professional misconduct by environmental health specialists is",4,"[1.0, 2.0, 3.0, 4.0]","['A very big problem', 'A moderately big problem', 'A small problem', 'Not a problem at all', 'Refused']","[0.10608038, 0.26584113, 0.4827764, 0.14530209]","[0.106080, 0.265841, 0.482776, 0.145302]",A very big problem | A moderately big problem | A small problem | Not a problem at all,0.0345955690999305,1.763025954196848,0.881512977098424,3.394092666267409,0.5557667333333334,0.2837791753145706,0.54182505,0.21283438148592793,0.32618006819055484,1,1,False,True,True,True,
730,PQ8_F2B_W42,"How often, if at all, do you think environmental health specialists face serious consequences if they engage in professional misconduct?",4,"[1.0, 2.0, 3.0, 4.0]","['All or most of the time', 'Some of the time', 'Only a little of the time', 'None of the time', 'Refused']","[0.11268935, 0.4526752, 0.33024745, 0.104388]","[0.112689, 0.452675, 0.330247, 0.104388]",All or most of the time | Some of the time | Only a little of the time | None of the time,0.03476826672355,1.740699180683985,0.8703495903419926,3.3419709217885814,0.4754447,0.2746165073894847,0.481583525,0.20596238054211352,0.30238621502808244,1,1,False,True,True,True,
731,PQ1_F2C_W42,"In general, would you say your view of dietitians is",3,"[1.0, 2.0, 1.5]","['Mostly positive', 'Mostly negative', 'Neither positive nor negative', 'Refused']","[0.604951, 0.0719662, 0.32308281]","[0.604951, 0.323083, 0.071966]",Mostly positive | Neither positive nor negative | Mostly negative,0.0038233371468813,1.238510988206318,0.7814134325845545,2.359548765195093,0.233507605,0.31338650489837944,0.322338405,0.20892433659891965,0.548721152557629,1,1,True,False,True,False,
732,PQ2_F2C_W42,"How much, if anything, do you know about what dietitians do?",3,"[1.0, 2.0, 3.0]","['A lot', 'A little', 'Nothing at all', 'Refused']","[0.24730476, 0.64596936, 0.10672588]","[0.247305, 0.645969, 0.106726]",A lot | A little | Nothing at all,0.0006204931788557,1.25024932548746,0.7888194988326841,2.378825301308989,0.42971056,0.2890796683000837,0.45314037333333335,0.19271977886672248,0.34100734947354006,1,1,False,True,True,False,
737,PQ4_F2Ca_W42,"Thinking about dietitians, how often would you say they do a good job of providing recommendations about healthy eating",4,"[1.0, 2.0, 3.0, 4.0]","['All or most of the time', 'Some of the time', 'Only a little of the time', 'None of the time', 'Refused']","[0.54817183, 0.37334129, 0.05373061, 0.02475627]","[0.548172, 0.373341, 0.053731, 0.024756]",All or most of the time | Some of the time | Only a little of the time | None of the time,0.0177597833952535,1.3648517396783428,0.6824258698391714,2.5754985711564626,0.18502377333333334,0.23640031719133112,0.26376783,0.17730023789349833,0.3706155489598632,1,1,False,True,True,True,
738,PQ4_F2Cb_W42,"Thinking about dietitians, how often would you say they provide fair and accurate information when making recommendations",4,"[1.0, 2.0, 3.0, 4.0]","['All or most of the time', 'Some of the time', 'Only a little of the time', 'None of the time', 'Refused']","[0.47743075, 0.42187253, 0.07737595, 0.02332077]","[0.477431, 0.421873, 0.077376, 0.023321]",All or most of the time | Some of the time | Only a little of the time | None of the time,0.0190511859100837,1.4466480287079422,0.7233240143539711,2.725740140318158,0.2155289133333333,0.24110598122821247,0.286646685,0.18082948592115936,0.34382186192695824,1,1,False,True,True,True,
739,PQ4_F2Cc_W42,"Thinking about dietitians, how often would you say they admit mistakes and take responsibility for them",4,"[1.0, 2.0, 3.0, 4.0]","['All or most of the time', 'Some of the time', 'Only a little of the time', 'None of the time', 'Refused']","[0.18282774, 0.51793638, 0.21707606, 0.08215982]","[0.182828, 0.517936, 0.217076, 0.082160]",All or most of the time | Some of the time | Only a little of the time | None of the time,0.0376328191488662,1.7143901692470638,0.8571950846235319,3.2815790104852764,0.39952265333333326,0.2767096041503596,0.4246419899999999,0.2075322031127697,0.3191614495164026,1,1,False,True,True,True,
740,PQ4_F2Cd_W42,"Thinking about dietitians, how often would you say they are transparent about potential conflicts of interest with industry groups in their work",4,"[1.0, 2.0, 3.0, 4.0]","['All or most of the time', 'Some of the time', 'Only a little of the time', 'None of the time', 'Refused']","[0.19545972, 0.5173137, 0.21710495, 0.07012162]","[0.195460, 0.517314, 0.217105, 0.070122]",All or most of the time | Some of the time | Only a little of the time | None of the time,0.0426340528779664,1.6994710157043054,0.8497355078521527,3.2478185090373857,0.3872961533333333,0.27220157420946145,0.41547211375000004,0.2041511806570961,0.3122392352247481,1,1,False,True,True,True,
741,PQ4_F2Ce_W42,"Thinking about dietitians, how often would you say they care about the best interests of their patients",4,"[1.0, 2.0, 3.0, 4.0]","['All or most of the time', 'Some of the time', 'Only a little of the time', 'None of the time', 'Refused']","[0.60740823, 0.31419667, 0.05222433, 0.02617077]","[0.607408, 0.314197, 0.052224, 0.026171]",All or most of the time | Some of the time | Only a little of the time | None of the time,0.0147895135918155,1.321657003725331,0.6608285018626655,2.49953027894651,0.16571921333333334,0.23838931766466717,0.24928941,0.17879198824850037,0.41104415419508034,1,1,False,True,True,True,
742,PQ5_F2C_W42,"Overall, do you think professional misconduct by dietitians is",4,"[1.0, 2.0, 3.0, 4.0]","['A very big problem', 'A moderately big problem', 'A small problem', 'Not a problem at all', 'Refused']","[0.05849159, 0.17927442, 0.52265103, 0.23958295]","[0.058492, 0.179274, 0.522651, 0.239583]",A very big problem | A moderately big problem | A small problem | Not a problem at all,0.0199556072409096,1.667237197931151,0.8336185989655756,3.176057866249098,0.64777511,0.2686616447039447,0.61083133125,0.2014962335279586,0.3163494176297933,1,1,False,True,True,True,
745,PQ8_F2C_W42,"How often, if at all, do you think dietitians face serious consequences if they engage in professional misconduct?",4,"[1.0, 2.0, 3.0, 4.0]","['All or most of the time', 'Some of the time', 'Only a little of the time', 'None of the time', 'Refused']","[0.1316068, 0.38326692, 0.36571158, 0.1194147]","[0.131607, 0.383267, 0.365712, 0.119415]",All or most of the time | Some of the time | Only a little of the time | None of the time,0.027646387753897,1.812168977172636,0.906084488586318,3.5116984777256457,0.49097806,0.28892721909153823,0.49323354499999994,0.21669541431865366,0.33402450396214,0,1,False,True,True,True,
746,SCM4a_W42,How important do you think scientific research that has immediate practical applications types of scientific research is for society?,4,"[1.0, 2.0, 3.0, 4.0]","['Essential', 'Important, but not essential', 'Not too important', 'Not important at all', 'Refused']","[0.65170031, 0.290968, 0.04161689, 0.01571479]","[0.651700, 0.290968, 0.041617, 0.015715]","Essential | Important, but not essential | Not too important | Not important at all",0.0118821029809675,1.205844088655437,0.6029220443277185,2.306721910345413,0.14044871666666667,0.21636802241265066,0.23033653624999997,0.16227601680948803,0.38778997979618623,1,1,False,True,True,True,
747,SCM4b_W42,"How important do you think scientific research that advances knowledge, even if there are no immediate benefits types of scientific research is for society?",4,"[1.0, 2.0, 3.0, 4.0]","['Essential', 'Important, but not essential', 'Not too important', 'Not important at all', 'Refused']","[0.47751303, 0.4292964, 0.07637928, 0.01681128]","[0.477513, 0.429296, 0.076379, 0.016811]","Essential | Important, but not essential | Not too important | Not important at all",0.0094261543872605,1.4154475623682756,0.7077237811841378,2.6674247319269955,0.2108296,0.23239644142287433,0.28312219875,0.17429733106715578,0.3246060238717572,0,1,False,True,True,True,
748,Q6F1_W42,"When you hear that scientific research findings have been reviewed by an independent committee, does this make you",3,"[1.0, 2.0, 1.5]","['Trust the research findings more', 'Trust the research findings less', 'Makes no difference either way', 'Refused']","[0.52246441, 0.10439769, 0.3731379]","[0.522464, 0.373138, 0.104398]",Trust the research findings more | Makes no difference either way | Trust the research findings less,0.0073126401675279,1.3603411976725257,0.858279736620628,2.567458927891536,0.29096664,0.3361853349078606,0.3606444266666667,0.22412355660524041,0.5478323336862225,1,1,True,False,True,False,
749,Q7F1_W42,"When you hear that data used in scientific research is being made openly available to the public, does this make you",3,"[1.0, 2.0, 1.5]","['Trust the research findings more', 'Trust the research findings less', 'Makes no difference either way', 'Refused']","[0.57879901, 0.07781134, 0.34338965]","[0.578799, 0.343390, 0.077811]",Trust the research findings more | Makes no difference either way | Trust the research findings less,0.0101023277731192,1.272776801355341,0.8030327536305932,2.4162618391735498,0.249506165,0.31844218647502215,0.33300410999999996,0.2122947909833481,0.5415427978050157,1,1,True,False,True,False,
750,Q8F1_W42,"When you hear about scientific research that has been funded by the federal government, does this make you",3,"[1.0, 2.0, 1.5]","['Trust the research findings more', 'Trust the research findings less', 'Makes no difference either way', 'Refused']","[0.22921761, 0.28104785, 0.48973454]","[0.229218, 0.489735, 0.281048]",Trust the research findings more | Makes no difference either way | Trust the research findings less,0.0113265453017042,1.5061571708122412,0.9502793726204509,2.840524154049039,0.52591512,0.3562229239610859,0.5172767466666667,0.23748194930739064,0.5089463062332502,1,1,True,False,True,False,
751,Q9F1_W42,"When you hear about scientific research that has been funded by an industry group, does this make you",3,"[1.0, 2.0, 1.5]","['Trust the research findings more', 'Trust the research findings less', 'Makes no difference either way', 'Refused']","[0.09993143, 0.58140422, 0.31866435]","[0.099931, 0.318664, 0.581404]",Trust the research findings more | Makes no difference either way | Trust the research findings less,0.0081973916588237,1.3127080322948832,0.8282265553270836,2.4840737943084146,0.740736395,0.3352311152360472,0.66049093,0.22348741015736484,0.5851718211930395,1,1,True,False,True,False,
752,Q6F2_W42,"When you hear that a science practitioner's recommendation is based on a review from an independent committee, does this make you",3,"[1.0, 2.0, 1.5]","['Trust the recommendation more', 'Trust the recommendation less', 'Makes no difference either way', 'Refused']","[0.43905871, 0.1756315, 0.3853098]","[0.439059, 0.385310, 0.175631]",Trust the recommendation more | Makes no difference either way | Trust the recommendation less,0.0115373584315517,1.492265323915585,0.9415145930812912,2.8133037427918546,0.3682864,0.36922090803662344,0.41219093500000004,0.24614727202441564,0.5859582369920971,1,1,True,False,True,False,
753,Q7F2_W42,"When you hear that a science practitioner is open to getting a second opinion on their recommendation, does this make you",3,"[1.0, 2.0, 1.5]","['Trust the recommendation more', 'Trust the recommendation less', 'Makes no difference either way', 'Refused']","[0.69034153, 0.07463936, 0.23501911]","[0.690342, 0.235019, 0.074639]",Trust the recommendation more | Makes no difference either way | Trust the recommendation less,0.0150131656180815,1.1395028222795447,0.7189462348548135,2.2030508913923734,0.192148915,0.3106009207396571,0.29476594333333334,0.20706728049310477,0.6214929814866328,1,1,True,False,True,False,
754,Q8F2_W42,"When you hear that a science practitioner has received financial incentives from the federal government related to their work, does this make you",3,"[1.0, 2.0, 1.5]","['Trust the recommendation more', 'Trust the recommendation less', 'Makes no difference either way', 'Refused']","[0.13884971, 0.37180703, 0.48934326]","[0.138850, 0.489343, 0.371807]",Trust the recommendation more | Makes no difference either way | Trust the recommendation less,0.0137079281976553,1.4307604327739094,0.9027093272698345,2.6958877597250663,0.61647866,0.33778233637152255,0.57765244,0.22518822424768173,0.4825766328494953,1,1,True,False,True,False,
755,Q9F2_W42,"When you hear that a science practitioner has received financial incentives from an industry group related to their work, does this make you",3,"[1.0, 2.0, 1.5]","['Trust the recommendation more', 'Trust the recommendation less', 'Makes no difference either way', 'Refused']","[0.10265062, 0.62078787, 0.27656151]","[0.102651, 0.276562, 0.620788]",Trust the recommendation more | Makes no difference either way | Trust the recommendation less,0.0080579357854291,1.2769544845994365,0.8056685782902899,2.4232688682561854,0.759068625,0.33725816526899594,0.6727124166666667,0.22483877684599732,0.6219429454672363,1,1,True,False,True,False,
769,POP2_W42,"In general, do you think most of the important policy decisions in this country are made with",4,"[1.0, 2.0, 3.0, 4.0]","['A great deal of concern for how the policies affect people like you', 'Some concern for how the policies affect people like you', 'Not too much concern for how the policies affect people like you', 'No concern at all for how the policies affect people like you', 'Refused']","[0.11082026, 0.32745908, 0.38778109, 0.17393957]","[0.110820, 0.327459, 0.387781, 0.173940]",A great deal of concern for how the policies affect people like you | Some concern for how the policies affect people like you | Not too much concern for how the policies affect people like you | No concern at all for how the policies affect people like you,0.0091537251412702,1.8480048311626205,0.9240024155813102,3.60001977456438,0.5416133233333333,0.29887467494111214,0.5312099925,0.22415600620583412,0.35979647845461554,1,1,False,True,True,True,
775,ADMISSIONa_W43,"Do you think race or ethnicity should be a major factor, minor factor, or not a factor in college admissions?",3,"[1.0, 2.0, 3.0]","['Major factor', 'Minor factor', 'Not a factor', 'Refused']","[0.07440558, 0.19539519, 0.73019924]","[0.074406, 0.195395, 0.730199]",Major factor | Minor factor | Not a factor,0.0042803052065412,1.0704111676770676,0.6753542542426283,2.1000317904309322,0.827896835,0.3059981616793056,0.7185978916666667,0.2039987744528705,0.6571621705463567,1,1,False,True,True,False,
776,ADMISSIONb_W43,"Do you think gender should be a major factor, minor factor, or not a factor in college admissions?",3,"[1.0, 2.0, 3.0]","['Major factor', 'Minor factor', 'Not a factor', 'Refused']","[0.04637602, 0.13912332, 0.81450066]","[0.046376, 0.139123, 0.814501]",Major factor | Minor factor | Not a factor,0.0055251146005151,0.8424543396208237,0.5315295088921712,1.7930980002328623,0.88406232,0.2602216446728012,0.7560415466666668,0.17348109644853413,0.6606620316126083,1,1,False,True,True,False,
777,ADMISSIONc_W43,"Do you think whether a relative attended the school should be a major factor, minor factor, or not a factor in college admissions?",3,"[1.0, 2.0, 3.0]","['Major factor', 'Minor factor', 'Not a factor', 'Refused']","[0.07653723, 0.239826, 0.68363677]","[0.076537, 0.239826, 0.683637]",Major factor | Minor factor | Not a factor,0.0047913546814398,1.1529140388195107,0.7274077704014676,2.2236258191222875,0.80354977,0.31289141428448797,0.7023665133333333,0.20859427618965867,0.6201860165251102,1,1,False,True,True,False,
778,ADMISSIONd_W43,"Do you think athletic ability should be a major factor, minor factor, or not a factor in college admissions?",3,"[1.0, 2.0, 3.0]","['Major factor', 'Minor factor', 'Not a factor', 'Refused']","[0.08291544, 0.34271612, 0.57436844]","[0.082915, 0.342716, 0.574368]",Major factor | Minor factor | Not a factor,0.0049268627584024,1.2867840296726745,0.8118703307410675,2.439835751687474,0.7457265,0.3223964286367794,0.6638176666666666,0.21493095242451962,0.5481504400430811,1,1,False,True,True,False,
779,ADMISSIONe_W43,"Do you think involvement in community service should be a major factor, minor factor, or not a factor in college admissions?",3,"[1.0, 2.0, 3.0]","['Major factor', 'Minor factor', 'Not a factor', 'Refused']","[0.21435012, 0.48626069, 0.29938919]","[0.214350, 0.486261, 0.299389]",Major factor | Minor factor | Not a factor,0.0048065942298653,1.5029936470943046,0.9482834113806757,2.834302312142488,0.542519535,0.35584676005744914,0.5283463566666666,0.2372311733716328,0.5101972310254811,1,1,False,True,True,False,
780,ADMISSIONf_W43,"Do you think scores on standardized tests, such as the SAT or act should be a major factor, minor factor, or not a factor in college admissions?",3,"[1.0, 2.0, 3.0]","['Major factor', 'Minor factor', 'Not a factor', 'Refused']","[0.4691772, 0.41731182, 0.11351098]","[0.469177, 0.417312, 0.113511]",Major factor | Minor factor | Not a factor,0.0072050246776893,1.3947150067174257,0.8799671954906391,2.6293660581108016,0.32216689,0.3377090907685606,0.38144459333333336,0.22513939384570708,0.5222540534691539,1,1,False,True,True,False,
781,ADMISSIONg_W43,"Do you think high school grades should be a major factor, minor factor, or not a factor in college admissions?",3,"[1.0, 2.0, 3.0]","['Major factor', 'Minor factor', 'Not a factor', 'Refused']","[0.67100468, 0.26157594, 0.06741938]","[0.671005, 0.261576, 0.067419]",Major factor | Minor factor | Not a factor,0.0043174887924084,1.154612438726378,0.7284793414361733,2.2262451043055305,0.19820735,0.3058221891981965,0.29880490000000004,0.20388145946546435,0.5885131343150375,1,1,False,True,True,False,
782,ADMISSIONh_W43,"Do you think being the first person in the family to go to college should be a major factor, minor factor, or not a factor in college admissions?",3,"[1.0, 2.0, 3.0]","['Major factor', 'Minor factor', 'Not a factor', 'Refused']","[0.2053997, 0.26639216, 0.52820814]","[0.205400, 0.266392, 0.528208]",Major factor | Minor factor | Not a factor,0.0040377433378806,1.4637909605914554,0.923549270046094,2.758322147398814,0.6614042200000001,0.39667447329793176,0.6076028133333334,0.2644496488652879,0.7026191863944377,1,1,False,True,True,False,
783,RACESURV2_W43,"The U.S. population is made up of people of many different races and ethnicities. Overall, do you think this is",5,"[1.0, 2.0, 3.0, 4.0, 2.5]","['Very good for the country', 'Somewhat good for the country', 'Somewhat bad for the country', 'Very bad for the country', 'Neither good nor bad for the country', 'Refused']","[0.56816149, 0.19590539, 0.05301385, 0.01412683, 0.16879244]","[0.568161, 0.195905, 0.168792, 0.053014, 0.014127]",Very good for the country | Somewhat good for the country | Neither good nor bad for the country | Somewhat bad for the country | Very bad for the country,0.0024245016832648,1.6688290776890236,0.7187255631919037,3.179564284770562,0.19916741333333332,0.24897039609715815,0.249807828,0.2013126371341909,0.38862917507753114,1,1,True,False,True,False,
784,RACESURV3_W43,"In general, do you think the fact that the U.S. population is made up of people of many different races and ethnicities makes it",3,"[1.0, 2.0, 1.5]","[""Easier for policymakers to solve the country's problems"", ""Harder for policymakers to solve the country's problems"", ""Doesn't make much difference"", 'Refused']","[0.06873202, 0.47514121, 0.45612677]","[0.068732, 0.456127, 0.475141]",Easier for policymakers to solve the country's problems | Doesn't make much difference | Harder for policymakers to solve the country's problems,0.0049410702471201,1.2921617923657986,0.8152633212318061,2.4489474088666974,0.703204595,0.3076949789497482,0.6354697300000001,0.2051299859664988,0.4536301857330573,0,1,True,False,True,False,
785,RACESURV4_W43,"In general, do you think the fact that the U.S. population is made up of people of many different races and ethnicities has",3,"[1.0, 2.0, 1.5]","[""A positive impact on the country's culture"", ""A negative impact on the country's culture"", ""Doesn't make much difference"", 'Refused']","[0.6476346, 0.12369627, 0.22866913]","[0.647635, 0.228669, 0.123696]",A positive impact on the country's culture | Doesn't make much difference | A negative impact on the country's culture,0.0062784996172876,1.2656238736987286,0.7985197587468923,2.404311585876529,0.238030835,0.3524271188333877,0.32535389,0.2349514125555918,0.6848067334310827,1,1,True,False,True,False,
786,RACESURV5a_W43,"Overall, how does being white affect people's ability to get ahead in our country these days?",5,"[1.0, 2.0, 3.0, 4.0, 2.5]","['Helps a lot', 'Helps a little', 'Hurts a little', 'Hurts a lot', 'Neither helps nor hurts', 'Refused']","[0.38053891, 0.21495831, 0.07491087, 0.04221742, 0.28737449]","[0.380539, 0.214958, 0.287374, 0.074911, 0.042217]",Helps a lot | Helps a little | Neither helps nor hurts | Hurts a little | Hurts a lot,0.0090571616092558,1.9969959203927008,0.8600593294813361,3.9916795884352503,0.307498015,0.2769187424818451,0.336661916,0.22925193633906116,0.36011512499487197,2,2,True,False,True,False,
787,RACESURV5b_W43,"Overall, how does being black affect people's ability to get ahead in our country these days?",5,"[1.0, 2.0, 3.0, 4.0, 2.5]","['Helps a lot', 'Helps a little', 'Hurts a little', 'Hurts a lot', 'Neither helps nor hurts', 'Refused']","[0.07324903, 0.10119349, 0.30753475, 0.25627837, 0.26174437]","[0.073249, 0.101193, 0.261744, 0.307535, 0.256278]",Helps a lot | Helps a little | Neither helps nor hurts | Hurts a little | Hurts a lot,0.0089524112751288,2.143361948631141,0.9230957467419405,4.41790362951713,0.625904885,0.27907592797109576,0.614479993,0.23657524401039212,0.33262460879509087,0,1,True,False,True,False,
788,RACESURV5c_W43,"Overall, how does being Hispanic affect people's ability to get ahead in our country these days?",5,"[1.0, 2.0, 3.0, 4.0, 2.5]","['Helps a lot', 'Helps a little', 'Hurts a little', 'Hurts a lot', 'Neither helps nor hurts', 'Refused']","[0.06475709, 0.11483777, 0.3512253, 0.16764976, 0.30153007]","[0.064757, 0.114838, 0.301530, 0.351225, 0.167650]",Helps a lot | Helps a little | Neither helps nor hurts | Hurts a little | Hurts a lot,0.0094463828796944,2.097941249005512,0.9035341161618892,4.280980455420683,0.5908442516666667,0.25058976403086164,0.588434569,0.2191048717925547,0.2597556379667196,0,1,True,False,True,False,
789,RACESURV5d_W43,"Overall, how does being Asian affect people's ability to get ahead in our country these days?",5,"[1.0, 2.0, 3.0, 4.0, 2.5]","['Helps a lot', 'Helps a little', 'Hurts a little', 'Hurts a lot', 'Neither helps nor hurts', 'Refused']","[0.0819507, 0.26287623, 0.18070761, 0.03397574, 0.44048973]","[0.081951, 0.262876, 0.440490, 0.180708, 0.033976]",Helps a lot | Helps a little | Neither helps nor hurts | Hurts a little | Hurts a lot,0.0106407226102058,1.9353086961840729,0.8334920880820625,3.824599539619146,0.46231775499999994,0.19970836582995308,0.464376297,0.18714308814653358,0.16044502218619547,1,1,True,False,True,False,
790,RACESURV5e_W43,"Overall, how does being Native American affect people's ability to get ahead in our country these days?",5,"[1.0, 2.0, 3.0, 4.0, 2.5]","['Helps a lot', 'Helps a little', 'Hurts a little', 'Hurts a lot', 'Neither helps nor hurts', 'Refused']","[0.0721861, 0.16483028, 0.22660114, 0.16057286, 0.37580961]","[0.072186, 0.164830, 0.375810, 0.226601, 0.160573]",Helps a lot | Helps a little | Neither helps nor hurts | Hurts a little | Hurts a lot,0.0107742302486874,2.142101452876511,0.9225528807688704,4.41404535275955,0.5544885183333333,0.2570872143753221,0.547708871,0.22499456332999537,0.2675527987530263,1,1,True,False,True,False,
791,RACESURV5f_W43,"Overall, how does being Jewish affect people's ability to get ahead in our country these days?",5,"[1.0, 2.0, 3.0, 4.0, 2.5]","['Helps a lot', 'Helps a little', 'Hurts a little', 'Hurts a lot', 'Neither helps nor hurts', 'Refused']","[0.08407197, 0.15467009, 0.16458776, 0.04082341, 0.55584677]","[0.084072, 0.154670, 0.555847, 0.164588, 0.040823]",Helps a lot | Helps a little | Neither helps nor hurts | Hurts a little | Hurts a lot,0.0114955737582942,1.8045576138056985,0.7771806619589735,3.4932202627494866,0.480028665,0.1992316852045098,0.48468411000000006,0.18033024791617155,0.15902677155449557,1,1,True,False,True,False,
792,RACESURV5g_W43,"Overall, how does being Muslim affect people's ability to get ahead in our country these days?",5,"[1.0, 2.0, 3.0, 4.0, 2.5]","['Helps a lot', 'Helps a little', 'Hurts a little', 'Hurts a lot', 'Neither helps nor hurts', 'Refused']","[0.03440072, 0.05395962, 0.31957791, 0.31499967, 0.27706208]","[0.034401, 0.053960, 0.277062, 0.319578, 0.315000]",Helps a lot | Helps a little | Neither helps nor hurts | Hurts a little | Hurts a lot,0.009961950275787,1.9584740741817936,0.84346887334459,3.8865068908900104,0.6845691899999999,0.2523100356758405,0.6653632380000001,0.20856788611422267,0.29481365131166104,0,1,True,False,True,False,
793,RACESURV5h_W43,"Overall, how does being an evangelical Christian affect people's ability to get ahead in our country these days?",5,"[1.0, 2.0, 3.0, 4.0, 2.5]","['Helps a lot', 'Helps a little', 'Hurts a little', 'Hurts a lot', 'Neither helps nor hurts', 'Refused']","[0.10864044, 0.19533539, 0.10162108, 0.05152286, 0.54288022]","[0.108640, 0.195335, 0.542880, 0.101621, 0.051523]",Helps a lot | Helps a little | Neither helps nor hurts | Hurts a little | Hurts a lot,0.0100290630495322,1.84221725851932,0.7933997881225029,3.5856067217764864,0.45582215333333337,0.2152624772678496,0.458410101,0.18914192422562376,0.18681011231415395,1,1,True,False,True,False,
794,RACESURV5i_W43,"Overall, how does being a man affect people's ability to get ahead in our country these days?",5,"[1.0, 2.0, 3.0, 4.0, 2.5]","['Helps a lot', 'Helps a little', 'Hurts a little', 'Hurts a lot', 'Neither helps nor hurts', 'Refused']","[0.38008943, 0.279293, 0.07080187, 0.02652828, 0.24328742]","[0.380089, 0.279293, 0.243287, 0.070802, 0.026528]",Helps a lot | Helps a little | Neither helps nor hurts | Hurts a little | Hurts a lot,0.0068132333220514,1.9498959053748968,0.8397744571282632,3.863466545342993,0.2884709033333333,0.2581370300119376,0.316877314,0.21337457738012136,0.3246429222691263,1,1,True,False,True,False,
795,RACESURV5j_W43,"Overall, how does being a woman affect people's ability to get ahead in our country these days?",5,"[1.0, 2.0, 3.0, 4.0, 2.5]","['Helps a lot', 'Helps a little', 'Hurts a little', 'Hurts a lot', 'Neither helps nor hurts', 'Refused']","[0.07842491, 0.15154917, 0.41551767, 0.09955119, 0.25495704]","[0.078425, 0.151549, 0.254957, 0.415518, 0.099551]",Helps a lot | Helps a little | Neither helps nor hurts | Hurts a little | Hurts a lot,0.0073492792339495,2.061065892338137,0.8876527644746554,4.172944961051147,0.55455788,0.23931008805707168,0.561244202,0.21773377326791107,0.2318375890651374,1,1,True,False,True,False,
796,RACESURV5k_W43,"Overall, how does being poor affect people's ability to get ahead in our country these days?",5,"[1.0, 2.0, 3.0, 4.0, 2.5]","['Helps a lot', 'Helps a little', 'Hurts a little', 'Hurts a lot', 'Neither helps nor hurts', 'Refused']","[0.02167397, 0.02782696, 0.20323413, 0.66333762, 0.08392733]","[0.021674, 0.027827, 0.083927, 0.203234, 0.663338]",Helps a lot | Helps a little | Neither helps nor hurts | Hurts a little | Hurts a lot,0.0042698392346889,1.4236300583145225,0.6131240934847224,2.682596479345325,0.8500663583333333,0.23478673429407698,0.7917468990000001,0.18365197709939127,0.4325090424348659,1,1,True,False,True,False,
797,RACESURV5l_W43,"Overall, how does being wealthy affect people's ability to get ahead in our country these days?",5,"[1.0, 2.0, 3.0, 4.0, 2.5]","['Helps a lot', 'Helps a little', 'Hurts a little', 'Hurts a lot', 'Neither helps nor hurts', 'Refused']","[0.78791549, 0.10667126, 0.01770345, 0.01880958, 0.06890022]","[0.787915, 0.106671, 0.068900, 0.017703, 0.018810]",Helps a lot | Helps a little | Neither helps nor hurts | Hurts a little | Hurts a lot,0.0058256860401328,1.0921342927670956,0.4703566381628521,2.1318919093183744,0.10061907666666667,0.2136141349091152,0.174564074,0.167757138949502,0.5042384674404942,1,2,True,False,True,False,
803,RACESURV11_W43,Do you think race relations in the United States are,3,"[1.0, 2.0, 1.5]","['Getting better', 'Getting worse', 'Staying about the same', 'Refused']","[0.17384468, 0.52971131, 0.29644401]","[0.173845, 0.296444, 0.529711]",Getting better | Staying about the same | Getting worse,0.003504499383292,1.444417054630038,0.9113256963321403,2.721528331173092,0.677933315,0.3797745817101386,0.6186222100000001,0.25318305447342576,0.6605702468230167,1,1,True,False,True,False,
804,RACESURV12_W43,"When it comes to giving black people equal rights with whites, do you think our country has",3,"[1.0, 2.0, 1.5]","['Gone too far', 'Not gone far enough', 'Been about right', 'Refused']","[0.15342446, 0.45458755, 0.39198799]","[0.153424, 0.391988, 0.454588]",Gone too far | Been about right | Not gone far enough,0.0146544419738092,1.4615775336489245,0.9221527531306946,2.754093489730186,0.650581545,0.3596223029866376,0.6003876966666667,0.23974820199109176,0.5689127372129668,1,1,True,False,True,False,
805,RACESURV13_W43,"How likely, if at all, is it that black people in our country will eventually have equal rights with whites?",4,"[1.0, 2.0, 3.0, 4.0]","['Very likely', 'Somewhat likely', 'Not too likely', 'Not at all likely', 'Refused']","[0.18607971, 0.45959247, 0.28051676, 0.07381106]","[0.186080, 0.459592, 0.280517, 0.073811]",Very likely | Somewhat likely | Not too likely | Not at all likely,0.002359069920733,1.758851389625312,0.879425694812656,3.3842857570202614,0.4140197233333333,0.27953295735305644,0.4355147924999999,0.20964971801479235,0.32207870335093336,1,1,False,True,True,True,
806,RACATTN_W43,"In general, do you think there is too much, too little, or about the right amount of attention paid to race and racial issues in our country these days?",3,"[1.0, 2.0, 1.5]","['Too much attention', 'Too little attention', 'About the right amount of attention', 'Refused']","[0.41146568, 0.37887766, 0.20965666]","[0.411466, 0.209657, 0.378878]",Too much attention | About the right amount of attention | Too little attention,0.0111780758215516,1.5301997406820729,0.9654485453036484,2.888258241824762,0.48370599000000003,0.44420754185191397,0.48913732666666665,0.29613836123460935,0.7901204523178584,2,2,True,False,True,False,
811,RACESURV17_W43,"How much, if at all, do you think the legacy of slavery affects the position of black people in American society today?",4,"[1.0, 2.0, 3.0, 4.0]","['A great deal', 'A fair amount', 'Not much', 'Not at all', 'Refused']","[0.31696504, 0.32356257, 0.19426946, 0.16520293]","[0.316965, 0.323563, 0.194269, 0.165203]",A great deal | A fair amount | Not much | Not at all,0.0117825560690884,1.9404981154815928,0.9702490577407964,3.838381516323959,0.4025700933333333,0.35416610346344574,0.42692757000000003,0.26562457759758434,0.521537474160259,0,1,False,True,True,True,
814,RACESURV18c_W43,"Thinking again about race and race relations in the U.S. in general, how well, if at all, do you think each of these groups get along with each other in our society these days? Blacks and whites",4,"[1.0, 2.0, 3.0, 4.0]","['Very well', 'Pretty well', 'Not too well', 'Not at all well', 'Not sure', 'Refused']","[0.05285291, 0.45730839, 0.39398637, 0.09585234]","[0.052853, 0.457308, 0.393986, 0.095852]",Very well | Pretty well | Not too well | Not at all well,0.0898914332818601,1.5940915719064888,0.7970457859532444,3.0190435581342183,0.5109460499999999,0.24638095150949235,0.50820953875,0.1847857136321193,0.24293072102627591,1,1,False,True,True,True,
818,RACESURV19a_W43,"Do you think each is a major reason, minor reason, or not a reason why black people in our country may have a harder time getting ahead than white people? Racial discrimination",3,"[1.0, 2.0, 3.0]","['Major reason', 'Minor reason', 'Not a reason', 'Refused']","[0.44030847, 0.34075676, 0.21893477]","[0.440308, 0.340757, 0.218935]",Major reason | Minor reason | Not a reason,0.0092554095357739,1.5301051198820956,0.965388846225636,2.888068818325105,0.38931315,0.39058831426077956,0.4262087666666667,0.2603922095071864,0.6416834671004976,1,1,False,True,True,False,
819,RACESURV19b_W43,"Do you think each is a major reason, minor reason, or not a reason why black people in our country may have a harder time getting ahead than white people? Lack of motivation to work hard",3,"[1.0, 2.0, 3.0]","['Major reason', 'Minor reason', 'Not a reason', 'Refused']","[0.30782068, 0.27917605, 0.41300327]","[0.307821, 0.279176, 0.413003]",Major reason | Minor reason | Not a reason,0.0118330255790477,1.5640385987842522,0.9867984877071959,2.9568039697106956,0.552591295,0.42123644570504937,0.5350608633333334,0.28082429713669954,0.7177007670920283,1,2,False,True,True,False,
820,RACESURV19c_W43,"Do you think each is a major reason, minor reason, or not a reason why black people in our country may have a harder time getting ahead than white people? Less access to good quality schools",3,"[1.0, 2.0, 3.0]","['Major reason', 'Minor reason', 'Not a reason', 'Refused']","[0.48167782, 0.27426125, 0.24406093]","[0.481678, 0.274261, 0.244061]",Major reason | Minor reason | Not a reason,0.0074414096826777,1.5160833015025728,0.9565420638108199,2.8601351127338672,0.381191555,0.40904674659100027,0.42079437,0.27269783106066686,0.7093268231739821,1,1,False,True,True,False,
821,RACESURV19d_W43,"Do you think each is a major reason, minor reason, or not a reason why black people in our country may have a harder time getting ahead than white people? Lack of good role models",3,"[1.0, 2.0, 3.0]","['Major reason', 'Minor reason', 'Not a reason', 'Refused']","[0.42733021, 0.34164897, 0.23102081]","[0.427330, 0.341649, 0.231021]",Major reason | Minor reason | Not a reason,0.0077842717715333,1.5418648888435362,0.972808434358535,2.911706398342523,0.401845295,0.3936412196043074,0.43456352833333334,0.26242747973620495,0.644657035088813,1,1,False,True,True,False,
822,RACESURV19e_W43,"Do you think each is a major reason, minor reason, or not a reason why black people in our country may have a harder time getting ahead than white people? Less access to high-paying jobs",3,"[1.0, 2.0, 3.0]","['Major reason', 'Minor reason', 'Not a reason', 'Refused']","[0.41892584, 0.30829871, 0.27277545]","[0.418926, 0.308299, 0.272775]",Major reason | Minor reason | Not a reason,0.0105163881605322,1.560456933506258,0.9845387085159755,2.9494724499820344,0.42692480499999996,0.40937188273709274,0.45128320333333327,0.27291458849139516,0.6849723187332983,1,1,False,True,True,False,
823,RACESURV19f_W43,"Do you think each is a major reason, minor reason, or not a reason why black people in our country may have a harder time getting ahead than white people? Family instability",3,"[1.0, 2.0, 3.0]","['Major reason', 'Minor reason', 'Not a reason', 'Refused']","[0.50121335, 0.32656569, 0.17222096]","[0.501213, 0.326566, 0.172221]",Major reason | Minor reason | Not a reason,0.0110775771106799,1.4637584677186746,0.9235287693258776,2.758260024220457,0.335503805,0.37589836303251173,0.39033587000000003,0.25059890868834117,0.6337980818707221,1,1,False,True,True,False,
854,RACESURV47c_W43,"For each, please indicate if you, personally, think it is acceptable. A white person using the n-word",4,"[1.0, 2.0, 3.0, 4.0]","['Always acceptable', 'Sometimes acceptable', 'Rarely acceptable', 'Never acceptable', 'Not sure', 'Refused']","[0.02783595, 0.06864851, 0.14096546, 0.76255008]","[0.027836, 0.068649, 0.140965, 0.762550]",Always acceptable | Sometimes acceptable | Rarely acceptable | Never acceptable,0.0885023269342442,1.1058080409183202,0.5529040204591601,2.1521938684316013,0.87940989,0.2438590846123344,0.7845574175,0.1828943134592508,0.5607571782415615,1,1,False,True,True,True,
858,RACESURV48_W43,"How important, if at all, would you say it is for companies and organizations to promote racial and ethnic diversity in their workplace?",4,"[1.0, 2.0, 3.0, 4.0]","['Very important', 'Somewhat important', 'Not too important', 'Not at all important', 'Refused']","[0.49449106, 0.26391414, 0.11855508, 0.12303971]","[0.494491, 0.263914, 0.118555, 0.123040]",Very important | Somewhat important | Not too important | Not at all important,0.0148907123925282,1.7462450202263342,0.8731225101131671,3.3548424593173274,0.29004781,0.3477454774298676,0.34253585624999994,0.2608091080724007,0.587251706088177,1,2,False,True,True,True,
878,INFOCONFUSEa_W45,How much do you think the following type of news and information leaves Americans confused about the basic facts of current issues and events? Made-up information that is intended to mislead the public,4,"[1.0, 2.0, 3.0, 4.0]","['A great deal', 'Some', 'Not much', 'Not at all', 'Refused']","[0.67240854, 0.24451023, 0.05191602, 0.03116521]","[0.672409, 0.244510, 0.051916, 0.031165]",A great deal | Some | Not much | Not at all,0.0025894110967404,1.2593763427573512,0.6296881713786756,2.3939223258003413,0.1472793,0.24436777158927894,0.235459475,0.1832758286919592,0.47548775789061526,1,1,False,True,True,True,
879,INFOCONFUSEb_W45,How much do you think the following type of news and information leaves Americans confused about the basic facts of current issues and events? Satire about an issue or event,4,"[1.0, 2.0, 3.0, 4.0]","['A great deal', 'Some', 'Not much', 'Not at all', 'Refused']","[0.24682767, 0.48049116, 0.21927774, 0.05340343]","[0.246828, 0.480491, 0.219278, 0.053403]",A great deal | Some | Not much | Not at all,0.0094063108478706,1.7120511841181216,0.8560255920590608,3.2762630250536535,0.35975230999999996,0.27354411974974696,0.3948142325,0.2051580898123102,0.3248651728279323,1,1,False,True,True,True,
880,INFOCONFUSEc_W45,How much do you think the following type of news and information leaves Americans confused about the basic facts of current issues and events? Breaking information that is published before everything is verified,4,"[1.0, 2.0, 3.0, 4.0]","['A great deal', 'Some', 'Not much', 'Not at all', 'Refused']","[0.51997051, 0.37576848, 0.08103214, 0.02322887]","[0.519971, 0.375768, 0.081032, 0.023229]",A great deal | Some | Not much | Not at all,0.0040822738640027,1.441063645393849,0.7205318226969245,2.715209740293417,0.20250645666666667,0.2449210950205989,0.27687984250000003,0.18369082126544917,0.37143800204039396,1,1,False,True,True,True,
881,INFOCONFUSEd_W45,How much do you think the following type of news and information leaves Americans confused about the basic facts of current issues and events? Factual information presented to favor one side of an issue,4,"[1.0, 2.0, 3.0, 4.0]","['A great deal', 'Some', 'Not much', 'Not at all', 'Refused']","[0.47907395, 0.41304094, 0.08640653, 0.02147858]","[0.479074, 0.413041, 0.086407, 0.021479]",A great deal | Some | Not much | Not at all,0.0038380110940496,1.4597776297088307,0.7298888148544154,2.750659629744874,0.21676324666666666,0.24246363623134462,0.287572435,0.1818477271735085,0.34626972516957916,1,1,False,True,True,True,
882,INFOCONFUSEe_W45,How much do you think the following type of news and information leaves Americans confused about the basic facts of current issues and events? A video or image that is altered or made up to mislead the public,4,"[1.0, 2.0, 3.0, 4.0]","['A great deal', 'Some', 'Not much', 'Not at all', 'Refused']","[0.63412579, 0.27033877, 0.06241337, 0.03312207]","[0.634126, 0.270339, 0.062413, 0.033122]",A great deal | Some | Not much | Not at all,0.0043166599118895,1.339502488549689,0.6697512442748444,2.5306403495194862,0.16484390666666665,0.25243904828995445,0.24863292999999997,0.18932928621746586,0.46288436944127576,1,1,False,True,True,True,
901,INFOWHYa_W45,How much do you think to make money is a reason why made-up news and information is created?,3,"[1.0, 2.0, 3.0]","['Major reason', 'Minor reason', 'Not a reason', 'Refused']","[0.71258806, 0.22325935, 0.06415259]","[0.712588, 0.223259, 0.064153]",Major reason | Minor reason | Not a reason,0.0063341748847836,1.0855068759263096,0.6848785857283092,2.1221209369368803,0.175782265,0.2984426625190671,0.28385484333333333,0.1989617750127114,0.6147588653343189,1,1,False,True,True,False,
902,INFOWHYb_W45,How much do you think to push an agenda or viewpoint is a reason why made-up news and information is created?,3,"[1.0, 2.0, 3.0]","['Major reason', 'Minor reason', 'Not a reason', 'Refused']","[0.86772757, 0.09869898, 0.03357345]","[0.867728, 0.098699, 0.033573]",Major reason | Minor reason | Not a reason,0.0051257890035835,0.6717408345585915,0.4238212792119373,1.5929940017503768,0.08292294,0.2266538793441586,0.22194862666666665,0.15110258622943906,0.6755317909025993,1,1,False,True,True,False,
903,INFOWHYc_W45,How much do you think for fame is a reason why made-up news and information is created?,3,"[1.0, 2.0, 3.0]","['Major reason', 'Minor reason', 'Not a reason', 'Refused']","[0.49325996, 0.39636353, 0.11037651]","[0.493260, 0.396364, 0.110377]",Major reason | Minor reason | Not a reason,0.0064620442795611,1.3830459828308457,0.8726048611254597,2.608184599519849,0.308558275,0.33802245994759633,0.37237218333333333,0.22534830663173092,0.5355479171355646,1,1,False,True,True,False,
904,INFOWHYd_W45,How much do you think to be funny is a reason why made-up news and information is created?,3,"[1.0, 2.0, 3.0]","['Major reason', 'Minor reason', 'Not a reason', 'Refused']","[0.124816, 0.41148648, 0.46369752]","[0.124816, 0.411486, 0.463698]",Major reason | Minor reason | Not a reason,0.0059896437608725,1.415983503696001,0.8933861230481668,2.6684158275362657,0.66944076,0.3441194688631005,0.6129605066666667,0.22941297924206702,0.5351272106164374,1,1,False,True,True,False,
905,INFOCREATEa_W45,How much made-up news and information do you think is created by journalists,4,"[1.0, 2.0, 3.0, 4.0]","['A lot', 'Some', 'Not much', 'None', 'Refused']","[0.37836847, 0.41152949, 0.21010204, 0.0]","[0.378368, 0.411529, 0.210102, 0.000000]",A lot | Some | Not much | None,0.0061762242457742,1.530571184163239,0.7652855920816195,2.889001962974901,0.27724452333333327,0.2494787718724904,0.3329333925,0.18710907890436781,0.31060813632001505,0,1,False,True,True,True,
906,INFOCREATEb_W45,How much made-up news and information do you think is created by political leaders and their staff,4,"[1.0, 2.0, 3.0, 4.0]","['A lot', 'Some', 'Not much', 'None', 'Refused']","[0.58621524, 0.35955748, 0.05422727, 0.0]","[0.586215, 0.359557, 0.054227, 0.000000]",A lot | Some | Not much | None,0.006139447883197,1.2102953264533778,0.6051476632266889,2.313849975295658,0.15600400666666664,0.1992851967923712,0.24200300375,0.14946389759427842,0.30162958893329356,1,1,False,True,True,True,
907,INFOCREATEc_W45,How much made-up news and information do you think is created by members of the public,4,"[1.0, 2.0, 3.0, 4.0]","['A lot', 'Some', 'Not much', 'None', 'Refused']","[0.26493663, 0.54718688, 0.18787649, 0.0]","[0.264937, 0.547187, 0.187876, 0.000000]",A lot | Some | Not much | None,0.0084040756655578,1.4368728663238708,0.7184364331619354,2.7073339709631523,0.30764662,0.2228289964233112,0.355734965,0.16712174731748342,0.23311136309430094,1,1,False,True,True,True,
908,INFOCREATEd_W45,How much made-up news and information do you think is created by foreign-based individuals or groups,4,"[1.0, 2.0, 3.0, 4.0]","['A lot', 'Some', 'Not much', 'None', 'Refused']","[0.35964296, 0.50102808, 0.13932896, 0.0]","[0.359643, 0.501028, 0.139329, 0.000000]",A lot | Some | Not much | None,0.011996059189632,1.4263197238996297,0.7131598619498148,2.6876024003885752,0.2598953333333333,0.22371451584652355,0.31992149999999997,0.16778588688489268,0.2601936568618275,1,1,False,True,True,True,
909,INFOCREATEe_W45,How much made-up news and information do you think is created by activist groups,4,"[1.0, 2.0, 3.0, 4.0]","['A lot', 'Some', 'Not much', 'None', 'Refused']","[0.54086666, 0.38735063, 0.07178272, 0.0]","[0.540867, 0.387351, 0.071783, 0.000000]",A lot | Some | Not much | None,0.0075730059050023,1.2823595176404918,0.6411797588202459,2.4323646328033184,0.1769720233333333,0.2088618999973358,0.25772901875,0.15664642499800185,0.2995016604297403,1,1,False,True,True,True,
914,MADEUPTOPICa_W45,How much made-up news and information do you think is created about politics and elections topics?,4,"[1.0, 2.0, 3.0, 4.0]","['A lot', 'Some', 'Not much', 'None', 'Refused']","[0.7499601, 0.22114539, 0.02889451, 0.0]","[0.749960, 0.221145, 0.028895, 0.000000]",A lot | Some | Not much | None,0.0048397931299816,0.9404771935493856,0.4702385967746928,1.9191629263010195,0.09297813666666666,0.16961362134698704,0.1947336025,0.12721021601024027,0.34113231327590154,1,1,False,True,True,True,
915,MADEUPTOPICb_W45,How much made-up news and information do you think is created about entertainment and celebrities topics?,4,"[1.0, 2.0, 3.0, 4.0]","['A lot', 'Some', 'Not much', 'None', 'Refused']","[0.61692898, 0.33026067, 0.05281035, 0.0]","[0.616929, 0.330261, 0.052810, 0.000000]",A lot | Some | Not much | None,0.00513037919595,1.1818301086164504,0.5909150543082252,2.26864379925202,0.14529378999999998,0.19762745571934726,0.23397034249999998,0.14822059178951044,0.31450723978081435,1,1,False,True,True,True,
916,MADEUPTOPICc_W45,How much made-up news and information do you think is created about science and technology topics?,4,"[1.0, 2.0, 3.0, 4.0]","['A lot', 'Some', 'Not much', 'None', 'Refused']","[0.17706951, 0.5189354, 0.30399509, 0.0]","[0.177070, 0.518935, 0.303995, 0.000000]",A lot | Some | Not much | None,0.0037123066445153,1.4555846142701911,0.7277923071350956,2.7426767825319516,0.37564186,0.2272919065728434,0.406731395,0.17046892992963256,0.2202724502339145,1,1,False,True,True,True,
917,MADEUPTOPICd_W45,How much made-up news and information do you think is created about Health and medicine topics?,4,"[1.0, 2.0, 3.0, 4.0]","['A lot', 'Some', 'Not much', 'None', 'Refused']","[0.28023231, 0.52957332, 0.19019437, 0.0]","[0.280232, 0.529573, 0.190194, 0.000000]",A lot | Some | Not much | None,0.0056585028416676,1.4553937357019224,0.7276968678509612,2.742313931359932,0.3033206866666667,0.22664702105073636,0.352490515,0.16998526578805226,0.24308887565327356,1,1,False,True,True,True,
918,MADEUPTOPICe_W45,"How much made-up news and information do you think is created about emergencies, such as shootings or natural disasters topics?",4,"[1.0, 2.0, 3.0, 4.0]","['A lot', 'Some', 'Not much', 'None', 'Refused']","[0.18349147, 0.44269788, 0.37381065, 0.0]","[0.183491, 0.442698, 0.373811, 0.000000]",A lot | Some | Not much | None,0.0042399749991951,1.499966957142041,0.7499834785710205,2.8283623444268478,0.39677306,0.24061973912843557,0.422579795,0.1804648043463267,0.2419020771526169,1,1,False,True,True,True,
919,MADEUPTOPICf_W45,How much made-up news and information do you think is created about business and finance topics?,4,"[1.0, 2.0, 3.0, 4.0]","['A lot', 'Some', 'Not much', 'None', 'Refused']","[0.26411438, 0.58112382, 0.1547618, 0.0]","[0.264114, 0.581124, 0.154762, 0.000000]",A lot | Some | Not much | None,0.0083693702667087,1.3789696070040205,0.6894848035020102,2.600825501398503,0.2968824733333333,0.2126337992489392,0.34766185499999996,0.1594753494367044,0.21659683928917364,1,1,False,True,True,True,
920,MADEUPLEVELa_W45,"How much made-up news and information do you think is created about National issues, events and public figures?",4,"[1.0, 2.0, 3.0, 4.0]","['A lot', 'Some', 'Not much', 'None', 'Refused']","[0.59054858, 0.36263165, 0.04681977, 0.0]","[0.590549, 0.362632, 0.046820, 0.000000]",A lot | Some | Not much | None,0.0071333042078674,1.1862157980374577,0.5931078990187288,2.2755508067269274,0.15209039666666668,0.19485816242589943,0.2390677975,0.14614362181942459,0.29443257608040285,1,1,False,True,True,True,
921,MADEUPLEVELb_W45,"How much made-up news and information do you think is created about local issues, events and public figures?",4,"[1.0, 2.0, 3.0, 4.0]","['A lot', 'Some', 'Not much', 'None', 'Refused']","[0.18346247, 0.53132161, 0.28521592, 0.0]","[0.183462, 0.531322, 0.285216, 0.000000]",A lot | Some | Not much | None,0.0055385685374507,1.4497826519090489,0.7248913259545244,2.731668945062809,0.36725114999999997,0.2256655897101573,0.4004383625,0.16924919228261798,0.21914731488666564,1,1,False,True,True,True,
927,MADEUPIMPa_W45,"Overall, how much of an impact do you think made-up news and information has on americans' confidence in government institutions?",4,"[1.0, 2.0, 3.0, 4.0]","['Big impact', 'Moderate impact', 'Small impact', 'No impact at all', 'Refused']","[0.68167388, 0.24136207, 0.05492668, 0.02203737]","[0.681674, 0.241362, 0.054927, 0.022037]",Big impact | Moderate impact | Small impact | No impact at all,0.0049975251059662,1.22306299901683,0.611531499508415,2.33441813982757,0.13910918,0.23219791470916173,0.22933188499999999,0.1741484360318713,0.45020753866618174,1,1,False,True,True,True,
928,MADEUPIMPb_W45,"Overall, how much of an impact do you think made-up news and information has on americans' confidence in each other?",4,"[1.0, 2.0, 3.0, 4.0]","['Big impact', 'Moderate impact', 'Small impact', 'No impact at all', 'Refused']","[0.5457362, 0.3436769, 0.08635271, 0.02423419]","[0.545736, 0.343677, 0.086353, 0.024234]",Big impact | Moderate impact | Small impact | No impact at all,0.0055668373706644,1.4415837803743394,0.7207918901871697,2.7161888316050113,0.19636162999999998,0.2494826741643346,0.27227122249999997,0.18711200562325095,0.3944241410511621,1,1,False,True,True,True,
929,MADEUPIMPc_W45,"Overall, how much of an impact do you think made-up news and information has on political leaders' ability to get work done?",4,"[1.0, 2.0, 3.0, 4.0]","['Big impact', 'Moderate impact', 'Small impact', 'No impact at all', 'Refused']","[0.51207569, 0.34591941, 0.10631925, 0.03568566]","[0.512076, 0.345919, 0.106319, 0.035686]",Big impact | Moderate impact | Small impact | No impact at all,0.008332477127206,1.5395991970211182,0.7697995985105591,2.9071372747776527,0.22187163,0.2686021784971471,0.29140372375,0.2014516338728604,0.4178939057322113,1,1,False,True,True,True,
930,MADEUPIMPd_W45,"Overall, how much of an impact do you think made-up news and information has on journalists' ability to get the information they need for their stories?",4,"[1.0, 2.0, 3.0, 4.0]","['Big impact', 'Moderate impact', 'Small impact', 'No impact at all', 'Refused']","[0.35574279, 0.42245848, 0.16945422, 0.05234451]","[0.355743, 0.422458, 0.169454, 0.052345]",Big impact | Moderate impact | Small impact | No impact at all,0.0103184944181513,1.7123582324685236,0.8561791162342618,3.2769603853319347,0.3061334833333333,0.2843934214428623,0.3546001125,0.21329506608214674,0.380760885810163,1,1,False,True,True,True,
931,MADEUPIMPe_W45,"Overall, how much of an impact do you think made-up news and information has on the public's ability to solve community problems?",4,"[1.0, 2.0, 3.0, 4.0]","['Big impact', 'Moderate impact', 'Small impact', 'No impact at all', 'Refused']","[0.3611096, 0.42174678, 0.1768111, 0.04033252]","[0.361110, 0.421747, 0.176811, 0.040333]",Big impact | Moderate impact | Small impact | No impact at all,0.007597041686467,1.6847493827687998,0.8423746913843999,3.2148454487843074,0.2987888466666666,0.27658852028247227,0.349091635,0.20744139021185423,0.36513637916631153,1,1,False,True,True,True,
947,NEWSPROBa_W45,How much of a problem is the amount of made-up news and information when it comes to how the public stays informed about the basic facts of current issues and events?,4,"[1.0, 2.0, 3.0, 4.0]","['A very big problem', 'A moderately big problem', 'A small problem', 'Not a problem at all', 'Refused']","[0.49451492, 0.3556181, 0.12324605, 0.02662093]","[0.494515, 0.355618, 0.123246, 0.026621]",A very big problem | A moderately big problem | A small problem | Not a problem at all,0.0093769156382084,1.544337048394644,0.772168524197322,2.9167000896053388,0.22732432999999996,0.2631230195830375,0.2954932475,0.19734226468727814,0.3941617992565518,1,1,False,True,True,True,
948,NEWSPROBb_W45,How much of a problem is the public's difficulty distinguishing facts from opinions when it comes to how the public stays informed about the basic facts of current issues and events?,4,"[1.0, 2.0, 3.0, 4.0]","['A very big problem', 'A moderately big problem', 'A small problem', 'Not a problem at all', 'Refused']","[0.51553323, 0.35304104, 0.09882389, 0.03260184]","[0.515533, 0.353041, 0.098824, 0.032602]",A very big problem | A moderately big problem | A small problem | Not a problem at all,0.0117290693172903,1.5140690866830548,0.7570345433415274,2.8561447289822364,0.21616477999999997,0.2627225513705717,0.287123585,0.1970419135279288,0.4073662049048673,1,1,False,True,True,True,
949,NEWSPROBc_W45,How much of a problem is too many different sources to choose from when it comes to how the public stays informed about the basic facts of current issues and events?,4,"[1.0, 2.0, 3.0, 4.0]","['A very big problem', 'A moderately big problem', 'A small problem', 'Not a problem at all', 'Refused']","[0.16907398, 0.33324293, 0.29708423, 0.20059887]","[0.169074, 0.333243, 0.297084, 0.200599]",A very big problem | A moderately big problem | A small problem | Not a problem at all,0.0080785048969489,1.9469818887044972,0.9734909443522486,3.8556708273637095,0.509736,0.33140988319614983,0.50730200125,0.2485574123971124,0.4394966817477662,0,1,False,True,True,True,
950,NEWSPROBd_W45,How much of a problem is too much news to keep up with when it comes to how the public stays informed about the basic facts of current issues and events?,4,"[1.0, 2.0, 3.0, 4.0]","['A very big problem', 'A moderately big problem', 'A small problem', 'Not a problem at all', 'Refused']","[0.18839743, 0.42038871, 0.28309259, 0.10812127]","[0.188397, 0.420389, 0.283093, 0.108121]",A very big problem | A moderately big problem | A small problem | Not a problem at all,0.0076075149715519,1.8416656363072132,0.9208328181536066,3.5842360078186926,0.4369792333333333,0.2994982557394413,0.452734425,0.22462369180458097,0.36458884990665,1,1,False,True,True,True,
951,NEWSPROBe_W45,How much of a problem is journalists inserting their own views when it comes to how the public stays informed about the basic facts of current issues and events?,4,"[1.0, 2.0, 3.0, 4.0]","['A very big problem', 'A moderately big problem', 'A small problem', 'Not a problem at all', 'Refused']","[0.37621249, 0.31787035, 0.24939086, 0.0565263]","[0.376212, 0.317870, 0.249391, 0.056526]",A very big problem | A moderately big problem | A small problem | Not a problem at all,0.0057462416982594,1.790155264381633,0.8950776321908165,3.4585211149407455,0.3287436566666667,0.3075926172739339,0.3715577425,0.23069446295545043,0.42875187332606757,1,1,False,True,True,True,
953,MADEUPSOLVE_W45,"Within the next five years, do you think the issue of made-up news and information will",3,"[1.0, 2.0, 3.0]","['Get better', 'Stay the same', 'Get worse', 'Refused']","[0.10428068, 0.32755372, 0.5681656]","[0.104281, 0.327554, 0.568166]",Get better | Stay the same | Get worse,0.01058423762548,1.3309380443749714,0.8397284123563783,2.5156619078445512,0.7319424600000001,0.3381039266988013,0.6546283066666667,0.2254026177992009,0.5826335112470612,1,1,False,True,True,False,
954,INFOCHALa_W45,How much of a challenge do you think political divides are in addressing made-up news and information?,4,"[1.0, 2.0, 3.0, 4.0]","['A very big challenge', 'A moderately big challenge', 'A small challenge', 'Not a challenge at all', 'Refused']","[0.64914613, 0.26146362, 0.06520667, 0.02418358]","[0.649146, 0.261464, 0.065207, 0.024184]",A very big challenge | A moderately big challenge | A small challenge | Not a challenge at all,0.0169282237909394,1.297383150486464,0.648691575243232,2.457826623027183,0.15480923333333332,0.24135023685569715,0.24110692499999997,0.18101267764177284,0.44518841563293876,1,1,False,True,True,True,
955,INFOCHALb_W45,How much of a challenge do you think the public's lack of effort is in addressing made-up news and information?,4,"[1.0, 2.0, 3.0, 4.0]","['A very big challenge', 'A moderately big challenge', 'A small challenge', 'Not a challenge at all', 'Refused']","[0.42699181, 0.41048361, 0.12866002, 0.03386457]","[0.426992, 0.410484, 0.128660, 0.033865]",A very big challenge | A moderately big challenge | A small challenge | Not a challenge at all,0.020199762926803,1.5975553874336077,0.7987776937168038,3.026300790941787,0.25646578666666664,0.2662355949874207,0.31734934124999997,0.19967669624056555,0.3717079449132968,0,1,False,True,True,True,
956,INFOCHALc_W45,How much of a challenge do you think low awareness of current events are in addressing made-up news and information?,4,"[1.0, 2.0, 3.0, 4.0]","['A very big challenge', 'A moderately big challenge', 'A small challenge', 'Not a challenge at all', 'Refused']","[0.41297453, 0.41282201, 0.14069746, 0.033506]","[0.412975, 0.412822, 0.140697, 0.033506]",A very big challenge | A moderately big challenge | A small challenge | Not a challenge at all,0.0188327166313378,1.616073723690867,0.8080368618454336,3.0653965623724484,0.26491164333333334,0.2678229599812149,0.3236837325,0.2008672199859112,0.36834520484323274,0,1,False,True,True,True,
957,INFOCHALd_W45,How much of a challenge do you think Digital technology is in addressing made-up news and information?,4,"[1.0, 2.0, 3.0, 4.0]","['A very big challenge', 'A moderately big challenge', 'A small challenge', 'Not a challenge at all', 'Refused']","[0.44385019, 0.35783885, 0.14565322, 0.05265773]","[0.443850, 0.357839, 0.145653, 0.052658]",A very big challenge | A moderately big challenge | A small challenge | Not a challenge at all,0.0244691664702903,1.6791421916083045,0.8395710958041522,3.202374852216178,0.2690394933333333,0.29115308167661125,0.32677961875,0.21836481125745846,0.4310551449327154,1,1,False,True,True,True,
958,INFOCHALe_W45,How much of a challenge do you think the ability to make money from it is in addressing made-up news and information?,4,"[1.0, 2.0, 3.0, 4.0]","['A very big challenge', 'A moderately big challenge', 'A small challenge', 'Not a challenge at all', 'Refused']","[0.45181111, 0.33898532, 0.1509082, 0.05829537]","[0.451811, 0.338985, 0.150908, 0.058295]",A very big challenge | A moderately big challenge | A small challenge | Not a challenge at all,0.0217175029264956,1.6976808881958634,0.8488404440979317,3.2437910441141633,0.27189594333333333,0.29850178000397826,0.3289219575,0.2238763350029837,0.45008824617339616,1,1,False,True,True,True,
1016,PP5a_W49,"How confident are you, if at all, that companies will follow what their privacy policies say they will do with your personal information?",4,"[1.0, 2.0, 3.0, 4.0]","['Very confident', 'Somewhat confident', 'Not too confident', 'Not confident at all', 'Refused']","[0.04873541, 0.37348319, 0.40540836, 0.17237305]","[0.048735, 0.373483, 0.405408, 0.172373]",Very confident | Somewhat confident | Not too confident | Not confident at all,0.0055044063305433,1.7083801889596828,0.8541900944798414,3.2679370403123285,0.5671396866666667,0.26908224501008043,0.55035476625,0.20181168375756037,0.294939049605461,0,1,False,True,True,True,
1017,PP5b_W49,"How confident are you, if at all, that companies will promptly notify you if your personal data has been misused or compromised?",4,"[1.0, 2.0, 3.0, 4.0]","['Very confident', 'Somewhat confident', 'Not too confident', 'Not confident at all', 'Refused']","[0.05096665, 0.29725121, 0.40767107, 0.24411107]","[0.050967, 0.297251, 0.407671, 0.244111]",Very confident | Somewhat confident | Not too confident | Not confident at all,0.0052968425450332,1.7634853768346543,0.8817426884173272,3.395173678726114,0.61497552,0.2830746089729244,0.58623164,0.2123059567296933,0.3384197191831573,1,1,False,True,True,True,
1018,PP5c_W49,"How confident are you, if at all, that companies will publicly admit mistakes and take responsibility when they misuse or compromise their users' personal data?",4,"[1.0, 2.0, 3.0, 4.0]","['Very confident', 'Somewhat confident', 'Not too confident', 'Not confident at all', 'Refused']","[0.02939154, 0.17860875, 0.46641196, 0.32558776]","[0.029392, 0.178609, 0.466412, 0.325588]",Very confident | Somewhat confident | Not too confident | Not confident at all,0.0046973991775711,1.6337146614456437,0.8168573307228219,3.103109618372214,0.6960653166666666,0.26119046860464384,0.64704898875,0.19589285145348287,0.3224663430925069,1,1,False,True,True,True,
1019,PP5d_W49,"How confident are you, if at all, that companies will use your personal information in ways you will feel comfortable with?",4,"[1.0, 2.0, 3.0, 4.0]","['Very confident', 'Somewhat confident', 'Not too confident', 'Not confident at all', 'Refused']","[0.03610782, 0.27346126, 0.47381897, 0.21661194]","[0.036108, 0.273461, 0.473819, 0.216612]",Very confident | Somewhat confident | Not too confident | Not confident at all,0.0053989993094526,1.6731527274432023,0.8365763637216012,3.189107495493256,0.6236450066666666,0.2620107537940679,0.59273375375,0.19650806534555096,0.29248466523620104,1,1,False,True,True,True,
1020,PP5e_W49,"How confident are you, if at all, that companies will be held accountable by the government if they misuse or compromise your data?",4,"[1.0, 2.0, 3.0, 4.0]","['Very confident', 'Somewhat confident', 'Not too confident', 'Not confident at all', 'Refused']","[0.04011359, 0.2060573, 0.43333745, 0.32049166]","[0.040114, 0.206057, 0.433337, 0.320492]",Very confident | Somewhat confident | Not too confident | Not confident at all,0.0049454307136196,1.7046247607579104,0.8523123803789552,3.2594414515926813,0.67806906,0.2760501542265358,0.633551795,0.2070376156699018,0.3490915546957436,1,1,False,True,True,True,
1021,PP6a_W49,"How comfortable are you, if at all, with companies using your personal data to help improve their fraud prevention systems?",4,"[1.0, 2.0, 3.0, 4.0]","['Very comfortable', 'Somewhat comfortable', 'Not too comfortable', 'Not comfortable at all', 'Refused']","[0.10477281, 0.47263183, 0.28693389, 0.13566147]","[0.104773, 0.472632, 0.286934, 0.135661]",Very comfortable | Somewhat comfortable | Not too comfortable | Not comfortable at all,0.0059084196998548,1.7598083574878816,0.8799041787439408,3.386531364708516,0.48449467333333335,0.2845473644628214,0.48837100499999997,0.21341052334711608,0.32418056217141256,1,1,False,True,True,True,
1022,PP6b_W49,"How comfortable are you, if at all, with companies using your personal data sharing it with outside groups doing research that might help improve society?",4,"[1.0, 2.0, 3.0, 4.0]","['Very comfortable', 'Somewhat comfortable', 'Not too comfortable', 'Not comfortable at all', 'Refused']","[0.05735336, 0.30356284, 0.36808764, 0.27099616]","[0.057353, 0.303563, 0.368088, 0.270996]",Very comfortable | Somewhat comfortable | Not too comfortable | Not comfortable at all,0.0047021120018455,1.7998329384890337,0.8999164692445168,3.4817990437241604,0.6175755333333333,0.29482254279338954,0.58818165,0.22111690709504214,0.3680320352684641,1,1,False,True,True,True,
1023,PP6c_W49,"How comfortable are you, if at all, with companies using your personal data to help them develop new products?",4,"[1.0, 2.0, 3.0, 4.0]","['Very comfortable', 'Somewhat comfortable', 'Not too comfortable', 'Not comfortable at all', 'Refused']","[0.08171624, 0.42339098, 0.31463523, 0.18025755]","[0.081716, 0.423391, 0.314635, 0.180258]",Very comfortable | Somewhat comfortable | Not too comfortable | Not comfortable at all,0.0047744951809653,1.7907007208940806,0.8953503604470403,3.459828965510294,0.5311446966666666,0.29158906602459717,0.5233585224999999,0.21869179951844786,0.34142143813302317,1,1,False,True,True,True,
1024,PRIVACYREG_W49,How much do you feel you understand the laws and regulations that are currently in place to protect your data privacy?,4,"[1.0, 2.0, 3.0, 4.0]","['A great deal', 'Some', 'Very little', 'Not at all', 'Refused']","[0.03136144, 0.33540808, 0.49289881, 0.14033167]","[0.031361, 0.335408, 0.492899, 0.140332]",A great deal | Some | Very little | Not at all,0.0024012721956441,1.5858953051585334,0.7929476525792667,3.0019403395131508,0.5807335699999999,0.24374965209673083,0.5605501774999999,0.18281223907254812,0.24401750754050144,1,1,False,True,True,True,
1025,GOVREGV1_W49,How much government regulation of what companies can do with their customers' personal information do you think there should be?,3,"[1.0, 2.0, 1.5]","['More regulation', 'Less regulation', 'About the same amount', 'Refused']","[0.75692899, 0.08189247, 0.16117854]","[0.756929, 0.161179, 0.081892]",More regulation | About the same amount | Less regulation,0.0138302957615155,1.024179905577464,0.646185575438828,2.033802948121882,0.16248173999999999,0.3094944089423465,0.27498782666666666,0.20632960596156433,0.7038932003630652,1,1,True,False,True,False,
1050,FACE2a_W49,"Based on what you know, how effective do you think facial recognition technology is at accurately identifying individual people?",4,"[1.0, 2.0, 3.0, 4.0]","['Very effective', 'Somewhat effective', 'Not too effective', 'Not effective at all', 'Refused']","[0.24201377, 0.61791717, 0.12537535, 0.01469372]","[0.242014, 0.617917, 0.125375, 0.014694]",Very effective | Somewhat effective | Not too effective | Not effective at all,0.0122874711457461,1.3895644655686423,0.6947822327843212,2.6199957392079924,0.3042496766666667,0.21565179406862942,0.35318725874999995,0.1617388455514721,0.21969623220823492,1,1,False,True,True,True,
1051,FACE2b_W49,"Based on what you know, how effective do you think facial recognition technology is at accurately assessing someone's gender?",4,"[1.0, 2.0, 3.0, 4.0]","['Very effective', 'Somewhat effective', 'Not too effective', 'Not effective at all', 'Refused']","[0.18361974, 0.55153019, 0.21933611, 0.04551396]","[0.183620, 0.551530, 0.219336, 0.045514]",Very effective | Somewhat effective | Not too effective | Not effective at all,0.0139928381169074,1.6054305922102396,0.8027152961051198,3.0428655561105713,0.37558143,0.2514287119979197,0.40668607250000005,0.18857153399843982,0.26955650680957755,1,1,False,True,True,True,
1052,FACE2c_W49,"Based on what you know, how effective do you think facial recognition technology is at accurately assessing someone's race?",4,"[1.0, 2.0, 3.0, 4.0]","['Very effective', 'Somewhat effective', 'Not too effective', 'Not effective at all', 'Refused']","[0.17706415, 0.54639818, 0.22861625, 0.04792142]","[0.177064, 0.546398, 0.228616, 0.047921]",Very effective | Somewhat effective | Not too effective | Not effective at all,0.0189505096352561,1.6154636125501467,0.8077318062750733,3.064100489995079,0.38246497999999995,0.2529033218143066,0.411848735,0.18967749136072992,0.27080445251505714,1,1,False,True,True,True,
1053,FACE3a_W49,"How much, if at all, do you trust the following groups to use facial recognition technology responsibly? Advertisers",4,"[1.0, 2.0, 3.0, 4.0]","['A great deal', 'Somewhat', 'Not too much', 'Not at all', 'Refused']","[0.0262486, 0.18259037, 0.400175, 0.39098603]","[0.026249, 0.182590, 0.400175, 0.390986]",A great deal | Somewhat | Not too much | Not at all,0.0102367857116796,1.6442619312246691,0.8221309656123346,3.1258789940416616,0.71863282,0.2696224665403313,0.663974615,0.20221684990524844,0.3595271311074503,0,1,False,True,True,True,
1054,FACE3b_W49,"How much, if at all, do you trust the following groups to use facial recognition technology responsibly? Technology companies",4,"[1.0, 2.0, 3.0, 4.0]","['A great deal', 'Somewhat', 'Not too much', 'Not at all', 'Refused']","[0.06026694, 0.35835068, 0.35016608, 0.23121631]","[0.060267, 0.358351, 0.350166, 0.231216]",A great deal | Somewhat | Not too much | Not at all,0.0110305883803549,1.7933890882474923,0.8966945441237462,3.4662821399741945,0.58411059,0.29236491440118945,0.56308294375,0.2192736858008921,0.35186621131106177,0,1,False,True,True,True,
1055,FACE3c_W49,"How much, if at all, do you trust the following groups to use facial recognition technology responsibly? Law enforcement agencies",4,"[1.0, 2.0, 3.0, 4.0]","['A great deal', 'Somewhat', 'Not too much', 'Not at all', 'Refused']","[0.20326405, 0.45670613, 0.20038341, 0.1396464]","[0.203264, 0.456706, 0.200383, 0.139646]",A great deal | Somewhat | Not too much | Not at all,0.0097675207061277,1.8449363787695692,0.9224681893847846,3.5923710685145425,0.42547071666666664,0.31372836393572806,0.44410303625,0.23529627295179606,0.40264816603107084,1,1,False,True,True,True,
1064,FAMSURV2Ma_W50,"In general, how important, if at all, is being married in order for a man to live a fulfilling life?",3,"[1.0, 2.0, 3.0]","['Essential', 'Important, but not essential', 'Not important', 'Refused']","[0.16522919, 0.54747656, 0.28729424]","[0.165229, 0.547477, 0.287294]","Essential | Important, but not essential | Not important",0.0060181522244927,1.421961901133383,0.8971580718700866,2.6794964434524298,0.5610325199999999,0.3307656093896019,0.540688345,0.22051040625973467,0.44424271387733627,1,1,False,True,True,False,
1065,FAMSURV2Mb_W50,"In general, how important, if at all, is being in a committed romantic relationship in order for a man to live a fulfilling life?",3,"[1.0, 2.0, 3.0]","['Essential', 'Important, but not essential', 'Not important', 'Refused']","[0.26412757, 0.59112796, 0.14474447]","[0.264128, 0.591128, 0.144744]","Essential | Important, but not essential | Not important",0.0077263737330709,1.3592618956663494,0.8575987728718419,2.565538891283475,0.44030844999999996,0.3140938217453465,0.4602056333333333,0.20939588116356436,0.4003252812749395,1,1,False,True,True,False,
1066,FAMSURV2Mc_W50,"In general, how important, if at all, is having children in order for a man to live a fulfilling life?",3,"[1.0, 2.0, 3.0]","['Essential', 'Important, but not essential', 'Not important', 'Refused']","[0.16496985, 0.58042752, 0.25460263]","[0.164970, 0.580428, 0.254603]","Essential | Important, but not essential | Not important",0.0071194764182122,1.3869072586653306,0.8750410549361827,2.6151745793704295,0.54481639,0.3207563112198541,0.5298775933333333,0.21383754081323608,0.4148715373046178,1,1,False,True,True,False,
1067,FAMSURV2Md_W50,"In general, how important, if at all, is having a job or career they enjoy in order for a man to live a fulfilling life?",3,"[1.0, 2.0, 3.0]","['Essential', 'Important, but not essential', 'Not important', 'Refused']","[0.57446563, 0.39522263, 0.03031174]","[0.574466, 0.395223, 0.030312]","Essential | Important, but not essential | Not important",0.0067754611346348,1.1416031400168989,0.7202713878072641,2.2062604932182865,0.227923055,0.2777921498161296,0.31861537,0.1851947665440864,0.4385217069609634,1,1,False,True,True,False,
1068,FAMSURV2Me_W50,"In general, how important, if at all, is having a lot of money in order for a man to live a fulfilling life?",3,"[1.0, 2.0, 3.0]","['Essential', 'Important, but not essential', 'Not important', 'Refused']","[0.20457075, 0.65111252, 0.14431672]","[0.204571, 0.651113, 0.144317]","Essential | Important, but not essential | Not important",0.0070249047053893,1.274413862032846,0.8040656239204329,2.4190051856320367,0.46987298,0.2937928359543735,0.47991531833333334,0.19586189063624906,0.3465149614959383,1,1,False,True,True,False,
1069,FAMSURV2Wa_W50,"In general, how important, if at all, is being married in order for a woman to live a fulfilling life?",3,"[1.0, 2.0, 3.0]","['Essential', 'Important, but not essential', 'Not important', 'Refused']","[0.17359835, 0.54734433, 0.27905733]","[0.173598, 0.547344, 0.279057]","Essential | Important, but not essential | Not important",0.0088005415747768,1.428291234346399,0.9011514365144463,2.691277645763401,0.552729495,0.33224015547814795,0.5351529983333334,0.22149343698543203,0.446499876032173,1,1,False,True,True,False,
1070,FAMSURV2Wb_W50,"In general, how important, if at all, is being in a committed romantic relationship in order for a woman to live a fulfilling life?",3,"[1.0, 2.0, 3.0]","['Essential', 'Important, but not essential', 'Not important', 'Refused']","[0.29993563, 0.5702082, 0.12985618]","[0.299936, 0.570208, 0.129856]","Essential | Important, but not essential | Not important",0.0078324397798551,1.3656180581292108,0.8616090648881952,2.576866965921795,0.41496028,0.3165694201028298,0.443306855,0.21104628006855325,0.41280603780046027,1,1,False,True,True,False,
1071,FAMSURV2Wc_W50,"In general, how important, if at all, is having children in order for a woman to live a fulfilling life?",3,"[1.0, 2.0, 3.0]","['Essential', 'Important, but not essential', 'Not important', 'Refused']","[0.21875223, 0.57163641, 0.20961137]","[0.218752, 0.571636, 0.209611]","Essential | Important, but not essential | Not important",0.0086506233065587,1.413364631227327,0.8917337984868713,2.66357634196735,0.49542957499999996,0.32721554237203343,0.49695305166666665,0.218143694914689,0.4283158326681117,1,1,False,True,True,False,
1072,FAMSURV2Wd_W50,"In general, how important, if at all, is having a job or career they enjoy in order for a woman to live a fulfilling life?",3,"[1.0, 2.0, 3.0]","['Essential', 'Important, but not essential', 'Not important', 'Refused']","[0.46271228, 0.48791714, 0.04937058]","[0.462712, 0.487917, 0.049371]","Essential | Important, but not essential | Not important",0.0082603365951493,1.2338644888200785,0.7784818178718245,2.3519615723554823,0.29332915000000004,0.2920751183519019,0.36221943333333334,0.19471674556793458,0.4115444239717209,0,1,False,True,True,False,
1073,FAMSURV2We_W50,"In general, how important, if at all, is having a lot of money in order for a woman to live a fulfilling life?",3,"[1.0, 2.0, 3.0]","['Essential', 'Important, but not essential', 'Not important', 'Refused']","[0.15234873, 0.68795373, 0.15969753]","[0.152349, 0.687954, 0.159698]","Essential | Important, but not essential | Not important",0.0092047544008642,1.2074428264011767,0.7618116049129185,2.309279545464903,0.503674395,0.2792813344720786,0.5024495950000001,0.1861875563147191,0.3120091051006513,1,1,False,True,True,False,
1074,FAMSURV3_W50,Do you think it is ever acceptable for an unmarried couple to live together?,3,"[1.0, 2.0, 3.0]","[""Yes, even if they don't plan to get married"", 'Yes, but only if they plan to get married', 'No, never acceptable', 'Refused']","[0.69726402, 0.15796341, 0.14477257]","[0.697264, 0.157963, 0.144773]","Yes, even if they don't plan to get married | Yes, but only if they plan to get married | No, never acceptable",0.0055589714915843,1.1869309243708956,0.7488700356196715,2.276679049109014,0.223754275,0.366329697020627,0.3158361833333333,0.24421979801375135,0.772633777680772,1,1,False,True,True,False,
1076,FAMSURV5a_W50,"Here are some things that people may want out of life. In general, who do you think has it easier when it comes to achieving being financially secure goals?",3,"[1.0, 2.0, 1.5]","['An unmarried person living with a partner has it easier', 'A married person has it easier', ""Doesn't make much difference"", 'Refused']","[0.07963515, 0.38867985, 0.531685]","[0.079635, 0.531685, 0.388680]",An unmarried person living with a partner has it easier | Doesn't make much difference | A married person has it easier,0.0033103606246491,1.3051637218374803,0.8234666253893277,2.4711176890066406,0.6545223499999999,0.30528936003483237,0.6030149,0.20352624002322162,0.412172392534532,1,1,True,False,True,False,
1077,FAMSURV5b_W50,"Here are some things that people may want out of life. In general, who do you think has it easier when it comes to achieving having a fulfilling sex life goals?",3,"[1.0, 2.0, 1.5]","['An unmarried person living with a partner has it easier', 'A married person has it easier', ""Doesn't make much difference"", 'Refused']","[0.12047016, 0.25749992, 0.62202992]","[0.120470, 0.622030, 0.257500]",An unmarried person living with a partner has it easier | Doesn't make much difference | A married person has it easier,0.0049870750178868,1.2979005647036326,0.8188840834487184,2.458708266393115,0.56851488,0.2996635300108867,0.5456765866666666,0.1997756866739245,0.36606661448077216,1,1,True,False,True,False,
1078,FAMSURV5c_W50,"Here are some things that people may want out of life. In general, who do you think has it easier when it comes to achieving having social status goals?",3,"[1.0, 2.0, 1.5]","['An unmarried person living with a partner has it easier', 'A married person has it easier', ""Doesn't make much difference"", 'Refused']","[0.07991595, 0.31349757, 0.60658648]","[0.079916, 0.606586, 0.313498]",An unmarried person living with a partner has it easier | Doesn't make much difference | A married person has it easier,0.0033096101183139,1.2534325223714695,0.7908278724582817,2.3840797931020763,0.61679081,0.29105547014193683,0.5778605400000001,0.1940369800946246,0.3584080222507016,1,1,True,False,True,False,
1079,FAMSURV5d_W50,"Here are some things that people may want out of life. In general, who do you think has it easier when it comes to achieving being happy goals?",3,"[1.0, 2.0, 1.5]","['An unmarried person living with a partner has it easier', 'A married person has it easier', ""Doesn't make much difference"", 'Refused']","[0.06950385, 0.23224236, 0.69825379]","[0.069504, 0.698254, 0.232242]",An unmarried person living with a partner has it easier | Doesn't make much difference | A married person has it easier,0.0027813236372686,1.118355007095659,0.7056034490322697,2.170992898968689,0.581369255,0.26232727048620963,0.5542461700000001,0.17488484699080642,0.28275070693596405,1,1,True,False,True,False,
1080,FAMSURV6_W50,"How do you feel about allowing unmarried couples to enter into legal agreements that would give them the same rights as married couples when it comes to things like health insurance, inheritance or tax benefits?",4,"[1.0, 2.0, 3.0, 4.0]","['Strongly favor', 'Somewhat favor', 'Somewhat oppose', 'Strongly oppose', 'Refused']","[0.33276389, 0.32055564, 0.19210537, 0.15457511]","[0.332764, 0.320556, 0.192105, 0.154575]",Strongly favor | Somewhat favor | Somewhat oppose | Strongly oppose,0.0063491698384176,1.9279673852522223,0.9639836926261112,3.8051870811736475,0.38949723666666664,0.3519438476858054,0.41712292874999995,0.2639578857643541,0.5209004595027384,0,1,False,True,True,True,
1081,FAMSURV7_W50,"Compared with couples who don't live together before marriage, do you think couples who do live together before marriage have a",3,"[1.0, 2.0, 1.5]","['Better chance of having a successful marriage', 'Worse chance of having a successful marriage', ""Doesn't make much difference"", 'Refused']","[0.48623059, 0.13481156, 0.37895785]","[0.486231, 0.378958, 0.134812]",Better chance of having a successful marriage | Doesn't make much difference | Worse chance of having a successful marriage,0.0029093266668395,1.426057191517616,0.8997419124230142,2.6871133722535383,0.324290485,0.3526849923635322,0.3828603233333333,0.23512332824235482,0.5676487930078403,1,1,True,False,True,False,
1083,FAMSURV9a_W50,"How important, if at all, do you think it is for a person to be financially stable before getting married?",4,"[1.0, 2.0, 3.0, 4.0]","['Very important', 'Somewhat important', 'Not too important', 'Not at all important', 'Refused']","[0.44278114, 0.45702019, 0.07800822, 0.02219044]","[0.442781, 0.457020, 0.078008, 0.022190]",Very important | Somewhat important | Not too important | Not at all important,0.0002811258139827,1.4456986077327687,0.7228493038663844,2.72394695225677,0.22653598333333333,0.23732304745457258,0.29490198625,0.17799228559092944,0.3214419269960996,0,1,False,True,True,True,
1084,FAMSURV9b_W50,"How important, if at all, do you think it is for a person to have a steady job before getting married?",4,"[1.0, 2.0, 3.0, 4.0]","['Very important', 'Somewhat important', 'Not too important', 'Not at all important', 'Refused']","[0.62452924, 0.30506867, 0.04870325, 0.02169884]","[0.624529, 0.305069, 0.048703, 0.021699]",Very important | Somewhat important | Not too important | Not at all important,0.0009975154300494,1.2789256946451295,0.6394628473225648,2.4265821372645173,0.15585722999999999,0.23010817376726292,0.2418929225,0.17258113032544722,0.4024586192252301,1,1,False,True,True,True,
1085,FAMSURV9c_W50,"How important, if at all, do you think it is for a person to buy a house before getting married?",4,"[1.0, 2.0, 3.0, 4.0]","['Very important', 'Somewhat important', 'Not too important', 'Not at all important', 'Refused']","[0.09460765, 0.2421519, 0.41331284, 0.24992761]","[0.094608, 0.242152, 0.413313, 0.249928]",Very important | Somewhat important | Not too important | Not at all important,0.0021934359616086,1.844099311501965,0.9220496557509825,3.590287340523001,0.6061868033333333,0.3050664381519817,0.5796401025,0.22879982861398626,0.38984513602218657,1,1,False,True,True,True,
1086,FAMSURV9e_W50,"How important, if at all, do you think it is for a person to be completely committed to their partner before getting married?",4,"[1.0, 2.0, 3.0, 4.0]","['Very important', 'Somewhat important', 'Not too important', 'Not at all important', 'Refused']","[0.90222355, 0.08373249, 0.0064345, 0.00760946]","[0.902224, 0.083732, 0.006435, 0.007609]",Very important | Somewhat important | Not too important | Not at all important,0.0008290718837178,0.5339276883553954,0.2669638441776977,1.447865599754286,0.03980995666666667,0.13486294942635618,0.1548574675,0.10114721206976712,0.47581310972206176,1,2,False,True,True,True,
1087,FAMSURV10a_W50,"If a person decides to move in with a partner without being married, how important, if at all, do you think it is for that person to be financially stable before moving in with their partner?",4,"[1.0, 2.0, 3.0, 4.0]","['Very important', 'Somewhat important', 'Not too important', 'Not at all important', 'Refused']","[0.49038057, 0.42673445, 0.05643245, 0.02645253]","[0.490381, 0.426734, 0.056432, 0.026453]",Very important | Somewhat important | Not too important | Not at all important,0.0034696706888877,1.401072815875528,0.700536407937764,2.6409789744708023,0.20631898,0.23744691252896377,0.279739235,0.17808518439672283,0.344308605180299,1,1,False,True,True,True,
1088,FAMSURV10b_W50,"If a person decides to move in with a partner without being married, how important, if at all, do you think it is for that person to have a steady job before moving in with their partner?",4,"[1.0, 2.0, 3.0, 4.0]","['Very important', 'Somewhat important', 'Not too important', 'Not at all important', 'Refused']","[0.60666641, 0.32365275, 0.04265753, 0.02702331]","[0.606666, 0.323653, 0.042658, 0.027023]",Very important | Somewhat important | Not too important | Not at all important,0.0049253462037336,1.299079084249647,0.6495395421248235,2.460717575021258,0.16334591333333331,0.2350781603769011,0.24750943500000003,0.17630862028267585,0.40436201926494997,1,1,False,True,True,True,
1089,FAMSURV10c_W50,"If a person decides to move in with a partner without being married, how important, if at all, do you think it is for that person to buy a house before moving in with their partner?",4,"[1.0, 2.0, 3.0, 4.0]","['Very important', 'Somewhat important', 'Not too important', 'Not at all important', 'Refused']","[0.09404407, 0.21926692, 0.38150454, 0.30518447]","[0.094044, 0.219267, 0.381505, 0.305184]",Very important | Somewhat important | Not too important | Not at all important,0.0045361234795191,1.853696300450028,0.926848150225014,3.6142499966203996,0.6326098033333334,0.31449939772757235,0.5994573525,0.2358745482956793,0.4255750461568001,1,1,False,True,True,True,
1090,FAMSURV10e_W50,"If a person decides to move in with a partner without being married, how important, if at all, do you think it is for that person to be completely committed to their partner before moving in with their partner?",4,"[1.0, 2.0, 3.0, 4.0]","['Very important', 'Somewhat important', 'Not too important', 'Not at all important', 'Refused']","[0.81231751, 0.15349457, 0.02051037, 0.01367755]","[0.812318, 0.153495, 0.020510, 0.013678]",Very important | Somewhat important | Not too important | Not at all important,0.004360552791439,0.8583147699682387,0.42915738498411937,1.812919379611105,0.07851598666666666,0.18353054802942764,0.18388698999999997,0.13764791102207072,0.46555481762180323,1,1,False,True,True,True,
1091,FAMSURV11W_W50,What do you think is the ideal situation for women with young children?,3,"[1.0, 2.0, 3.0]","['Working full-time for pay', 'Working part-time for pay', 'Not working for pay at all', 'Refused']","[0.34211403, 0.43872759, 0.21915838]","[0.342114, 0.438728, 0.219158]",Working full-time for pay | Working part-time for pay | Not working for pay at all,0.0438468082525519,1.5308242441612188,0.9658425631298504,2.8895087609699495,0.438522175,0.36951127118569654,0.45901478333333334,0.24634084745713106,0.5545378726352651,1,1,False,True,True,False,
1092,FAMSURV11M_W50,What do you think is the ideal situation for men with young children?,3,"[1.0, 2.0, 3.0]","['Working full-time for pay', 'Working part-time for pay', 'Not working for pay at all', 'Refused']","[0.79493442, 0.16846531, 0.03660027]","[0.794934, 0.168465, 0.036600]",Working full-time for pay | Working part-time for pay | Not working for pay at all,0.0484507423728488,0.8707208455964319,0.5493636885416878,1.8285763242299686,0.12083292500000001,0.25321137757996653,0.24722194999999997,0.168807585053311,0.6035450996611521,1,1,False,True,True,False,
1093,FAMSURV12_W50,Thinking about parents of young adults ages 18 to 29,3,"[1.0, 2.0, 1.5]","['Too much for their adult children', 'Too little for their adult children', 'About the right amount', 'Refused']","[0.55208354, 0.10068663, 0.34722983]","[0.552084, 0.347230, 0.100687]",Too much for their adult children | About the right amount | Too little for their adult children,0.0103519475238965,1.3365239010021326,0.8432526955016385,2.5254209803733487,0.27430154500000004,0.33504141521700415,0.3495343633333333,0.22336094347800278,0.5639135584695877,1,1,True,False,True,False,
1188,FIN_SITMOST_W54,How would you describe the financial situation of most Americans?,4,"[1.0, 2.0, 3.0, 4.0]","['Live comfortably', 'Meet their basic expenses with a little left over for extras', 'Just meet their basic expenses', ""Don't even have enough to meet basic expenses"", 'Refused']","[0.05068674, 0.38444823, 0.47205724, 0.09280779]","[0.050687, 0.384448, 0.472057, 0.092808]",Live comfortably | Meet their basic expenses with a little left over for extras | Just meet their basic expenses | Don't even have enough to meet basic expenses,0.0059275259557854,1.5777909987985814,0.7888954993992907,2.985124284511616,0.5356620266666667,0.2416478242507825,0.52674652,0.18123586818808687,0.23476898198124538,1,1,False,True,True,True,
1206,ECON1_W54,"Thinking about the nation's economy, how would you rate economic conditions in this country today?",4,"[1.0, 2.0, 3.0, 4.0]","['Excellent', 'Good', 'Only fair', 'Poor', 'Refused']","[0.10448822, 0.45847182, 0.35427122, 0.08276874]","[0.104488, 0.458472, 0.354271, 0.082769]",Excellent | Good | Only fair | Poor,0.0018988009251086,1.684213176017221,0.8421065880086105,3.213650808559481,0.4717734933333333,0.2619039898072425,0.47883011999999997,0.19642799235543187,0.2752520119017667,1,1,False,True,True,True,
1207,ECON1B_W54,"A year from now, do you expect that economic conditions in the country as a whole will be",3,"[1.0, 2.0, 1.5]","['Better', 'Worse', 'About the same as now', 'Refused']","[0.20143616, 0.31874231, 0.47982154]","[0.201436, 0.479822, 0.318742]",Better | About the same as now | Worse,0.0040121260652507,1.4997557450406855,0.9462405226358973,2.8279482994551035,0.55865308,0.35581516877087493,0.5391020550000001,0.2372101125139167,0.5134836498312639,1,1,True,False,True,False,
1208,ECON3_a_W54,"How much, if at all, do you think the availability of jobs is contributing to your opinion about how the economy is doing?",4,"[1.0, 2.0, 3.0, 4.0]","['A great deal', 'A fair amount', 'Not too much', 'Not at all', 'Refused']","[0.45198509, 0.39409096, 0.12731892, 0.02660503]","[0.451985, 0.394091, 0.127319, 0.026605]",A great deal | A fair amount | Not too much | Not at all,0.0060823409250788,1.5650217316229225,0.7825108658114612,2.9588195874921395,0.24284796333333333,0.2607757040369426,0.30713597249999997,0.195581778027707,0.36984239488694737,1,1,False,True,True,True,
1209,ECON3_b_W54,"How much, if at all, do you think how the stock market is doing is contributing to your opinion about how the economy is doing?",4,"[1.0, 2.0, 3.0, 4.0]","['A great deal', 'A fair amount', 'Not too much', 'Not at all', 'Refused']","[0.24954077, 0.45315238, 0.21851722, 0.07878963]","[0.249541, 0.453152, 0.218517, 0.078790]",A great deal | A fair amount | Not too much | Not at all,0.0120184960083577,1.785509945524431,0.8927549727622155,3.447402967743303,0.37551857,0.2919665434155838,0.4066389275000001,0.21897490756168786,0.3635090517537377,1,1,False,True,True,True,
1210,ECON3_c_W54,"How much, if at all, do you think prices for food and consumer goods are contributing to your opinion about how the economy is doing?",4,"[1.0, 2.0, 3.0, 4.0]","['A great deal', 'A fair amount', 'Not too much', 'Not at all', 'Refused']","[0.36909501, 0.45162724, 0.14676531, 0.03251244]","[0.369095, 0.451627, 0.146765, 0.032512]",A great deal | A fair amount | Not too much | Not at all,0.0058037276544061,1.6156712511706035,0.8078356255853018,3.064541519711653,0.28089839333333333,0.26271346317587735,0.33567379500000005,0.19703509738190803,0.3416843950327834,1,1,False,True,True,True,
1211,ECON3_d_W54,"How much, if at all, do you think the cost of health care is contributing to your opinion about how the economy is doing?",4,"[1.0, 2.0, 3.0, 4.0]","['A great deal', 'A fair amount', 'Not too much', 'Not at all', 'Refused']","[0.43172777, 0.30252535, 0.18907737, 0.07666951]","[0.431728, 0.302525, 0.189077, 0.076670]",A great deal | A fair amount | Not too much | Not at all,0.0085647628063276,1.7834077571704363,0.8917038785852182,3.4423833254994416,0.3035628733333333,0.31963636585666383,0.352672155,0.23972727439249789,0.4832610559725605,1,1,False,True,True,True,
1212,ECON3_e_W54,"How much, if at all, do you think real estate values are contributing to your opinion about how the economy is doing?",4,"[1.0, 2.0, 3.0, 4.0]","['A great deal', 'A fair amount', 'Not too much', 'Not at all', 'Refused']","[0.27154598, 0.46920365, 0.20201978, 0.05723058]","[0.271546, 0.469204, 0.202020, 0.057231]",A great deal | A fair amount | Not too much | Not at all,0.0093621158173018,1.725282649213877,0.8626413246069385,3.3064490004050073,0.34831165,0.27898007283468335,0.38623373625,0.20923505462601255,0.3428770433208972,1,1,False,True,True,True,
1213,ECON3_f_W54,"How much, if at all, do you think gas prices are contributing to your opinion about how the economy is doing?",4,"[1.0, 2.0, 3.0, 4.0]","['A great deal', 'A fair amount', 'Not too much', 'Not at all', 'Refused']","[0.2350499, 0.40342094, 0.28643273, 0.07509642]","[0.235050, 0.403421, 0.286433, 0.075096]",A great deal | A fair amount | Not too much | Not at all,0.0069527590251136,1.8164884877100904,0.9082442438550452,3.5222284573670732,0.40052522,0.29462510243390927,0.42539391375,0.22096882682543198,0.3615253110348453,1,1,False,True,True,True,
1214,ECON3_g_W54,"How much, if at all, do you think the federal budget deficit is contributing to your opinion about how the economy is doing?",4,"[1.0, 2.0, 3.0, 4.0]","['A great deal', 'A fair amount', 'Not too much', 'Not at all', 'Refused']","[0.32362738, 0.34752107, 0.24688, 0.08197155]","[0.323627, 0.347521, 0.246880, 0.081972]",A great deal | A fair amount | Not too much | Not at all,0.014528693349873,1.8506902877944336,0.9253451438972168,3.6067271521429816,0.3623985733333333,0.31460565906008636,0.39679893,0.23595424429506479,0.4283485501436288,0,1,False,True,True,True,
1215,ECON3_h_W54,"How much, if at all, do you think wages and incomes are contributing to your opinion about how the economy is doing?",4,"[1.0, 2.0, 3.0, 4.0]","['A great deal', 'A fair amount', 'Not too much', 'Not at all', 'Refused']","[0.48134419, 0.39842795, 0.09374194, 0.02648592]","[0.481344, 0.398428, 0.093742, 0.026486]",A great deal | A fair amount | Not too much | Not at all,0.0067575200121534,1.4956008011389608,0.7478004005694804,2.8198155599912997,0.2217898633333333,0.2514518506379462,0.2913423975,0.1885888879784596,0.36632882741250716,1,1,False,True,True,True,
1216,ECON3_i_W54,"How much, if at all, do you think the country's tax system is contributing to your opinion about how the economy is doing?",4,"[1.0, 2.0, 3.0, 4.0]","['A great deal', 'A fair amount', 'Not too much', 'Not at all', 'Refused']","[0.3623442, 0.40298349, 0.18618424, 0.04848808]","[0.362344, 0.402983, 0.186184, 0.048488]",A great deal | A fair amount | Not too much | Not at all,0.00966723104158,1.7223157872618715,0.8611578936309358,3.2996563674493027,0.30693873666666666,0.2860090685975341,0.35520405374999997,0.21450680144815062,0.3845353587976613,0,1,False,True,True,True,
1226,INEQ1_W54,"Thinking about the level of economic inequality in the country these days, would you say there is",3,"[1.0, 2.0, 1.5]","['Too much economic inequality', 'Too little economic inequality', 'About the right amount of economic inequality', 'Refused']","[0.62423848, 0.1355498, 0.24021173]","[0.624238, 0.240212, 0.135550]",Too much economic inequality | About the right amount of economic inequality | Too little economic inequality,0.0272823031387124,1.3094456864249806,0.826168244251321,2.478462939671482,0.25565566500000003,0.3608918315880895,0.3371037783333334,0.24059455439205973,0.6844233170433724,1,1,True,False,True,False,
1228,INEQ3_W54,"In order to address economic inequality in this country, do you think our economic system",3,"[1.0, 2.0, 3.0]","['Requires only minor changes', 'Requires major changes', 'Needs to be completely rebuilt', 'Refused']","[0.18762192, 0.67529177, 0.13708631]","[0.187622, 0.675292, 0.137086]",Requires only minor changes | Requires major changes | Needs to be completely rebuilt,0.0079481185883688,1.2284398504630527,0.7750592521300119,2.343134631031869,0.47473219499999997,0.28379322671706236,0.48315479666666666,0.18919548447804158,0.322979221922496,1,1,False,True,True,False,
1229,INEQ4_a_W54,"How much responsibility, if any, should the federal government have in reducing economic inequality in our country?",4,"[1.0, 2.0, 3.0, 4.0]","['A lot', 'Some', 'Only a little', 'None', 'Refused']","[0.67434773, 0.27478496, 0.05086732, 0.0]","[0.674348, 0.274785, 0.050867, 0.000000]",A lot | Some | Only a little | None,0.0031961774450931,1.114002074721743,0.5570010373608715,2.164452401721192,0.12550653333333334,0.19335839844229108,0.21912990125,0.1450187988317183,0.3406459087451998,1,1,False,True,True,True,
1230,INEQ4_b_W54,"How much responsibility, if any, should state governments have in reducing economic inequality in our country?",4,"[1.0, 2.0, 3.0, 4.0]","['A lot', 'Some', 'Only a little', 'None', 'Refused']","[0.53701468, 0.40645888, 0.05652644, 0.0]","[0.537015, 0.406459, 0.056526, 0.000000]",A lot | Some | Only a little | None,0.0058168884544312,1.2438987603697995,0.6219493801848998,2.3683770194714704,0.17317058666666668,0.20074089746118623,0.25487794,0.15055567309588969,0.28143731378741765,1,1,False,True,True,True,
1231,INEQ4_c_W54,"How much responsibility, if any, should large businesses and corporations have in reducing economic inequality in our country?",4,"[1.0, 2.0, 3.0, 4.0]","['A lot', 'Some', 'Only a little', 'None', 'Refused']","[0.64019129, 0.30167453, 0.05813418, 0.0]","[0.640191, 0.301675, 0.058134, 0.000000]",A lot | Some | Only a little | None,0.0024232637307671,1.1721007949163291,0.5860503974581646,2.253395886603218,0.13931429666666667,0.19987078901086958,0.22948572250000002,0.1499030917581522,0.3331642380947377,1,1,False,True,True,True,
1232,INEQ4_d_W54,"How much responsibility, if any, should churches and other religious organizations have in reducing economic inequality in our country?",4,"[1.0, 2.0, 3.0, 4.0]","['A lot', 'Some', 'Only a little', 'None', 'Refused']","[0.18712727, 0.4318358, 0.38103693, 0.0]","[0.187127, 0.431836, 0.381037, 0.000000]",A lot | Some | Only a little | None,0.0067059684141304,1.5060043656970723,0.7530021828485362,2.8402233117901594,0.39796988666666666,0.2427992412029797,0.423477415,0.1820994309022348,0.24605161720761687,1,1,False,True,True,True,
1233,INEQ4_e_W54,"How much responsibility, if any, should wealthy individuals have in reducing economic inequality in our country?",4,"[1.0, 2.0, 3.0, 4.0]","['A lot', 'Some', 'Only a little', 'None', 'Refused']","[0.49380779, 0.38407727, 0.12211494, 0.0]","[0.493808, 0.384077, 0.122115, 0.000000]",A lot | Some | Only a little | None,0.0030441940938241,1.4033751602046207,0.7016875801023104,2.645196981154854,0.20943571666666666,0.23040234259488032,0.2820767875,0.17280175694616026,0.3206164816997741,1,1,False,True,True,True,
1234,INEQ5_a_W54,"How much, if at all, do you think the outsourcing of jobs to other countries contributes to economic inequality in this country?",4,"[1.0, 2.0, 3.0, 4.0]","['Contributes a great deal', 'Contributes a fair amount', 'Contributes not too much', 'Contributes not at all', 'Refused']","[0.45700253, 0.3735421, 0.12872599, 0.04072937]","[0.457003, 0.373542, 0.128726, 0.040729]",Contributes a great deal | Contributes a fair amount | Contributes not too much | Contributes not at all,0.0105129965744235,1.615765618371189,0.8078828091855945,3.0647419790286854,0.25106073,0.2764310187197542,0.31329554625000006,0.20732326403981566,0.4063948148205116,1,1,False,True,True,True,
1235,INEQ5_b_W54,"How much, if at all, do you think our current trade policies with other countries contributes to economic inequality in this country?",4,"[1.0, 2.0, 3.0, 4.0]","['Contributes a great deal', 'Contributes a fair amount', 'Contributes not too much', 'Contributes not at all', 'Refused']","[0.29692714, 0.42530241, 0.22593113, 0.05183933]","[0.296927, 0.425302, 0.225931, 0.051839]",Contributes a great deal | Contributes a fair amount | Contributes not too much | Contributes not at all,0.0179378631284969,1.7509496727650176,0.8754748363825088,3.365800513899117,0.3442275533333334,0.2846337674977481,0.38317066625,0.21347532562331112,0.35890048680940667,1,1,False,True,True,True,
1236,INEQ5_c_W54,"How much, if at all, do you think the automation of jobs contributes to economic inequality in this country?",4,"[1.0, 2.0, 3.0, 4.0]","['Contributes a great deal', 'Contributes a fair amount', 'Contributes not too much', 'Contributes not at all', 'Refused']","[0.30985361, 0.43949737, 0.20926186, 0.04138716]","[0.309854, 0.439497, 0.209262, 0.041387]",Contributes a great deal | Contributes a fair amount | Contributes not too much | Contributes not at all,0.0187639624695862,1.7074192623616449,0.8537096311808224,3.2657611112603315,0.3273941899999999,0.2757508233468508,0.3705456425,0.20681311751013812,0.34530435296301015,1,1,False,True,True,True,
1237,INEQ5_d_W54,"How much, if at all, do you think too much regulation of major corporations contributes to economic inequality in this country?",4,"[1.0, 2.0, 3.0, 4.0]","['Contributes a great deal', 'Contributes a fair amount', 'Contributes not too much', 'Contributes not at all', 'Refused']","[0.14947104, 0.29601777, 0.30444764, 0.25006355]","[0.149471, 0.296018, 0.304448, 0.250064]",Contributes a great deal | Contributes a fair amount | Contributes not too much | Contributes not at all,0.0139180955972419,1.9521249608978852,0.9760624804489426,3.8694404605338724,0.5517012333333333,0.33747625797088965,0.538775925,0.25310719347816724,0.46048443059387784,0,1,False,True,True,True,
1238,INEQ5_e_W54,"How much, if at all, do you think not enough regulation of major corporations contributes to economic inequality in this country?",4,"[1.0, 2.0, 3.0, 4.0]","['Contributes a great deal', 'Contributes a fair amount', 'Contributes not too much', 'Contributes not at all', 'Refused']","[0.37693578, 0.31747289, 0.1963116, 0.10927973]","[0.376936, 0.317473, 0.196312, 0.109280]",Contributes a great deal | Contributes a fair amount | Contributes not too much | Contributes not at all,0.0144281258237162,1.866211579805376,0.933105789902688,3.645739752754964,0.34597842666666667,0.33481789653005933,0.38448382000000003,0.2511134223975445,0.49542307873721103,1,1,False,True,True,True,
1239,INEQ5_f_W54,"How much, if at all, do you think some people work harder than others contributes to economic inequality in this country?",4,"[1.0, 2.0, 3.0, 4.0]","['Contributes a great deal', 'Contributes a fair amount', 'Contributes not too much', 'Contributes not at all', 'Refused']","[0.3437797, 0.32277794, 0.22071976, 0.11272259]","[0.343780, 0.322778, 0.220720, 0.112723]",Contributes a great deal | Contributes a fair amount | Contributes not too much | Contributes not at all,0.0125121615254169,1.8922348164293528,0.9461174082146764,3.7120980465045887,0.3674617433333333,0.3341501795642384,0.40059630625,0.25061263467317885,0.48037950386405115,0,1,False,True,True,True,
1240,INEQ5_g_W54,"How much, if at all, do you think our tax system contributes to economic inequality in this country?",4,"[1.0, 2.0, 3.0, 4.0]","['Contributes a great deal', 'Contributes a fair amount', 'Contributes not too much', 'Contributes not at all', 'Refused']","[0.45220397, 0.35247569, 0.14321578, 0.05210455]","[0.452204, 0.352476, 0.143216, 0.052105]",Contributes a great deal | Contributes a fair amount | Contributes not too much | Contributes not at all,0.0131582141460394,1.6716512440022953,0.8358256220011476,3.185790161568106,0.26507363333333334,0.2909569410448195,0.32380522375000004,0.21821770578361463,0.43455733478568176,1,1,False,True,True,True,
1241,INEQ5_h_W54,"How much, if at all, do you think the different life choices people make contributes to economic inequality in this country?",4,"[1.0, 2.0, 3.0, 4.0]","['Contributes a great deal', 'Contributes a fair amount', 'Contributes not too much', 'Contributes not at all', 'Refused']","[0.42541969, 0.36232314, 0.161085, 0.05117217]","[0.425420, 0.362323, 0.161085, 0.051172]",Contributes a great deal | Contributes a fair amount | Contributes not too much | Contributes not at all,0.0103130819159308,1.6990036855711463,0.8495018427855732,3.2467666182289414,0.27933655,0.29153854262189327,0.3345024125,0.21865390696641998,0.4222130916626787,1,1,False,True,True,True,
1242,INEQ5_i_W54,"How much, if at all, do you think some people starting out with more opportunities than others contributes to economic inequality in this country?",4,"[1.0, 2.0, 3.0, 4.0]","['Contributes a great deal', 'Contributes a fair amount', 'Contributes not too much', 'Contributes not at all', 'Refused']","[0.39884151, 0.37801558, 0.17130858, 0.05183432]","[0.398842, 0.378016, 0.171309, 0.051834]",Contributes a great deal | Contributes a fair amount | Contributes not too much | Contributes not at all,0.0091291403209726,1.7168138002252968,0.8584069001126484,3.287096476478041,0.2920452333333333,0.29100305601857945,0.34403392375,0.2182522920139346,0.4095806842694818,0,1,False,True,True,True,
1243,INEQ5_j_W54,"How much, if at all, do you think problems with our educational system contributes to economic inequality in this country?",4,"[1.0, 2.0, 3.0, 4.0]","['Contributes a great deal', 'Contributes a fair amount', 'Contributes not too much', 'Contributes not at all', 'Refused']","[0.4440266, 0.40121865, 0.12276168, 0.03199308]","[0.444027, 0.401219, 0.122762, 0.031993]",Contributes a great deal | Contributes a fair amount | Contributes not too much | Contributes not at all,0.008464913058608,1.5790676323603114,0.7895338161801557,2.9877669750071068,0.24757374999999998,0.26427431882521574,0.31068031375,0.19820573911891182,0.37492240203253774,0,1,False,True,True,True,
1244,INEQ5_k_W54,"How much, if at all, do you think discrimination against racial and ethnic minorities contributes to economic inequality in this country?",4,"[1.0, 2.0, 3.0, 4.0]","['Contributes a great deal', 'Contributes a fair amount', 'Contributes not too much', 'Contributes not at all', 'Refused']","[0.32181497, 0.30393559, 0.24392066, 0.13032878]","[0.321815, 0.303936, 0.243921, 0.130329]",Contributes a great deal | Contributes a fair amount | Contributes not too much | Contributes not at all,0.0134721248845678,1.9282437844653064,0.9641218922326532,3.8059161690553576,0.3942544166666666,0.34215791423282865,0.4206908125,0.2566184356746215,0.49021472926261084,0,1,False,True,True,True,
1245,INEQ5_l_W54,"How much, if at all, do you think the growing number of illegal immigrants working in the U.S. contributes to economic inequality in this country?",4,"[1.0, 2.0, 3.0, 4.0]","['Contributes a great deal', 'Contributes a fair amount', 'Contributes not too much', 'Contributes not at all', 'Refused']","[0.28307592, 0.25731531, 0.30767532, 0.15193345]","[0.283076, 0.257315, 0.307675, 0.151933]",Contributes a great deal | Contributes a fair amount | Contributes not too much | Contributes not at all,0.0082295950518885,1.9555685084916747,0.9777842542458374,3.878687402415325,0.4428221,0.34810517723564044,0.4571165749999999,0.26107888292673037,0.49113150667442973,1,2,False,True,True,True,
1246,INEQ5_m_W54,"How much, if at all, do you think the growing number of legal immigrants working in the U.S. contributes to economic inequality in this country?",4,"[1.0, 2.0, 3.0, 4.0]","['Contributes a great deal', 'Contributes a fair amount', 'Contributes not too much', 'Contributes not at all', 'Refused']","[0.23478212, 0.25961528, 0.32318062, 0.18242198]","[0.234782, 0.259615, 0.323181, 0.182422]",Contributes a great deal | Contributes a fair amount | Contributes not too much | Contributes not at all,0.0133881504222226,1.9703649505554128,0.9851824752777064,3.9186723497682956,0.48441415333333326,0.34676632100549093,0.48831061499999995,0.2600747407541182,0.4814553433980791,1,1,False,True,True,True,
1247,INEQ6_W54,"Thinking about children growing up in this country these days, how much, if at all, do you think their family's financial situation impacts their ability to succeed in life?",4,"[1.0, 2.0, 3.0, 4.0]","['A great deal', 'A fair amount', 'Not too much', 'Not at all', 'Refused']","[0.50928698, 0.37446834, 0.10401104, 0.01223365]","[0.509287, 0.374468, 0.104011, 0.012234]",A great deal | A fair amount | Not too much | Not at all,0.0021583857849225,1.4437546066805398,0.7218773033402699,2.7202789631784015,0.20639712333333335,0.23972609396547706,0.27979784375000005,0.17979457047410782,0.35085182906000495,1,1,False,True,True,True,
1249,INEQ8_a_W54,"How much, if at all, do you think the following proposals would do to reduce economic inequality in the U.S.? Increasing the federal minimum wage",4,"[1.0, 2.0, 3.0, 4.0]","['A great deal', 'A fair amount', 'Not too much', 'Nothing at all', 'Refused']","[0.3915671, 0.27925613, 0.20407254, 0.12510424]","[0.391567, 0.279256, 0.204073, 0.125104]",A great deal | A fair amount | Not too much | Nothing at all,0.0050181382784373,1.8866556694323924,0.9433278347161962,3.6977704537360316,0.3542379766666667,0.34834905295910756,0.39067848375,0.2612617897193307,0.5304710025235674,1,1,False,True,True,True,
1250,INEQ8_b_W54,"How much, if at all, do you think the following proposals would do to reduce economic inequality in the U.S.? Making college tuition free at both public two-year and four-year colleges",4,"[1.0, 2.0, 3.0, 4.0]","['A great deal', 'A fair amount', 'Not too much', 'Nothing at all', 'Refused']","[0.38840784, 0.27592746, 0.18045696, 0.15520774]","[0.388408, 0.275927, 0.180457, 0.155208]",A great deal | A fair amount | Not too much | Nothing at all,0.0068788458443217,1.9054342415198289,0.9527171207599144,3.7462164060400314,0.36748820000000004,0.3619694225494192,0.40061615,0.2714770669120644,0.5636788494550139,1,1,False,True,True,True,
1251,INEQ8_c_W54,"How much, if at all, do you think the following proposals would do to reduce economic inequality in the U.S.? Increasing taxes on the wealthiest Americans",4,"[1.0, 2.0, 3.0, 4.0]","['A great deal', 'A fair amount', 'Not too much', 'Nothing at all', 'Refused']","[0.46455801, 0.24433181, 0.18119095, 0.10991923]","[0.464558, 0.244332, 0.181191, 0.109919]",A great deal | A fair amount | Not too much | Nothing at all,0.0049152354341058,1.807257121115695,0.9036285605578475,3.49976274147703,0.3121571333333333,0.346633010703129,0.35911784999999996,0.25997475802734676,0.5595995247856389,1,1,False,True,True,True,
1252,INEQ8_d_W54,"How much, if at all, do you think the following proposals would do to reduce economic inequality in the U.S.? Expanding Medicare so that it covers Americans of all ages",4,"[1.0, 2.0, 3.0, 4.0]","['A great deal', 'A fair amount', 'Not too much', 'Nothing at all', 'Refused']","[0.41127742, 0.26615929, 0.18021839, 0.1423449]","[0.411277, 0.266159, 0.180218, 0.142345]",A great deal | A fair amount | Not too much | Nothing at all,0.006676809152258,1.8813329850058669,0.9406664925029334,3.6841530212794558,0.35121025666666666,0.3587012298261616,0.3884076925,0.2690259223696212,0.5646698054667075,1,1,False,True,True,True,
1253,INEQ8_e_W54,"How much, if at all, do you think the following proposals would do to reduce economic inequality in the U.S.? Ensuring that workers have the skills they need for today's jobs",4,"[1.0, 2.0, 3.0, 4.0]","['A great deal', 'A fair amount', 'Not too much', 'Nothing at all', 'Refused']","[0.5638586, 0.35157319, 0.06009596, 0.02447225]","[0.563859, 0.351573, 0.060096, 0.024472]",A great deal | A fair amount | Not too much | Nothing at all,0.0086923128104269,1.3710685159336131,0.6855342579668066,2.586620703681617,0.18172728666666665,0.23920795683694238,0.261295465,0.17940596762770677,0.3847981999649926,1,1,False,True,True,True,
1254,INEQ8_f_W54,"How much, if at all, do you think the following proposals would do to reduce economic inequality in the U.S.? Making college tuition free at public two-year colleges",4,"[1.0, 2.0, 3.0, 4.0]","['A great deal', 'A fair amount', 'Not too much', 'Nothing at all', 'Refused']","[0.45119483, 0.29418116, 0.15536942, 0.09925459]","[0.451195, 0.294181, 0.155369, 0.099255]",A great deal | A fair amount | Not too much | Nothing at all,0.0075965260857198,1.7854924909135272,0.8927462454567636,3.4473612591966454,0.30089458999999996,0.33235057818490854,0.3506709425,0.2492629336386814,0.5250925239923313,1,1,False,True,True,True,
1255,INEQ8_g_W54,"How much, if at all, do you think the following proposals would do to reduce economic inequality in the U.S.? Eliminating college debt",4,"[1.0, 2.0, 3.0, 4.0]","['A great deal', 'A fair amount', 'Not too much', 'Nothing at all', 'Refused']","[0.39471425, 0.29463995, 0.17694674, 0.13369905]","[0.394714, 0.294640, 0.176947, 0.133699]",A great deal | A fair amount | Not too much | Nothing at all,0.0075840258524678,1.879043430619096,0.939521715309548,3.6783109141171404,0.34987685999999996,0.35023706170275587,0.38740764375,0.2626777962770669,0.5392788114521545,1,1,False,True,True,True,
1256,INEQ8_h_W54,"How much, if at all, do you think the following proposals would do to reduce economic inequality in the U.S.? Reducing illegal immigration",4,"[1.0, 2.0, 3.0, 4.0]","['A great deal', 'A fair amount', 'Not too much', 'Nothing at all', 'Refused']","[0.29546592, 0.23736415, 0.3143908, 0.15277914]","[0.295466, 0.237364, 0.314391, 0.152779]",A great deal | A fair amount | Not too much | Nothing at all,0.0090728474359723,1.951134236741596,0.975567118370798,3.866784159620915,0.44149439,0.35208647295315076,0.45612079375,0.2640648547148631,0.5027429053828779,2,2,False,True,True,True,
1257,INEQ8_i_W54,"How much, if at all, do you think the following proposals would do to reduce economic inequality in the U.S.? Expanding government benefits for the poor",4,"[1.0, 2.0, 3.0, 4.0]","['A great deal', 'A fair amount', 'Not too much', 'Nothing at all', 'Refused']","[0.30539882, 0.30734649, 0.24898703, 0.13826766]","[0.305399, 0.307346, 0.248987, 0.138268]",A great deal | A fair amount | Not too much | Nothing at all,0.0086540561795464,1.939844138641904,0.969922069320952,3.836641963829537,0.4067078433333333,0.34302609579064247,0.4300308825,0.2572695718429818,0.48764431539341907,0,1,False,True,True,True,
1258,INEQ8_j_W54,"How much, if at all, do you think the following proposals would do to reduce economic inequality in the U.S.? Breaking up large corporations",4,"[1.0, 2.0, 3.0, 4.0]","['A great deal', 'A fair amount', 'Not too much', 'Nothing at all', 'Refused']","[0.26662629, 0.31999045, 0.27488476, 0.1384985]","[0.266626, 0.319990, 0.274885, 0.138498]",A great deal | A fair amount | Not too much | Nothing at all,0.0128049888691006,1.94166130878974,0.97083065439487,3.841477513708763,0.42841849,0.33568079527284367,0.4463138675,0.2517605964546328,0.46015761481408535,0,1,False,True,True,True,
1263,ECON5_b_W54,Do you think the country's current economic conditions are helping or hurting people who are wealthy?,5,"[1.0, 2.0, 3.0, 4.0, 2.5]","['Helping a lot', 'Helping a little', 'Hurting a little', 'Hurting a lot', 'Neither helping nor hurting', 'Refused']","[0.53820343, 0.1615689, 0.06203361, 0.04147572, 0.19671835]","[0.538203, 0.161569, 0.196718, 0.062034, 0.041476]",Helping a lot | Helping a little | Neither helping nor hurting | Hurting a little | Hurting a lot,0.0092809554726407,1.80662949013076,0.7780729705234048,3.4982405335625586,0.23504693499999998,0.28448346126428814,0.281401863,0.23218013952963185,0.45011622214367086,1,2,True,False,True,False,
1264,ECON5_c_W54,Do you think the country's current economic conditions are helping or hurting the middle class?,5,"[1.0, 2.0, 3.0, 4.0, 2.5]","['Helping a lot', 'Helping a little', 'Hurting a little', 'Hurting a lot', 'Neither helping nor hurting', 'Refused']","[0.09629713, 0.22549753, 0.31041527, 0.27071142, 0.09707866]","[0.096297, 0.225498, 0.097079, 0.310415, 0.270711]",Helping a lot | Helping a little | Neither helping nor hurting | Hurting a little | Hurting a lot,0.0095454269765911,2.170562071441722,0.9348102020131752,4.501987563537706,0.6013601066666667,0.3104266967571062,0.586749269,0.26950407282768973,0.40197843493882035,1,2,True,False,True,False,
1265,ECON5_d_W54,Do you think the country's current economic conditions are helping or hurting people who are poor?,5,"[1.0, 2.0, 3.0, 4.0, 2.5]","['Helping a lot', 'Helping a little', 'Hurting a little', 'Hurting a lot', 'Neither helping nor hurting', 'Refused']","[0.10722008, 0.16175169, 0.14292535, 0.50649474, 0.08160814]","[0.107220, 0.161752, 0.081608, 0.142925, 0.506495]",Helping a lot | Helping a little | Neither helping nor hurting | Hurting a little | Hurting a lot,0.0106198022500867,1.963734076004298,0.845734232824966,3.900702784877195,0.6964996066666667,0.35111231919566194,0.6559445960000001,0.29336451008667835,0.5831925953189588,2,2,True,False,True,False,
1266,ECON5_e_W54,Do you think the country's current economic conditions are helping or hurting older adults?,5,"[1.0, 2.0, 3.0, 4.0, 2.5]","['Helping a lot', 'Helping a little', 'Hurting a little', 'Hurting a lot', 'Neither helping nor hurting', 'Refused']","[0.08264414, 0.185008, 0.28178986, 0.34442068, 0.10613732]","[0.082644, 0.185008, 0.106137, 0.281790, 0.344421]",Helping a lot | Helping a little | Neither helping nor hurting | Hurting a little | Hurting a lot,0.0116708306417076,2.135650778579905,0.9197747265655556,4.394353036362323,0.6470185799999999,0.313238486391768,0.6240669879999999,0.2675998282671494,0.42961717536036653,2,2,True,False,True,False,
1267,ECON5_f_W54,Do you think the country's current economic conditions are helping or hurting young adults?,5,"[1.0, 2.0, 3.0, 4.0, 2.5]","['Helping a lot', 'Helping a little', 'Hurting a little', 'Hurting a lot', 'Neither helping nor hurting', 'Refused']","[0.10638154, 0.17661932, 0.31150481, 0.3034642, 0.10203012]","[0.106382, 0.176619, 0.102030, 0.311505, 0.303464]",Helping a lot | Helping a little | Neither helping nor hurting | Hurting a little | Hurting a lot,0.0140353910955265,2.167892378680844,0.9336604279238069,4.493664383880999,0.6210222400000001,0.31839292498390614,0.6058101570000001,0.2718538083337732,0.43073081174096417,1,2,True,False,True,False,
1268,ECON5_g_W54,Do you think the country's current economic conditions are helping or hurting people who are white?,5,"[1.0, 2.0, 3.0, 4.0, 2.5]","['Helping a lot', 'Helping a little', 'Hurting a little', 'Hurting a lot', 'Neither helping nor hurting', 'Refused']","[0.21563901, 0.24918175, 0.16555615, 0.07581138, 0.29381172]","[0.215639, 0.249182, 0.293812, 0.165556, 0.075811]",Helping a lot | Helping a little | Neither helping nor hurting | Hurting a little | Hurting a lot,0.0156201670737176,2.207674800613659,0.9507937844736549,4.619301779244046,0.41614859,0.27812233818057586,0.427343833,0.24071281462168903,0.3183618229705087,0,1,True,False,True,False,
1269,ECON5_h_W54,Do you think the country's current economic conditions are helping or hurting people who are black?,5,"[1.0, 2.0, 3.0, 4.0, 2.5]","['Helping a lot', 'Helping a little', 'Hurting a little', 'Hurting a lot', 'Neither helping nor hurting', 'Refused']","[0.13378521, 0.17063555, 0.23320056, 0.25769905, 0.20467963]","[0.133785, 0.170636, 0.204680, 0.233201, 0.257699]",Helping a lot | Helping a little | Neither helping nor hurting | Hurting a little | Hurting a lot,0.0148138320889245,2.2858864501340923,0.9844777084903578,4.876636536892641,0.5723844216666667,0.3222564665327981,0.562078538,0.27374656366753275,0.4242891811853354,0,1,True,False,True,False,
1270,ECON5_i_W54,Do you think the country's current economic conditions are helping or hurting people who are Hispanic?,5,"[1.0, 2.0, 3.0, 4.0, 2.5]","['Helping a lot', 'Helping a little', 'Hurting a little', 'Hurting a lot', 'Neither helping nor hurting', 'Refused']","[0.14443529, 0.16744314, 0.24983208, 0.22682515, 0.21146434]","[0.144435, 0.167443, 0.211464, 0.249832, 0.226825]",Helping a lot | Helping a little | Neither helping nor hurting | Hurting a little | Hurting a lot,0.0159285526322676,2.294294415094926,0.9880988219000912,4.905140344751412,0.55492642,0.3184166715473876,0.549433732,0.27138346548850795,0.4105106037092976,0,1,True,False,True,False,
1271,ECON5_j_W54,Do you think the country's current economic conditions are helping or hurting people without college degrees?,5,"[1.0, 2.0, 3.0, 4.0, 2.5]","['Helping a lot', 'Helping a little', 'Hurting a little', 'Hurting a lot', 'Neither helping nor hurting', 'Refused']","[0.08686493, 0.14931332, 0.3033254, 0.3201452, 0.14035117]","[0.086865, 0.149313, 0.140351, 0.303325, 0.320145]",Helping a lot | Helping a little | Neither helping nor hurting | Hurting a little | Hurting a lot,0.0102998037175683,2.1615637514146373,0.9309348365154675,4.473995332840601,0.642308825,0.3067149032181346,0.624114534,0.2604280223792015,0.4094658088337454,0,2,True,False,True,False,
1272,ECON5_k_W54,Do you think the country's current economic conditions are helping or hurting people with college degrees?,5,"[1.0, 2.0, 3.0, 4.0, 2.5]","['Helping a lot', 'Helping a little', 'Hurting a little', 'Hurting a lot', 'Neither helping nor hurting', 'Refused']","[0.17869772, 0.32563393, 0.21343418, 0.09242601, 0.18980816]","[0.178698, 0.325634, 0.189808, 0.213434, 0.092426]",Helping a lot | Helping a little | Neither helping nor hurting | Hurting a little | Hurting a lot,0.0129246044871118,2.219192873004175,0.9557543482464426,4.656328597678344,0.4381641866666666,0.2809472883942321,0.44305136599999995,0.24839358744849682,0.320629437257774,1,2,True,False,True,False,
1273,ECIMPa_W54,How much power and influence do you think politicians have on today's economy?,3,"[1.0, 2.0, 1.5]","['Too much power and influence', 'Not enough power and influence', 'About the right amount', 'Refused']","[0.84675935, 0.04810667, 0.10513398]","[0.846759, 0.105134, 0.048107]",Too much power and influence | About the right amount | Not enough power and influence,0.0089214435195243,0.7554484726897117,0.47663491871005376,1.6881562868818911,0.10067366,0.2534856587308331,0.23378243999999998,0.16899043915388876,0.7096980566835519,1,1,True,False,True,False,
1274,ECIMPb_W54,How much power and influence do you think technology companies have on today's economy?,3,"[1.0, 2.0, 1.5]","['Too much power and influence', 'Not enough power and influence', 'About the right amount', 'Refused']","[0.61882571, 0.07633885, 0.30483544]","[0.618826, 0.304835, 0.076339]",Too much power and influence | About the right amount | Not enough power and influence,0.0142325376350197,1.2342554514076007,0.7787284878008256,2.3525990276464293,0.22875657,0.31657249040596547,0.3191710466666667,0.21104832693731032,0.5680431040967668,1,1,True,False,True,False,
1275,ECIMPc_W54,How much power and influence do you think labor unions have on today's economy?,3,"[1.0, 2.0, 1.5]","['Too much power and influence', 'Not enough power and influence', 'About the right amount', 'Refused']","[0.31172183, 0.36641217, 0.32186601]","[0.311722, 0.321866, 0.366412]",Too much power and influence | About the right amount | Not enough power and influence,0.0204865494520714,1.5813480420523134,0.9977195304827728,2.9924933518171946,0.527345175,0.41083541921936173,0.5182301183333333,0.27389027947957456,0.6771684007102834,0,1,True,False,True,False,
1276,ECIMPd_W54,How much power and influence do you think banks and other financial institutions have on today's economy?,3,"[1.0, 2.0, 1.5]","['Too much power and influence', 'Not enough power and influence', 'About the right amount', 'Refused']","[0.64177667, 0.06609539, 0.29212794]","[0.641777, 0.292128, 0.066095]",Too much power and influence | About the right amount | Not enough power and influence,0.0079321290846306,1.1883160655668414,0.7497439624130912,2.2788659536140186,0.21215936,0.3067829541620434,0.30810624,0.20452196944136228,0.5630693322245246,1,1,True,False,True,False,
1277,ECIMPe_W54,How much power and influence do you think small businesses have on today's economy?,3,"[1.0, 2.0, 1.5]","['Too much power and influence', 'Not enough power and influence', 'About the right amount', 'Refused']","[0.03611705, 0.7375722, 0.22631075]","[0.036117, 0.226311, 0.737572]",Too much power and influence | About the right amount | Not enough power and influence,0.0083737767764123,0.982068341736176,0.6196161368419354,1.9752952921541942,0.8507275750000001,0.2653535012669314,0.7338183833333334,0.17690233417795428,0.5544719065178081,1,1,True,False,True,False,
1278,ECIMPf_W54,How much power and influence do you think large corporations have on today's economy?,3,"[1.0, 2.0, 1.5]","['Too much power and influence', 'Not enough power and influence', 'About the right amount', 'Refused']","[0.82989891, 0.03287554, 0.13722555]","[0.829899, 0.137226, 0.032876]",Too much power and influence | About the right amount | Not enough power and influence,0.0093418050547767,0.7784123515611966,0.4911235131474845,1.7152422543066628,0.101488315,0.23849957949325776,0.23432554333333333,0.15899971966217186,0.6237857708793033,1,1,True,False,True,False,
1279,ECIMPg_W54,How much power and influence do you think people who are wealthy have on today's economy?,3,"[1.0, 2.0, 1.5]","['Too much power and influence', 'Not enough power and influence', 'About the right amount', 'Refused']","[0.82490774, 0.0258453, 0.14924696]","[0.824908, 0.149247, 0.025845]",Too much power and influence | About the right amount | Not enough power and influence,0.0063904093967158,0.7749474197063806,0.4889373845461835,1.7111276866705167,0.10046878000000001,0.23035421473311835,0.23364585333333335,0.15356947648874558,0.5871444446095645,1,1,True,False,True,False,
1280,ECIMPh_W54,How much power and influence do you think people who are poor have on today's economy?,3,"[1.0, 2.0, 1.5]","['Too much power and influence', 'Not enough power and influence', 'About the right amount', 'Refused']","[0.05469782, 0.75470073, 0.19060145]","[0.054698, 0.190601, 0.754701]",Too much power and influence | About the right amount | Not enough power and influence,0.0121395600024334,0.9915382301187362,0.6255909711854933,1.9883038301500877,0.850001455,0.28257497942649307,0.7333343033333334,0.18838331961766205,0.6262686812067499,1,1,True,False,True,False,
1281,ECIMPi_W54,How much power and influence do you think the middle class have on today's economy?,3,"[1.0, 2.0, 1.5]","['Too much power and influence', 'Not enough power and influence', 'About the right amount', 'Refused']","[0.0504652, 0.72179437, 0.22774043]","[0.050465, 0.227740, 0.721794]",Too much power and influence | About the right amount | Not enough power and influence,0.0090725973993163,1.0430421485518135,0.6580863257504392,2.060568106166791,0.835664585,0.283538672629992,0.72377639,0.18902578175332801,0.5854117573742255,1,1,True,False,True,False,
1282,ECIMPj_W54,How much power and influence do you think Health insurance companies have on today's economy?,3,"[1.0, 2.0, 1.5]","['Too much power and influence', 'Not enough power and influence', 'About the right amount', 'Refused']","[0.75176715, 0.08936988, 0.15886297]","[0.751767, 0.158863, 0.089370]",Too much power and influence | About the right amount | Not enough power and influence,0.0102156920004053,1.0424751844854878,0.6577286112517885,2.059758483543292,0.16880136499999998,0.31716198018384356,0.27920090999999997,0.21144132012256237,0.716937778515415,1,1,True,False,True,False,
1302,GAP21Q1_W82,"Thinking about our economic situation, how would you describe the current economic situation in the US?",4,"[1.0, 2.0, 3.0, 4.0]","['Very good', 'Somewhat good', 'Somewhat bad', 'Very bad', 'Refused']","[0.02682002, 0.25671176, 0.52188255, 0.19458567]","[0.026820, 0.256712, 0.521883, 0.194586]",Very good | Somewhat good | Somewhat bad | Very bad,0.0001418597998203,1.5927770100187686,0.7963885050093843,3.0162939042455634,0.6280779566666665,0.2461200504597577,0.5960584675,0.18459003784481826,0.2593155261197385,1,1,False,True,True,True,
1304,GAP21Q3_W82,How satisfied are you with the way democracy is working in the US?,4,"[1.0, 2.0, 3.0, 4.0]","['Very satisfied', 'Somewhat satisfied', 'Not too satisfied', 'Not at all satisfied', 'Refused']","[0.05364383, 0.36377949, 0.39350036, 0.18907632]","[0.053644, 0.363779, 0.393500, 0.189076]",Very satisfied | Somewhat satisfied | Not too satisfied | Not at all satisfied,0.0075092622816572,1.7409278400355928,0.8704639200177964,3.3425006480607604,0.5726697233333332,0.27646826255385204,0.5545022924999999,0.20735119691538903,0.3123364570514325,0,1,False,True,True,True,
1305,GAP21Q4_a_W82,Do you have a favorable or unfavorable opinion of the United States,4,"[1.0, 2.0, 3.0, 4.0]","['Very favorable', 'Somewhat favorable', 'Somewhat unfavorable', 'Very unfavorable', 'Refused']","[0.32133855, 0.44855844, 0.18403895, 0.04606406]","[0.321339, 0.448558, 0.184039, 0.046064]",Very favorable | Somewhat favorable | Somewhat unfavorable | Very unfavorable,0.0083402492687299,1.6990584655093683,0.8495292327546842,3.246889902115312,0.3182761733333333,0.2764041480221408,0.36370713,0.2073031110166056,0.3521085018883154,1,1,False,True,True,True,
1306,GAP21Q4_b_W82,Do you have a favorable or unfavorable opinion of China,4,"[1.0, 2.0, 3.0, 4.0]","['Very favorable', 'Somewhat favorable', 'Somewhat unfavorable', 'Very unfavorable', 'Refused']","[0.01291827, 0.19911077, 0.38376716, 0.40420379]","[0.012918, 0.199111, 0.383767, 0.404204]",Very favorable | Somewhat favorable | Somewhat unfavorable | Very unfavorable,0.0250369541512683,1.603137546176403,0.8015687730882015,3.038033011112813,0.7264188199999999,0.26307049204362637,0.66981411375,0.19730286903271985,0.34823383727206547,0,1,False,True,True,True,
1307,GAP21Q4_c_W82,Do you have a favorable or unfavorable opinion of Germany,4,"[1.0, 2.0, 3.0, 4.0]","['Very favorable', 'Somewhat favorable', 'Somewhat unfavorable', 'Very unfavorable', 'Refused']","[0.12758136, 0.58181573, 0.22722031, 0.06338261]","[0.127581, 0.581816, 0.227220, 0.063383]",Very favorable | Somewhat favorable | Somewhat unfavorable | Very unfavorable,0.0386320180605061,1.5716006637196096,0.7858003318598048,2.9723431139274465,0.4088013933333333,0.2487911355868166,0.43160104625,0.18659335169011246,0.25610852540882506,1,1,False,True,True,True,
1308,GAP21Q4_d_W82,Do you have a favorable or unfavorable opinion of the European Union,4,"[1.0, 2.0, 3.0, 4.0]","['Very favorable', 'Somewhat favorable', 'Somewhat unfavorable', 'Very unfavorable', 'Refused']","[0.08680772, 0.55654113, 0.26721906, 0.0894321]","[0.086808, 0.556541, 0.267219, 0.089432]",Very favorable | Somewhat favorable | Somewhat unfavorable | Very unfavorable,0.0369814957802429,1.5968663142774662,0.7984331571387331,3.024855686711539,0.45309185,0.25444411472168055,0.46481888875,0.19083308604126045,0.261266769049317,1,1,False,True,True,True,
1309,GAP21Q4_e_W82,Do you have a favorable or unfavorable opinion of the United Nations,4,"[1.0, 2.0, 3.0, 4.0]","['Very favorable', 'Somewhat favorable', 'Somewhat unfavorable', 'Very unfavorable', 'Refused']","[0.12559851, 0.47972113, 0.25255496, 0.14212539]","[0.125599, 0.479721, 0.252555, 0.142125]",Very favorable | Somewhat favorable | Somewhat unfavorable | Very unfavorable,0.0231436292318501,1.7857604046253424,0.8928802023126712,3.4480015061563667,0.47040240666666666,0.29393189730971764,0.47780180375,0.22044892298228824,0.3467990492119105,1,1,False,True,True,True,
1310,GAP21Q4_f_W82,"Do you have a favorable or unfavorable opinion of nato, that is, North Atlantic Treaty Organization",4,"[1.0, 2.0, 3.0, 4.0]","['Very favorable', 'Somewhat favorable', 'Somewhat unfavorable', 'Very unfavorable', 'Refused']","[0.12457372, 0.50661262, 0.26753242, 0.10128125]","[0.124574, 0.506613, 0.267532, 0.101281]",Very favorable | Somewhat favorable | Somewhat unfavorable | Very unfavorable,0.0406729426373679,1.7148377178453802,0.8574188589226901,3.2825971701593333,0.44850706999999995,0.27443806051728664,0.46138030375,0.20582854538796502,0.30449449141856527,1,1,False,True,True,True,
1313,GAP21Q6_W82,"Which statement comes closest to your own views, even if neither is exactly right? Democracy in the US",3,"[1.0, 2.0, 3.0]","['Is a good example for other countries to follow', 'Used to be a good example, but has not been in recent years', 'Has never been a good example for other countries to follow', 'Refused']","[0.1952286, 0.72689048, 0.07788091]","[0.195229, 0.726890, 0.077881]","Is a good example for other countries to follow | Used to be a good example, but has not been in recent years | Has never been a good example for other countries to follow",0.0101456922305604,1.0814186484345278,0.6822992013643753,2.116115903204607,0.44132615,0.2546267020139282,0.4608840983333333,0.1697511346759522,0.26296011725821483,1,1,False,True,True,False,
1323,GAP21Q12_W82,"How much confidence, if any, do you have in the healthcare system in the US to handle a future global health emergency that might occur?",4,"[1.0, 2.0, 3.0, 4.0]","['A great deal', 'Some', 'Not too much', 'None at all', 'Refused']","[0.10731993, 0.44591979, 0.36021943, 0.08654085]","[0.107320, 0.445920, 0.360219, 0.086541]",A great deal | Some | Not too much | None at all,0.0047702143655796,1.701284248495723,0.8506421242478615,3.2519030544154823,0.47532706666666663,0.26504565167502747,0.4814953,0.1987842387562706,0.2816826913412547,1,1,False,True,True,True,
1324,GAP21Q13_a_W82,"Thinking about the US, how much would you say the economic system needs to be changed, if at all?",4,"[1.0, 2.0, 3.0, 4.0]","['It needs to be completely reformed', 'It needs major changes', 'It needs minor changes', ""It doesn't need to be changed"", 'Refused']","[0.17579761, 0.49599131, 0.2719744, 0.05623668]","[0.175798, 0.495991, 0.271974, 0.056237]",It needs to be completely reformed | It needs major changes | It needs minor changes | It doesn't need to be changed,0.0053576408195283,1.6870603716376524,0.8435301858188262,3.2199992931416053,0.40288338333333334,0.26440369910527545,0.4271625375,0.1983027743289566,0.29060062302622536,1,1,False,True,True,True,
1325,GAP21Q13_b_W82,"Thinking about the US, how much would you say the healthcare system needs to be changed, if at all?",4,"[1.0, 2.0, 3.0, 4.0]","['It needs to be completely reformed', 'It needs major changes', 'It needs minor changes', ""It doesn't need to be changed"", 'Refused']","[0.29740536, 0.4633891, 0.20383687, 0.03536867]","[0.297405, 0.463389, 0.203837, 0.035369]",It needs to be completely reformed | It needs major changes | It needs minor changes | It doesn't need to be changed,0.0063509077668217,1.6727669579184212,0.8363834789592106,3.18825485790872,0.32572294999999996,0.26712370180408873,0.36929221249999994,0.20034277635306655,0.32489132220472294,1,1,False,True,True,True,
1326,GAP21Q13_c_W82,"Thinking about the US, how much would you say the political system needs to be changed, if at all?",4,"[1.0, 2.0, 3.0, 4.0]","['It needs to be completely reformed', 'It needs major changes', 'It needs minor changes', ""It doesn't need to be changed"", 'Refused']","[0.42577121, 0.43611337, 0.11925725, 0.01885818]","[0.425771, 0.436113, 0.119257, 0.018858]",It needs to be completely reformed | It needs major changes | It needs minor changes | It doesn't need to be changed,0.0055310262477615,1.5205076075684911,0.7602538037842456,2.8689197385720595,0.24373413666666666,0.24680379768300018,0.30780060375,0.18510284826225012,0.3304553742936473,0,1,False,True,True,True,
1327,GAP21Q14_W82,And how confident are you that America's political system can be changed effectively?,4,"[1.0, 2.0, 3.0, 4.0]","['Very confident', 'Somewhat confident', 'Not too confident', 'Not at all confident', 'Refused']","[0.05478682, 0.28714938, 0.4524909, 0.20557291]","[0.054787, 0.287149, 0.452491, 0.205573]",Very confident | Somewhat confident | Not too confident | Not at all confident,0.000946805643381,1.7333054197044089,0.8666527098522044,3.324887253188406,0.60294997,0.27392845899215934,0.57721247875,0.2054463442441195,0.3134352215017967,1,1,False,True,True,True,
1328,GAP21Q15_a_W82,"Please compare the US to other developed nations in a few different areas. In each instance, how does the US compare? Healthcare system",5,"[1.0, 2.0, 3.0, 4.0, 5.0]","['The best', 'Above average', 'Average', 'Below average', 'The worst', 'Refused']","[0.06870116, 0.23813068, 0.30111047, 0.32044291, 0.07161478]","[0.068701, 0.238131, 0.301110, 0.320443, 0.071615]",The best | Above average | Average | Below average | The worst,0.0089201746345406,2.078330530986776,0.8950882396242321,4.223182318756571,0.5220348675,0.2636366799010666,0.517627894,0.21090934392085328,0.27855819540045185,0,1,False,True,True,False,
1329,GAP21Q15_b_W82,"Please compare the US to other developed nations in a few different areas. In each instance, how does the US compare? Colleges and universities",5,"[1.0, 2.0, 3.0, 4.0, 5.0]","['The best', 'Above average', 'Average', 'Below average', 'The worst', 'Refused']","[0.14582539, 0.33384826, 0.35346492, 0.14029828, 0.02656315]","[0.145825, 0.333848, 0.353465, 0.140298, 0.026563]",The best | Above average | Average | Below average | The worst,0.009408435575635,2.0003440972642057,0.8615013107721767,4.000954153977223,0.391981385,0.24710983906652073,0.41358510800000003,0.1976878712532166,0.2562109913553388,0,1,False,True,True,False,
1330,GAP21Q15_c_W82,"Please compare the US to other developed nations in a few different areas. In each instance, how does the US compare? Standard of living",5,"[1.0, 2.0, 3.0, 4.0, 5.0]","['The best', 'Above average', 'Average', 'Below average', 'The worst', 'Refused']","[0.12177986, 0.38994821, 0.32304751, 0.14258794, 0.02263647]","[0.121780, 0.389948, 0.323048, 0.142588, 0.022636]",The best | Above average | Average | Below average | The worst,0.0081131068497022,1.9507484242409612,0.8401416170191923,3.86575022371473,0.3885882325,0.23869438813578714,0.41087058499999995,0.19095551050862972,0.23980651581694312,1,1,False,True,True,False,
1331,GAP21Q15_d_W82,"Please compare the US to other developed nations in a few different areas. In each instance, how does the US compare? Military",5,"[1.0, 2.0, 3.0, 4.0, 5.0]","['The best', 'Above average', 'Average', 'Below average', 'The worst', 'Refused']","[0.44807437, 0.34866287, 0.16946046, 0.03017025, 0.00363205]","[0.448074, 0.348663, 0.169460, 0.030170, 0.003632]",The best | Above average | Average | Below average | The worst,0.0114291337577428,1.6647603020577972,0.7169732369074743,3.170609718704455,0.198155685,0.21329248580805835,0.258524548,0.1706339886464467,0.2863218691012563,1,1,False,True,True,False,
1332,GAP21Q15_e_W82,"Please compare the US to other developed nations in a few different areas. In each instance, how does the US compare? Technological achievements",5,"[1.0, 2.0, 3.0, 4.0, 5.0]","['The best', 'Above average', 'Average', 'Below average', 'The worst', 'Refused']","[0.15797648, 0.48467504, 0.28426728, 0.06668879, 0.00639241]","[0.157976, 0.484675, 0.284267, 0.066689, 0.006392]",The best | Above average | Average | Below average | The worst,0.009641865395691,1.7499748563498507,0.7536731478477342,3.363527040113187,0.3197114025,0.20748128466558854,0.355769122,0.16598502773247084,0.1979276823894336,1,1,False,True,True,False,
1333,GAP21Q15_f_W82,"Please compare the US to other developed nations in a few different areas. In each instance, how does the US compare? Entertainment, including movies, music and television",5,"[1.0, 2.0, 3.0, 4.0, 5.0]","['The best', 'Above average', 'Average', 'Below average', 'The worst', 'Refused']","[0.29359295, 0.39345451, 0.24383884, 0.04705495, 0.02205874]","[0.293593, 0.393455, 0.243839, 0.047055, 0.022059]",The best | Above average | Average | Below average | The worst,0.0107321515263896,1.873912403945431,0.807050144262256,3.665252028990773,0.277633,0.23874187481503775,0.322106399,0.19099349985203024,0.28420271095738847,1,1,False,True,True,False,
1334,GAP21Q17_W82,"In making international policy decisions, to what extent, if at all, do you think the US takes into account the interests of other countries around the world?",4,"[1.0, 2.0, 3.0, 4.0]","['A great deal', 'A fair amount', 'Not too much', 'Not at all', 'Refused']","[0.13936384, 0.51814733, 0.30707142, 0.03541741]","[0.139364, 0.518147, 0.307071, 0.035417]",A great deal | A fair amount | Not too much | Not at all,0.0041346207770529,1.5814600643457903,0.7907300321728952,2.9927257217735077,0.4128474666666666,0.24294544961603576,0.43463559999999996,0.18220908721202683,0.24348767076733563,1,1,False,True,True,True,
1342,GAP21Q21_a_W82,"In the US, how strong, if at all, are conflicts between people who support different political parties?",4,"[1.0, 2.0, 3.0, 4.0]","['Very strong conflicts', 'Strong conflicts', 'Not very strong conflicts', 'There are not conflicts', 'Refused']","[0.53864947, 0.35724431, 0.09392818, 0.01017804]","[0.538649, 0.357244, 0.093928, 0.010178]",Very strong conflicts | Strong conflicts | Not very strong conflicts | There are not conflicts,0.0041836478523226,1.399175629419201,0.6995878147096005,2.6375082918855512,0.19187826333333333,0.23409494240624676,0.2689086975,0.17557120680468508,0.35341216481366045,1,1,False,True,True,True,
1343,GAP21Q21_b_W82,"In the US, how strong, if at all, are conflicts between people who live in cities and people who live in rural areas?",4,"[1.0, 2.0, 3.0, 4.0]","['Very strong conflicts', 'Strong conflicts', 'Not very strong conflicts', 'There are not conflicts', 'Refused']","[0.12519677, 0.3060404, 0.47819728, 0.09056556]","[0.125197, 0.306040, 0.478197, 0.090566]",Very strong conflicts | Strong conflicts | Not very strong conflicts | There are not conflicts,0.0058068199615381,1.7208422510457462,0.8604211255228731,3.2962878932994153,0.5113772133333333,0.27494639774296803,0.50853291125,0.20620979830722605,0.3025387301701336,1,1,False,True,True,True,
1344,GAP21Q21_c_W82,"In the US, how strong, if at all, are conflicts between people who are religious and people who are not religious?",4,"[1.0, 2.0, 3.0, 4.0]","['Very strong conflicts', 'Strong conflicts', 'Not very strong conflicts', 'There are not conflicts', 'Refused']","[0.14851457, 0.36740855, 0.4535324, 0.03054448]","[0.148515, 0.367409, 0.453532, 0.030544]",Very strong conflicts | Strong conflicts | Not very strong conflicts | There are not conflicts,0.0059291949745947,1.6104323299826837,0.8052161649913419,3.0534332980257317,0.45536892999999995,0.2560795684322216,0.4665266975,0.19205967632416623,0.2644137588163837,1,1,False,True,True,True,
1345,GAP21Q21_d_W82,"In the US, how strong, if at all, are conflicts between people with different ethnic or racial backgrounds?",4,"[1.0, 2.0, 3.0, 4.0]","['Very strong conflicts', 'Strong conflicts', 'Not very strong conflicts', 'There are not conflicts', 'Refused']","[0.26109535, 0.44895142, 0.27267194, 0.01728129]","[0.261095, 0.448951, 0.272672, 0.017281]",Very strong conflicts | Strong conflicts | Not very strong conflicts | There are not conflicts,0.0035004238461743,1.6369086395589434,0.8184543197794717,3.1099871935233003,0.34871305666666663,0.2583631438696125,0.38653479249999995,0.19377235790220942,0.29391418095113353,1,1,False,True,True,True,
1346,GAP21Q21_e_W82,"In the US, how strong, if at all, are conflicts between people who practice different religions?",4,"[1.0, 2.0, 3.0, 4.0]","['Very strong conflicts', 'Strong conflicts', 'Not very strong conflicts', 'There are not conflicts', 'Refused']","[0.12653966, 0.35984261, 0.4760387, 0.03757903]","[0.126540, 0.359843, 0.476039, 0.037579]",Very strong conflicts | Strong conflicts | Not very strong conflicts | There are not conflicts,0.0030836896786792,1.5956564698620022,0.7978282349310011,3.022320105308265,0.4748857,0.2522258307812421,0.4811642749999999,0.18916937308593157,0.25511511189614466,1,1,False,True,True,True,
1348,GAP21Q23_W82,"In the US, do you think discrimination against people based on their race or ethnicity is a",4,"[1.0, 2.0, 3.0, 4.0]","['Very serious problem', 'Somewhat serious problem', 'Not too serious problem', 'Not a problem at all', 'Refused']","[0.4222471, 0.31927582, 0.21443769, 0.04403939]","[0.422247, 0.319276, 0.214438, 0.044039]",Very serious problem | Somewhat serious problem | Not too serious problem | Not a problem at all,0.0068649997900645,1.725840732762587,0.8629203663812935,3.307728294845649,0.2934231233333333,0.2978640491976542,0.3450673425,0.22339803689824067,0.42793954622506325,1,1,False,True,True,True,
1351,GAP21Q26_a_W82,Would you say the US is doing a good or bad job dealing with global climate change?,4,"[1.0, 2.0, 3.0, 4.0]","['Very good job', 'Somewhat good job', 'Somewhat bad job', 'Very bad job', 'Refused']","[0.08445746, 0.39720916, 0.36375943, 0.15457395]","[0.084457, 0.397209, 0.363759, 0.154574]",Very good job | Somewhat good job | Somewhat bad job | Very bad job,0.0203026203120053,1.777307968617816,0.888653984308908,3.427859477843155,0.5294832899999999,0.2828897391205004,0.5221124675,0.2121673043403753,0.3212233300057069,0,1,False,True,True,True,
1352,GAP21Q26_b_W82,Would you say the United Nations are doing a good or bad job dealing with global climate change?,4,"[1.0, 2.0, 3.0, 4.0]","['Very good job', 'Somewhat good job', 'Somewhat bad job', 'Very bad job', 'Refused']","[0.04542496, 0.49554426, 0.3068869, 0.15214388]","[0.045425, 0.495544, 0.306887, 0.152144]",Very good job | Somewhat good job | Somewhat bad job | Very bad job,0.05101832352364,1.6408566882332931,0.8204283441166466,3.1185095743329696,0.5219165666666666,0.2668363328896386,0.5164374250000001,0.20012724966722892,0.2853547787715524,1,1,False,True,True,True,
1353,GAP21Q26_c_W82,Would you say China is doing a good or bad job dealing with global climate change?,4,"[1.0, 2.0, 3.0, 4.0]","['Very good job', 'Somewhat good job', 'Somewhat bad job', 'Very bad job', 'Refused']","[0.01651767, 0.16246769, 0.35239632, 0.46861832]","[0.016518, 0.162468, 0.352396, 0.468618]",Very good job | Somewhat good job | Somewhat bad job | Very bad job,0.043995288600242,1.5664379179300485,0.7832189589650242,2.961725466394168,0.7577050966666666,0.26300923692444633,0.6932788225,0.19725692769333475,0.3767883923614948,1,1,False,True,True,True,
1354,GAP21Q26_d_W82,Would you say the European Union is doing a good or bad job dealing with global climate change?,4,"[1.0, 2.0, 3.0, 4.0]","['Very good job', 'Somewhat good job', 'Somewhat bad job', 'Very bad job', 'Refused']","[0.0654109, 0.58942415, 0.25618303, 0.08898193]","[0.065411, 0.589424, 0.256183, 0.088982]",Very good job | Somewhat good job | Somewhat bad job | Very bad job,0.0551885481756883,1.5207694770894489,0.7603847385447244,2.8694405352786676,0.4562453333333333,0.24530149726371475,0.4671840012499999,0.1839761229477861,0.24254870796868466,1,1,False,True,True,True,
1355,GAP21Q27_W82,"Do you think actions taken by the international community to address global climate change, such as the Paris climate agreement, will mostly",3,"[1.0, 2.0, 1.5]","[""Benefit America's economy"", ""Harm America's economy"", ""Have no impact on America's economy"", 'Refused']","[0.3339767, 0.34598049, 0.32004282]","[0.333977, 0.320043, 0.345980]",Benefit America's economy | Have no impact on America's economy | Harm America's economy,0.032327113249526,1.5842323279269666,0.9995393122588975,2.9984820325262946,0.5060019,0.41225389598737483,0.5040012683333333,0.2748359306582499,0.6799110682386107,0,2,True,False,True,False,
1356,GAP21Q28_W82,"How confident are you, if at all, that the actions taken by the international community will significantly reduce the effects of global climate change?",4,"[1.0, 2.0, 3.0, 4.0]","['Very confident', 'Somewhat confident', 'Not too confident', 'Not at all confident', 'Refused']","[0.07319355, 0.38487742, 0.37162426, 0.17030477]","[0.073194, 0.384877, 0.371624, 0.170305]",Very confident | Somewhat confident | Not too confident | Not at all confident,0.0141909126457627,1.7719124620853584,0.8859562310426792,3.415063636627499,0.54634675,0.28238359428265847,0.5347600625,0.21178769571199385,0.32172627677820437,0,1,False,True,True,True,
1357,GAP21Q29_W82,What kind of leadership role should the US play in the world? It should,3,"[1.0, 2.0, 3.0]","['Be the single world leader', 'Play a shared leadership role', 'Not play any leadership role', 'Refused']","[0.10644582, 0.7893, 0.10425418]","[0.106446, 0.789300, 0.104254]",Be the single world leader | Play a shared leadership role | Not play any leadership role,0.0126728590224665,0.953502190719452,0.6015929022204687,1.9365680404757266,0.49890418000000003,0.22950773228483523,0.4992694533333334,0.15300515485655683,0.21069620874823689,1,1,False,True,True,False,
1359,GAP21Q31_W82,"How important, if at all, is it that the US is generally respected by other countries around the world?",4,"[1.0, 2.0, 3.0, 4.0]","['Very important', 'Somewhat important', 'Not too important', 'Not at all important', 'Refused']","[0.50331362, 0.36690842, 0.09304629, 0.03673167]","[0.503314, 0.366908, 0.093046, 0.036732]",Very important | Somewhat important | Not too important | Not at all important,0.0046277315522234,1.523114943323771,0.7615574716618855,2.874109331846739,0.22106533666666667,0.26454356127742407,0.2907990025,0.19840767095806805,0.4064177906782505,1,1,False,True,True,True,
1361,GAP21Q33_a_W82,"Thinking about long-range foreign policy goals, how much priority, if any, do you think preventing the spread of weapons of mass destruction should be given?",3,"[1.0, 2.0, 3.0]","['Top priority', 'Some priority', 'No priority', 'Refused']","[0.64679029, 0.32207395, 0.03113576]","[0.646790, 0.322074, 0.031136]",Top priority | Some priority | No priority,0.0082694573273797,1.0888766438596726,0.6870046725800989,2.127083463949397,0.19217273499999998,0.27335670363578024,0.29478182333333336,0.18223780242385346,0.4813369253070609,1,1,False,True,True,False,
1362,GAP21Q33_b_W82,"Thinking about long-range foreign policy goals, how much priority, if any, do you think protecting the jobs of American workers should be given?",3,"[1.0, 2.0, 3.0]","['Top priority', 'Some priority', 'No priority', 'Refused']","[0.75665025, 0.22150813, 0.02184161]","[0.756650, 0.221508, 0.021842]",Top priority | Some priority | No priority,0.004967523734005,0.906581414754529,0.5719891886035383,1.8745982158594843,0.132595675,0.2442069394908307,0.25506378166666666,0.16280462632722048,0.5185194599105862,1,1,False,True,True,False,
1363,GAP21Q33_c_W82,"Thinking about long-range foreign policy goals, how much priority, if any, do you think strengthening the United Nations should be given?",3,"[1.0, 2.0, 3.0]","['Top priority', 'Some priority', 'No priority', 'Refused']","[0.30628608, 0.48451398, 0.20919994]","[0.306286, 0.484514, 0.209200]",Top priority | Some priority | No priority,0.0121779620313111,1.5015249197020633,0.9473567475690252,2.8314183352253193,0.45145693,0.3556895772369147,0.46763795333333336,0.23712638482460982,0.5108756717310567,1,1,False,True,True,False,
1364,GAP21Q33_d_W82,"Thinking about long-range foreign policy goals, how much priority, if any, do you think reducing US military commitments overseas should be given?",3,"[1.0, 2.0, 3.0]","['Top priority', 'Some priority', 'No priority', 'Refused']","[0.29398948, 0.58555932, 0.1204512]","[0.293989, 0.585559, 0.120451]",Top priority | Some priority | No priority,0.0132802408137481,1.3391465824547066,0.8449074232642075,2.530016129422624,0.41323086,0.3099698152137727,0.44215390666666665,0.2066465434758485,0.39625868760170996,1,1,False,True,True,False,
1365,GAP21Q33_e_W82,"Thinking about long-range foreign policy goals, how much priority, if any, do you think limiting the power and influence of Russia should be given?",3,"[1.0, 2.0, 3.0]","['Top priority', 'Some priority', 'No priority', 'Refused']","[0.42066342, 0.49603899, 0.08329759]","[0.420663, 0.496039, 0.083298]",Top priority | Some priority | No priority,0.0113665855152361,1.325919826111542,0.8365622691440648,2.5069267213145463,0.331317085,0.3123080637561297,0.38754472333333334,0.2082053758374198,0.4402530130357002,1,1,False,True,True,False,
1366,GAP21Q33_f_W82,"Thinking about long-range foreign policy goals, how much priority, if any, do you think promoting democracy in other nations should be given?",3,"[1.0, 2.0, 3.0]","['Top priority', 'Some priority', 'No priority', 'Refused']","[0.19746522, 0.58226308, 0.2202717]","[0.197465, 0.582263, 0.220272]",Top priority | Some priority | No priority,0.0122745244334223,1.3972231916666744,0.8815496840025802,2.633941295631087,0.51140324,0.32296160161465387,0.50760216,0.21530773440976927,0.41743390667629465,1,1,False,True,True,False,
1367,GAP21Q33_g_W82,"Thinking about long-range foreign policy goals, how much priority, if any, do you think reducing illegal immigration into the US should be given?",3,"[1.0, 2.0, 3.0]","['Top priority', 'Some priority', 'No priority', 'Refused']","[0.3839545, 0.44634878, 0.16969673]","[0.383954, 0.446349, 0.169697]",Top priority | Some priority | No priority,0.0075481060523731,1.4839284479443668,0.9362546099792147,2.7970934370952074,0.39287112,0.35628108231201777,0.4285807483333333,0.23752072154134518,0.5321750737230572,1,1,False,True,True,False,
1368,GAP21Q33_h_W82,"Thinking about long-range foreign policy goals, how much priority, if any, do you think limiting the power and influence of China should be given?",3,"[1.0, 2.0, 3.0]","['Top priority', 'Some priority', 'No priority', 'Refused']","[0.48348961, 0.44853336, 0.06797703]","[0.483490, 0.448533, 0.067977]",Top priority | Some priority | No priority,0.0126194360275026,1.2894055845026204,0.8135243476838994,2.4442732647085457,0.29224371,0.30774012407457674,0.36149580666666664,0.20516008271638453,0.4578669949397607,0,1,False,True,True,False,
1369,GAP21Q33_i_W82,"Thinking about long-range foreign policy goals, how much priority, if any, do you think maintaining the US military advantage over all other countries should be given?",3,"[1.0, 2.0, 3.0]","['Top priority', 'Some priority', 'No priority', 'Refused']","[0.48308231, 0.3680126, 0.14890509]","[0.483082, 0.368013, 0.148905]",Top priority | Some priority | No priority,0.0113857034489064,1.446931489630845,0.9129121281875708,2.726275746737482,0.33291139000000003,0.36066361946870645,0.38860759333333333,0.24044241297913765,0.5857232911537348,1,1,False,True,True,False,
1370,GAP21Q33_j_W82,"Thinking about long-range foreign policy goals, how much priority, if any, do you think dealing with global climate change should be given?",3,"[1.0, 2.0, 3.0]","['Top priority', 'Some priority', 'No priority', 'Refused']","[0.43909058, 0.38123209, 0.17967733]","[0.439091, 0.381232, 0.179677]",Top priority | Some priority | No priority,0.0056903963749699,1.4967471763213682,0.9443423271152157,2.822057094851474,0.37029337500000004,0.3713060313691516,0.4135289166666667,0.24753735424610107,0.5912617754194761,1,1,False,True,True,False,
1371,GAP21Q33_k_W82,"Thinking about long-range foreign policy goals, how much priority, if any, do you think reducing our trade deficit with foreign countries should be given?",3,"[1.0, 2.0, 3.0]","['Top priority', 'Some priority', 'No priority', 'Refused']","[0.40517177, 0.54985921, 0.04496902]","[0.405172, 0.549859, 0.044969]",Top priority | Some priority | No priority,0.0124461449455802,1.2037863330468552,0.7595046144619408,2.3034341147476236,0.319898625,0.28301712355104836,0.3799324166666667,0.18867808236736558,0.36816237174830313,1,1,False,True,True,False,
1372,GAP21Q33_l_W82,"Thinking about long-range foreign policy goals, how much priority, if any, do you think promoting and defending human rights in other countries should be given?",3,"[1.0, 2.0, 3.0]","['Top priority', 'Some priority', 'No priority', 'Refused']","[0.34084003, 0.56919515, 0.08996482]","[0.340840, 0.569195, 0.089965]",Top priority | Some priority | No priority,0.0100032266272911,1.304608437649777,0.823116280073618,2.4701667544685826,0.374562395,0.30325998706038354,0.41637493000000003,0.20217332470692237,0.39257447708866644,1,1,False,True,True,False,
1373,GAP21Q33_m_W82,"Thinking about long-range foreign policy goals, how much priority, if any, do you think reducing the spread of infectious diseases should be given?",3,"[1.0, 2.0, 3.0]","['Top priority', 'Some priority', 'No priority', 'Refused']","[0.72376701, 0.2430628, 0.03317018]","[0.723767, 0.243063, 0.033170]",Top priority | Some priority | No priority,0.0125768744664234,0.9965578709685128,0.6287580119498601,1.995233883937342,0.15470158,0.2645813691592396,0.2698010516666666,0.1763875794394931,0.5353202998643906,1,1,False,True,True,False,
1374,GAP21Q33_n_W82,"Thinking about long-range foreign policy goals, how much priority, if any, do you think limiting the power and influence of Iran should be given?",3,"[1.0, 2.0, 3.0]","['Top priority', 'Some priority', 'No priority', 'Refused']","[0.3881445, 0.51954905, 0.09230645]","[0.388145, 0.519549, 0.092306]",Top priority | Some priority | No priority,0.020299127774128,1.3380448864471022,0.844212330473619,2.5280848517692367,0.35208097499999996,0.3134209621946965,0.40138731666666666,0.2089473081297977,0.4306186037524919,1,1,False,True,True,False,
1375,GAP21Q33_o_W82,"Thinking about long-range foreign policy goals, how much priority, if any, do you think improving relationships with our allies should be given?",3,"[1.0, 2.0, 3.0]","['Top priority', 'Some priority', 'No priority', 'Refused']","[0.55864399, 0.41024459, 0.03111142]","[0.558644, 0.410245, 0.031111]",Top priority | Some priority | No priority,0.0140341457709876,1.1523632880432977,0.7270602853499523,2.2227771089774335,0.236233715,0.27904515655588574,0.32415581,0.18603010437059048,0.43156539591318754,1,1,False,True,True,False,
1376,GAP21Q33_p_W82,"Thinking about long-range foreign policy goals, how much priority, if any, do you think taking measures to protect the U.S. from terrorist attacks should be given?",3,"[1.0, 2.0, 3.0]","['Top priority', 'Some priority', 'No priority', 'Refused']","[0.71456683, 0.2636929, 0.02174028]","[0.714567, 0.263693, 0.021740]",Top priority | Some priority | No priority,0.0132972861334607,0.9736461286262312,0.6143023119999517,1.96379744149886,0.15358673,0.253129653742496,0.26905782166666664,0.16875310249499736,0.4928898700556797,1,1,False,True,True,False,
1377,GAP21Q33_q_W82,"Thinking about long-range foreign policy goals, how much priority, if any, do you think getting other countries to assume more of the costs of maintaining world order should be given?",3,"[1.0, 2.0, 3.0]","['Top priority', 'Some priority', 'No priority', 'Refused']","[0.43401546, 0.49828505, 0.06769949]","[0.434015, 0.498285, 0.067699]",Top priority | Some priority | No priority,0.0215718678205624,1.2863813782744924,0.8116162859936373,2.439154896642632,0.316842015,0.3031202567146244,0.37789467666666665,0.20208017114308294,0.424488573885248,1,1,False,True,True,False,
1378,GAP21Q33_r_W82,"Thinking about long-range foreign policy goals, how much priority, if any, do you think aiding refugees fleeing violence around the world should be given?",3,"[1.0, 2.0, 3.0]","['Top priority', 'Some priority', 'No priority', 'Refused']","[0.28861056, 0.54987443, 0.16151501]","[0.288611, 0.549874, 0.161515]",Top priority | Some priority | No priority,0.0168797689831888,1.41669451131669,0.8938347189110756,2.6697312348320943,0.436452225,0.3293828665740666,0.45763481666666667,0.21958857771604443,0.4410974614562178,1,1,False,True,True,False,
1379,GAP21Q33_s_W82,"Thinking about long-range foreign policy goals, how much priority, if any, do you think reducing legal immigrations into the US should be given?",3,"[1.0, 2.0, 3.0]","['Top priority', 'Some priority', 'No priority', 'Refused']","[0.22197019, 0.39589319, 0.38213662]","[0.221970, 0.395893, 0.382137]",Top priority | Some priority | No priority,0.0152568394143629,1.5416030743496938,0.9726432478044535,2.911178041519032,0.5800832149999999,0.3802806610587288,0.55338881,0.25352044070581925,0.593683455769165,0,1,False,True,True,False,
1380,GAP21Q33_t_W82,"Thinking about long-range foreign policy goals, how much priority, if any, do you think limiting the power and influence of North Korea should be given?",3,"[1.0, 2.0, 3.0]","['Top priority', 'Some priority', 'No priority', 'Refused']","[0.40333336, 0.50058934, 0.0960773]","[0.403333, 0.500589, 0.096077]",Top priority | Some priority | No priority,0.0178981490510193,1.3527959607174165,0.8535192221279027,2.554066273159795,0.34637197,0.3181997696390101,0.39758131333333335,0.21213317975934007,0.4472252484905979,1,1,False,True,True,False,
1390,GAP21Q38_a_W82,"How much, if at all, do you think the US benefits from being a member of north Atlantic Treaty Organization, or NATO organizations?",4,"[1.0, 2.0, 3.0, 4.0]","['A great deal', 'A fair amount', 'Not too much', 'Not at all', 'Refused']","[0.30528266, 0.41722745, 0.20524906, 0.07224084]","[0.305283, 0.417227, 0.205249, 0.072241]",A great deal | A fair amount | Not too much | Not at all,0.0228308239783052,1.791510812956168,0.895755406478084,3.461772250090697,0.34814936333333335,0.2976798146040044,0.38611202375000003,0.22325986095300335,0.3904676635200004,1,1,False,True,True,True,
1391,GAP21Q38_b_W82,"How much, if at all, do you think the US benefits from being a member of the United Nations organizations?",4,"[1.0, 2.0, 3.0, 4.0]","['A great deal', 'A fair amount', 'Not too much', 'Not at all', 'Refused']","[0.32564418, 0.35607017, 0.21633609, 0.10194956]","[0.325644, 0.356070, 0.216336, 0.101950]",A great deal | A fair amount | Not too much | Not at all,0.0141830631667382,1.8712001535882,0.9356000767941,3.6583678697356343,0.36486367666666664,0.32332148552924483,0.39864775750000003,0.2424911141469336,0.45109867376677154,0,1,False,True,True,True,
1392,GAP21Q38_c_W82,"How much, if at all, do you think the US benefits from being a member of the World Health Organization, or WHO organizations?",4,"[1.0, 2.0, 3.0, 4.0]","['A great deal', 'A fair amount', 'Not too much', 'Not at all', 'Refused']","[0.33742617, 0.32075135, 0.20159132, 0.14023116]","[0.337426, 0.320751, 0.201591, 0.140231]",A great deal | A fair amount | Not too much | Not at all,0.0140616713001203,1.9182586050162755,0.9591293025081378,3.7796656133882074,0.38154248999999996,0.34625376450763823,0.41115686749999997,0.25969032338072867,0.5080848324443409,0,1,False,True,True,True,
1393,GAP21Q40_W82,"On balance, do you think of China as a partner of the US, a competitor of the US or an enemy of the US?",3,"[1.0, 2.0, 3.0]","['Partner', 'Competitor', 'Enemy', 'Refused']","[0.09531045, 0.55520019, 0.34948936]","[0.095310, 0.555200, 0.349489]",Partner | Competitor | Enemy,0.017712593871878,1.324602807335721,0.8357313228123873,2.5046392226405323,0.627089455,0.3082989181424466,0.5847263033333333,0.2055326120949644,0.4064525375959437,1,1,False,True,True,False,
1394,GAP21Q41_W82,"Overall, do you think current economic relations between the US and China are very good, somewhat good, somewhat bad or very bad?",4,"[1.0, 2.0, 3.0, 4.0]","['Very good', 'Somewhat good', 'Somewhat bad', 'Very bad', 'Refused']","[0.01238501, 0.33141395, 0.51211028, 0.14409076]","[0.012385, 0.331414, 0.512110, 0.144091]",Very good | Somewhat good | Somewhat bad | Very bad,0.0185845883244113,1.5036575044175078,0.7518287522087539,2.835606818821097,0.59596893,0.23095483451481635,0.5719766975,0.1732161258861123,0.22152142304660144,1,1,False,True,True,True,
1396,GAP21Q43_a_W82,"Please indicate how much of a problem, if at all, the following would be for the US: The loss of US jobs to China",4,"[1.0, 2.0, 3.0, 4.0]","['Very serious problem', 'Somewhat serious problem', 'Not too serious of a problem', 'Not a problem at all', 'Refused']","[0.53537551, 0.31264657, 0.13667106, 0.01530685]","[0.535376, 0.312647, 0.136671, 0.015307]",Very serious problem | Somewhat serious problem | Not too serious of a problem | Not a problem at all,0.0155813362032709,1.49171517505874,0.74585758752937,2.8122311385827494,0.21063641333333336,0.2577214621359721,0.28297730875,0.19329109660197905,0.3994759456749939,1,1,False,True,True,True,
1397,GAP21Q43_b_W82,"Please indicate how much of a problem, if at all, the following would be for the US: The US trade deficit with China",4,"[1.0, 2.0, 3.0, 4.0]","['Very serious problem', 'Somewhat serious problem', 'Not too serious of a problem', 'Not a problem at all', 'Refused']","[0.4445603, 0.43139305, 0.10115669, 0.02288995]","[0.444560, 0.431393, 0.101157, 0.022890]",Very serious problem | Somewhat serious problem | Not too serious of a problem | Not a problem at all,0.0226560161363142,1.502269998740397,0.7511349993701985,2.8328809972869764,0.23412542666666664,0.24691359630446463,0.30059406874999994,0.1851851972283485,0.34000380464368946,0,1,False,True,True,True,
1398,GAP21Q43_c_W82,"Please indicate how much of a problem, if at all, the following would be for the US: China's policies on human rights",4,"[1.0, 2.0, 3.0, 4.0]","['Very serious problem', 'Somewhat serious problem', 'Not too serious of a problem', 'Not a problem at all', 'Refused']","[0.5103426, 0.34807738, 0.12104571, 0.0205343]","[0.510343, 0.348077, 0.121046, 0.020534]",Very serious problem | Somewhat serious problem | Not too serious of a problem | Not a problem at all,0.0189092827999102,1.5090852568065152,0.7545426284032576,2.846295120775432,0.21725723333333333,0.2565286570153835,0.28794292375,0.19239649276153767,0.3869710424154466,1,1,False,True,True,True,
1399,GAP21Q43_d_W82,"Please indicate how much of a problem, if at all, the following would be for the US: Tensions between China and Taiwan",4,"[1.0, 2.0, 3.0, 4.0]","['Very serious problem', 'Somewhat serious problem', 'Not too serious of a problem', 'Not a problem at all', 'Refused']","[0.28898971, 0.47530217, 0.20448921, 0.0312189]","[0.288990, 0.475302, 0.204489, 0.031219]",Very serious problem | Somewhat serious problem | Not too serious of a problem | Not a problem at all,0.0341523770272248,1.651993159798625,0.8259965798993125,3.1426751663751475,0.32597909666666663,0.26201521526299926,0.36948432125,0.19651141144724946,0.31245674613924496,1,1,False,True,True,True,
1400,GAP21Q43_e_W82,"Please indicate how much of a problem, if at all, the following would be for the US: Cyberattacks from China",4,"[1.0, 2.0, 3.0, 4.0]","['Very serious problem', 'Somewhat serious problem', 'Not too serious of a problem', 'Not a problem at all', 'Refused']","[0.65705065, 0.26911477, 0.06121217, 0.01262242]","[0.657051, 0.269115, 0.061212, 0.012622]",Very serious problem | Somewhat serious problem | Not too serious of a problem | Not a problem at all,0.0181708923358556,1.2340547353959652,0.6170273676979826,2.352271743338892,0.14313545666666666,0.22190473462660137,0.23235159374999997,0.16642855096995104,0.40148907944065454,1,1,False,True,True,True,
1401,GAP21Q43_f_W82,"Please indicate how much of a problem, if at all, the following would be for the US: China's growing military power",4,"[1.0, 2.0, 3.0, 4.0]","['Very serious problem', 'Somewhat serious problem', 'Not too serious of a problem', 'Not a problem at all', 'Refused']","[0.52802763, 0.34756686, 0.10457791, 0.0198276]","[0.528028, 0.347567, 0.104578, 0.019828]",Very serious problem | Somewhat serious problem | Not too serious of a problem | Not a problem at all,0.0207717401094626,1.4691917123364835,0.7345958561682417,2.768667321643627,0.20540182666666665,0.25047015932663064,0.27905136999999997,0.18785261949497298,0.38437941387710384,1,1,False,True,True,True,
1402,GAP21Q43_g_W82,"Please indicate how much of a problem, if at all, the following would be for the US: China's growing technological power",4,"[1.0, 2.0, 3.0, 4.0]","['Very serious problem', 'Somewhat serious problem', 'Not too serious of a problem', 'Not a problem at all', 'Refused']","[0.47513855, 0.37354137, 0.11909741, 0.03222267]","[0.475139, 0.373541, 0.119097, 0.032223]",Very serious problem | Somewhat serious problem | Not too serious of a problem | Not a problem at all,0.0196812882936755,1.566066507569102,0.783033253784551,2.9609630918726286,0.23613473333333332,0.26627023228758495,0.30210105000000004,0.19970267421568869,0.39306882341073063,1,1,False,True,True,True,
1403,GAP21Q43_h_W82,"Please indicate how much of a problem, if at all, the following would be for the US: Tensions between Mainland China and Hong Kong",4,"[1.0, 2.0, 3.0, 4.0]","['Very serious problem', 'Somewhat serious problem', 'Not too serious of a problem', 'Not a problem at all', 'Refused']","[0.31819538, 0.46953829, 0.18208575, 0.03018058]","[0.318195, 0.469538, 0.182086, 0.030181]",Very serious problem | Somewhat serious problem | Not too serious of a problem | Not a problem at all,0.0329876603339892,1.6376422979704444,0.8188211489852222,3.1115691276465625,0.30808384333333333,0.261462897153828,0.3560628825,0.19609717286537098,0.32069910135095864,1,1,False,True,True,True,
1405,GAP21Q47_W82,"When it comes to whether or not to limit Chinese students studying in the US, do you",4,"[1.0, 2.0, 3.0, 4.0]","['Strongly support limiting Chinese students', 'Somewhat support limiting Chinese students', 'Somewhat oppose limiting Chinese students', 'Strongly oppose limiting Chinese students', 'Refused']","[0.21777537, 0.34225812, 0.25950597, 0.18046054]","[0.217775, 0.342258, 0.259506, 0.180461]",Strongly support limiting Chinese students | Somewhat support limiting Chinese students | Somewhat oppose limiting Chinese students | Strongly oppose limiting Chinese students,0.0200342205760949,1.9591486622079632,0.9795743311039816,3.888324602875902,0.46755055999999995,0.33944319187509575,0.47566292000000004,0.2545823939063218,0.46283612514419686,1,1,False,True,True,True,
1407,LIFEFIFTY_W92,"In general, would you say life in America today is better, worse, or about the same as it was 50 years ago for people like you?",3,"[1.0, 2.0, 1.5]","['Better', 'Worse', 'About the same', 'Refused']","[0.36485977, 0.43752955, 0.19761068]","[0.364860, 0.197611, 0.437530]",Better | About the same | Worse,0.0076690968466546,1.5147589249071167,0.9557064752118131,2.8575107480508444,0.53633489,0.44640464353396675,0.52422326,0.2976030956893112,0.801340218168958,2,2,True,False,True,False,
1417,DIFFPARTY_W92,"Thinking about the Democratic and Republican parties, would you say there is",3,"[1.0, 2.0, 1.5]","['A great deal of difference in what they stand for', 'A fair amount of difference in what they stand for', 'Hardly any difference at all in what they stand for', 'Refused']","[0.59325252, 0.31355168, 0.09319579]","[0.593253, 0.093196, 0.313552]",A great deal of difference in what they stand for | Hardly any difference at all in what they stand for | A fair amount of difference in what they stand for,0.0066447411680816,1.2905930759846471,0.8142735713920227,2.4462859898391667,0.360149575,0.455129552798148,0.4067663816666667,0.30341970186543205,0.8988944589500242,2,2,True,False,True,False,
1421,USEXCEPT_W92,Which of these statements best describes your opinion about the United States?,3,"[1.0, 2.0, 3.0]","['The U.S. stands above all other countries in the world', 'The U.S. is one of the greatest countries in the world, along with some others', 'There are other countries that are better than the U.S.', 'Refused']","[0.23606798, 0.52700591, 0.23692611]","[0.236068, 0.527006, 0.236926]","The U.S. stands above all other countries in the world | The U.S. is one of the greatest countries in the world, along with some others | There are other countries that are better than the U.S.",0.0094758812015215,1.4708875722786137,0.9280267335090651,2.7719237497540323,0.500429065,0.3438725612828476,0.5002860433333333,0.22924837418856508,0.4729937019193621,1,1,False,True,True,False,
1430,POORASSIST_W92,"Thinking about assistance the government provides to people in need, do you think the government",3,"[1.0, 2.0, 1.5]","['Should provide more assistance', 'Should provide less assistance', 'Is providing about the right amount of assistance', 'Refused']","[0.38594817, 0.32254199, 0.29150984]","[0.385948, 0.291510, 0.322542]",Should provide more assistance | Is providing about the right amount of assistance | Should provide less assistance,0.0082826185100284,1.5750550035706063,0.9937490652642937,2.9794685180152234,0.46829691,0.4196635010153395,0.4788646066666667,0.2797756673435597,0.7073134595219801,1,2,True,False,True,False,
1432,PAR2CHILDa_W92,"If one parent is able to stay home to focus on the family, is it generally better if that parent is the",3,"[1.0, 2.0, 1.5]","['Mother', 'Father', ""It doesn't matter which parent stays home"", 'Refused']","[0.36246807, 0.01064333, 0.6268886]","[0.362468, 0.626889, 0.010643]",Mother | It doesn't matter which parent stays home | Father,0.0070224198218118,1.022782294602403,0.6453037810907439,2.0318336553288225,0.32408763,0.24966515191548677,0.38272508666666666,0.16644343461032451,0.28455289381894006,1,1,True,False,True,False,
1433,POLICY3MOD_W92,"In general, would you say experts who study a subject for many years are",3,"[1.0, 2.0, 1.5]","['Usually better at making good policy decisions about that subject than other people', 'Usually worse at making good policy decisions about that subject than other people', 'neither better nor worse at making good policy decisions about that subject than other people', 'Refused']","[0.61916027, 0.05445497, 0.32638477]","[0.619160, 0.326385, 0.054455]",Usually better at making good policy decisions about that subject than other people | neither better nor worse at making good policy decisions about that subject than other people | Usually worse at making good policy decisions about that subject than other people,0.0111778147675609,1.1840928282300809,0.747079396320935,2.2722047267609295,0.217647355,0.2977932031380295,0.311764905,0.19852880209201967,0.5208031633173446,1,1,True,False,True,False,
1434,WHADVANT_W92,"In general, how much do White people benefit from advantages in society that Black people do not have?",4,"[1.0, 2.0, 3.0, 4.0]","['A great deal', 'A fair amount', 'Not too much', 'Not at all', 'Refused']","[0.3122848, 0.27002911, 0.24365715, 0.17402894]","[0.312285, 0.270029, 0.243657, 0.174029]",A great deal | A fair amount | Not too much | Not at all,0.0137267536004075,1.9697348175099445,0.9848674087549723,3.916961145605538,0.4264767433333333,0.361167313729946,0.4448575575,0.2708754852974595,0.5332986587140534,0,1,False,True,True,True,
1437,BILLION_W92,Do you think the fact that there are some people in this country who have personal fortunes of a billion dollars or more is,3,"[1.0, 2.0, 1.5]","['A good thing for the country', 'A bad thing for the country', 'Neither a good thing or a bad thing', 'Refused']","[0.14764209, 0.2926595, 0.55969841]","[0.147642, 0.559698, 0.292660]",A good thing for the country | Neither a good thing or a bad thing | A bad thing for the country,0.0092367392917598,1.394888556793543,0.880076693397396,2.6296823786877574,0.572508705,0.3237559037287551,0.5483391366666667,0.21583726915250345,0.4282782535414906,1,1,True,False,True,False,
1443,FREECOLL_W92,Would you favor or oppose making tuition at public colleges and universities free for all American students?,4,"[1.0, 2.0, 3.0, 4.0]","['Strongly favor', 'Somewhat favor', 'Somewhat oppose', 'Strongly oppose', 'Refused']","[0.34631765, 0.28765586, 0.1613542, 0.20467228]","[0.346318, 0.287656, 0.161354, 0.204672]",Strongly favor | Somewhat favor | Somewhat oppose | Strongly oppose,0.0044918091040965,1.9399443944118309,0.9699721972059154,3.8369085890332824,0.40812703333333333,0.3765359783564586,0.43109527375,0.28240198376734393,0.586933763084774,1,2,False,True,True,True,
1444,CRIM_SENT2_W92,"Overall, would you say people who are convicted of crimes in this country serve",3,"[1.0, 2.0, 1.5]","['Too much time in prison', 'Too little time in prison', 'About the right amount of time in prison', 'Refused']","[0.28794237, 0.32977589, 0.38228173]","[0.287942, 0.382282, 0.329776]",Too much time in prison | About the right amount of time in prison | Too little time in prison,0.0301985517206218,1.575310678254596,0.9939103780296578,2.9799965867720437,0.520916755,0.39241821332186827,0.5139445016666667,0.2616121422145789,0.6170480769825285,1,1,True,False,True,False,
1445,USMILSIZ_W92,"Thinking about the size of America's military, do you think it should be",5,"[1.0, 2.0, 3.0, 4.0, 5.0]","['Reduced a great deal', 'Reduced somewhat', 'Kept about as is', 'Increased somewhat', 'Increased a great deal', 'Refused']","[0.06470671, 0.12768576, 0.43465259, 0.25170876, 0.12124618]","[0.064707, 0.127686, 0.434653, 0.251709, 0.121246]",Reduced a great deal | Reduced somewhat | Kept about as is | Increased somewhat | Increased a great deal,0.019891204176827,2.0272256218668554,0.8730785532638111,4.076202210465776,0.559275485,0.2582378687915751,0.547420388,0.20659029503326012,0.2705495812818677,1,1,False,True,True,False,
1446,PROG_RRETRO_W92,"How much progress, if any, do you think the country has made over the last 50 years toward ensuring equal rights for all Americans regardless of their racial or ethnic backgrounds?",3,"[1.0, 2.0, 3.0]","['A lot', 'A little', 'None at all', 'Refused']","[0.47856747, 0.45305179, 0.06838074]","[0.478567, 0.453052, 0.068381]",A lot | A little | None at all,0.0074143116816177,1.2909667198280712,0.8145093144100778,2.446919635930211,0.29490663500000003,0.30769102055954894,0.36327109,0.20512734703969931,0.4553008624089563,0,1,False,True,True,False,
1447,PROG_RNEED_W92,"How much more, if anything, needs to be done to ensure equal rights for all Americans regardless of their racial or ethnic backgrounds?",3,"[1.0, 2.0, 3.0]","['A lot', 'A little', 'Nothing at all', 'Refused']","[0.50659113, 0.34109822, 0.15231065]","[0.506591, 0.341098, 0.152311]",A lot | A little | Nothing at all,0.0092733449392684,1.4398256867492802,0.9084288657265779,2.7128808519734924,0.32285976,0.36516678432292055,0.3819065066666667,0.24344452288194707,0.6099440392923701,1,1,False,True,True,False,
1449,ELITEUNDMOD_W92,"In general, do you think people in influential and powerful positions throughout our society understand the challenges people like you face in their daily lives",4,"[1.0, 2.0, 3.0, 4.0]","['Very well', 'Somewhat well', 'Not too well', 'Not at all well', 'Refused']","[0.02575754, 0.19833461, 0.44198458, 0.33392327]","[0.025758, 0.198335, 0.441985, 0.333923]",Very well | Somewhat well | Not too well | Not at all well,0.0071220072801496,1.64791362009847,0.823956810049235,3.133801109018849,0.6946911933333333,0.2642010331264988,0.646018395,0.19815077484487406,0.32910758980250865,1,1,False,True,True,True,
1450,POLINTOL2_a_W92,"In general, how comfortable do you think Republicans in this country are to freely and openly express their political views?",4,"[1.0, 2.0, 3.0, 4.0]","['Very comfortable', 'Somewhat comfortable', 'Not too comfortable', 'Not at all comfortable', 'Refused']","[0.35867308, 0.30910907, 0.21755805, 0.11465979]","[0.358673, 0.309109, 0.217558, 0.114660]",Very comfortable | Somewhat comfortable | Not too comfortable | Not at all comfortable,0.0158116872176967,1.891147821426416,0.945573910713208,3.709302228814847,0.36273484666666667,0.3378182034568786,0.39705113375,0.25336365259265897,0.4936926323037792,0,1,False,True,True,True,
1451,POLINTOL2_b_W92,"In general, how comfortable do you think Democrats in this country are to freely and openly express their political views?",4,"[1.0, 2.0, 3.0, 4.0]","['Very comfortable', 'Somewhat comfortable', 'Not too comfortable', 'Not at all comfortable', 'Refused']","[0.48749371, 0.36527216, 0.1058217, 0.04141243]","[0.487494, 0.365272, 0.105822, 0.041412]",Very comfortable | Somewhat comfortable | Not too comfortable | Not at all comfortable,0.0177578450787901,1.56916677783619,0.784583388918095,2.9673328762451527,0.23371761666666666,0.27277493998143465,0.30028821250000004,0.20458120498607602,0.41545945541344165,1,1,False,True,True,True,
1454,SOCIETY_TRANS_W92,Do you think greater social acceptance of people who are transgender (people who identify as a gender that is different from the sex they were assigned at birth) is generally good or bad for our society?,5,"[1.0, 2.0, 3.0, 4.0, 5.0]","['Very good for society', 'Somewhat good for society', 'Neither good nor bad for society', 'Somewhat bad for society', 'Very bad for society', 'Refused']","[0.23105246, 0.15312813, 0.29196041, 0.13904981, 0.18480919]","[0.231052, 0.153128, 0.291960, 0.139050, 0.184809]",Very good for society | Somewhat good for society | Neither good nor bad for society | Somewhat bad for society | Very bad for society,0.0131522423522087,2.2674474326709224,0.9765364559150645,4.8147050891918814,0.473358785,0.3485925693604552,0.478687028,0.2788740554883642,0.48745099949653437,2,3,False,True,True,False,
1455,SOCIETY_RHIST_W92,Do you think increased public attention to the history of slavery and racism in America is generally good or bad for our society?,5,"[1.0, 2.0, 3.0, 4.0, 5.0]","['Very good for society', 'Somewhat good for society', 'Neither good nor bad for society', 'Somewhat bad for society', 'Very bad for society', 'Refused']","[0.29923649, 0.23194145, 0.20839665, 0.14538919, 0.11503622]","[0.299236, 0.231941, 0.208397, 0.145389, 0.115036]",Very good for society | Somewhat good for society | Neither good nor bad for society | Somewhat bad for society | Very bad for society,0.0099761790632803,2.2447209297152986,0.9667486838450917,4.739454210324432,0.3862618,0.3379570451414795,0.40900943999999995,0.2703656361131836,0.4817903458331726,1,1,False,True,True,False,
1456,SOCIETY_JBCLL_W92,Do you think good-paying jobs requiring a college degree more often than they used to is generally good or bad for our society?,5,"[1.0, 2.0, 3.0, 4.0, 5.0]","['Very good for society', 'Somewhat good for society', 'Neither good nor bad for society', 'Somewhat bad for society', 'Very bad for society', 'Refused']","[0.08050221, 0.22283303, 0.3046722, 0.30132411, 0.09066844]","[0.080502, 0.222833, 0.304672, 0.301324, 0.090668]",Very good for society | Somewhat good for society | Neither good nor bad for society | Somewhat bad for society | Very bad for society,0.012622468590173,2.133155674688794,0.9187001438096964,4.386759684186293,0.52470588,0.2737555533505448,0.5197647029999999,0.21900444268043587,0.30050209444358456,0,1,False,True,True,False,
1457,SOCIETY_RELG_W92,Do you think a decline in the share of Americans belonging to an organized religion is generally good or bad for our society?,5,"[1.0, 2.0, 3.0, 4.0, 5.0]","['Very good for society', 'Somewhat good for society', 'Neither good nor bad for society', 'Somewhat bad for society', 'Very bad for society', 'Refused']","[0.11019302, 0.10912715, 0.35177716, 0.24290338, 0.18599929]","[0.110193, 0.109127, 0.351777, 0.242903, 0.185999]",Very good for society | Somewhat good for society | Neither good nor bad for society | Somewhat bad for society | Very bad for society,0.0151050774591987,2.1768558723829394,0.9375207945397378,4.521670523581291,0.5713471925,0.3015950326967736,0.557077754,0.24127602615741892,0.37140059790524166,1,2,False,True,True,False,
1458,SOCIETY_WHT_W92,Do you think white people declining as a share of the U.S. population is generally good or bad for our society?,5,"[1.0, 2.0, 3.0, 4.0, 5.0]","['Very good for society', 'Somewhat good for society', 'Neither good nor bad for society', 'Somewhat bad for society', 'Very bad for society', 'Refused']","[0.06682772, 0.08480049, 0.62031558, 0.13609451, 0.0919617]","[0.066828, 0.084800, 0.620316, 0.136095, 0.091962]",Very good for society | Somewhat good for society | Neither good nor bad for society | Somewhat bad for society | Very bad for society,0.0139390291609771,1.698273929489119,0.73140677061815,3.245124726852853,0.525390495,0.2299100155792587,0.5203123959999999,0.18392801246340698,0.21198109860985664,1,1,False,True,True,False,
1459,SOCIETY_GUNS_W92,Do you think an increase in the number of guns in the U.S. is generally good or bad for our society?,5,"[1.0, 2.0, 3.0, 4.0, 5.0]","['Very good for society', 'Somewhat good for society', 'Neither good nor bad for society', 'Somewhat bad for society', 'Very bad for society', 'Refused']","[0.09563596, 0.11537345, 0.2605038, 0.20022853, 0.32825825]","[0.095636, 0.115373, 0.260504, 0.200229, 0.328258]",Very good for society | Somewhat good for society | Neither good nor bad for society | Somewhat bad for society | Very bad for society,0.0067955351194365,2.180980796349733,0.9392973025960709,4.534617290620553,0.63752491,0.3267806203175332,0.610019927,0.2614244962540266,0.4621013749259468,2,2,False,True,True,False,
1460,SOCIETY_SSM_W92,Do you think same-sex marriages being legal in the U.S. is generally good or bad for our society?,5,"[1.0, 2.0, 3.0, 4.0, 5.0]","['Very good for society', 'Somewhat good for society', 'Neither good nor bad for society', 'Somewhat bad for society', 'Very bad for society', 'Refused']","[0.25241671, 0.10554514, 0.33941501, 0.10945245, 0.1931707]","[0.252417, 0.105545, 0.339415, 0.109452, 0.193171]",Very good for society | Somewhat good for society | Neither good nor bad for society | Somewhat bad for society | Very bad for society,0.0100745594744629,2.1803741098831657,0.9390360169568199,4.5327107805849085,0.4713538275,0.3521556451313035,0.47708306300000003,0.28172451610504284,0.497688011087187,3,3,False,True,True,False,
1461,PROBOFF_a_W92,"How much of a problem, if any, would you say people being too easily offended by things others say is in the country today?",3,"[1.0, 2.0, 3.0]","['Major problem', 'Minor problem', 'Not a problem', 'Refused']","[0.65967748, 0.28400451, 0.05631801]","[0.659677, 0.284005, 0.056318]",Major problem | Minor problem | Not a problem,0.0073787104290719,1.1454074256474764,0.7226716248026798,2.2120859246408044,0.198320265,0.2966280667609351,0.29888017666666666,0.1977520445072901,0.5534220808718162,1,1,False,True,True,False,
1462,PROBOFF_b_W92,"How much of a problem, if any, would you say people saying things that are very offensive to others are in the country today?",3,"[1.0, 2.0, 3.0]","['Major problem', 'Minor problem', 'Not a problem', 'Refused']","[0.53078143, 0.37861123, 0.09060734]","[0.530781, 0.378611, 0.090607]",Major problem | Minor problem | Not a problem,0.0076785989902267,1.3294321706535903,0.8387783118204375,2.513037449690511,0.279912955,0.32696924186101656,0.35327530333333335,0.21797949457401106,0.5304027949548961,1,1,False,True,True,False,
1472,ELECT_IMPT3_PRVFR_W92,"Thinking about elections in the country, how important, if at all, is people who are not legally qualified to vote are prevented from casting a ballot?",4,"[1.0, 2.0, 3.0, 4.0]","['Very important', 'Somewhat important', 'Not too important', 'Not at all important', 'Refused']","[0.59906947, 0.22364198, 0.11413646, 0.06315209]","[0.599069, 0.223642, 0.114136, 0.063152]",Very important | Somewhat important | Not too important | Not at all important,0.0169375125981581,1.5351097102982596,0.7675548551491298,2.8981046882138917,0.21379039,0.3049953828963519,0.2853427925,0.22874653717226395,0.5534265656244877,1,1,False,True,True,True,
1473,ELECT_IMPT3_PRVSUP_W92,"Thinking about elections in the country, how important, if at all, is people who are legally qualified and want to vote are able to cast a ballot?",4,"[1.0, 2.0, 3.0, 4.0]","['Very important', 'Somewhat important', 'Not too important', 'Not at all important', 'Refused']","[0.83652321, 0.11683638, 0.03507109, 0.01156932]","[0.836523, 0.116836, 0.035071, 0.011569]",Very important | Somewhat important | Not too important | Not at all important,0.0150123290904084,0.8212676039147899,0.41063380195739496,1.766957823629079,0.07389550666666667,0.18621961552314442,0.18042163,0.13966471164235833,0.5067255803159226,1,1,False,True,True,True,
1474,ELECT_CONF3_PRVFR_W92,"Still thinking about elections in the country, how confident, if at all, are you that people who are not legally qualified to vote are prevented from casting a ballot",4,"[1.0, 2.0, 3.0, 4.0]","['Very confident', 'Somewhat confident', 'Not too confident', 'Not at all confident', 'Refused']","[0.25087016, 0.31949969, 0.24880738, 0.18082277]","[0.250870, 0.319500, 0.248807, 0.180823]",Very confident | Somewhat confident | Not too confident | Not at all confident,0.0191461071119713,1.971900147230314,0.985950073615157,3.922844496032998,0.4531942533333333,0.34859541316399417,0.46489569000000003,0.26144655987299564,0.4903722349777938,1,1,False,True,True,True,
1475,ELECT_CONF3_PRVSUP_W92,"Still thinking about elections in the country, how confident, if at all, are you that people who are legally qualified and want to vote are able to cast a ballot",4,"[1.0, 2.0, 3.0, 4.0]","['Very confident', 'Somewhat confident', 'Not too confident', 'Not at all confident', 'Refused']","[0.40767267, 0.37186378, 0.1694312, 0.05103235]","[0.407673, 0.371864, 0.169431, 0.051032]",Very confident | Somewhat confident | Not too confident | Not at all confident,0.0185651566958799,1.711451504041072,0.855725752020536,3.274901475084915,0.28794107666666663,0.29110692142471317,0.3409558075,0.21833019106853488,0.4133191288823651,0,1,False,True,True,True,
1476,CANDEXP_W92,"How important is it, if at all, that candidates running for high levels of political office have prior government experience?",4,"[1.0, 2.0, 3.0, 4.0]","['Very important', 'Somewhat important', 'Not too important', 'Not at all important', 'Refused']","[0.27991572, 0.39437057, 0.22313812, 0.10257559]","[0.279916, 0.394371, 0.223138, 0.102576]",Very important | Somewhat important | Not too important | Not at all important,0.0115249218641296,1.8634352161502876,0.9317176080751438,3.6387305332962576,0.3827911933333333,0.3147029429580261,0.412093395,0.23602720721851955,0.41918675967999447,1,1,False,True,True,True,
1477,LEGALIMMIGAMT_W92,Do you think the number of legal immigrants the U.S. admits should,5,"[1.0, 2.0, 3.0, 4.0, 5.0]","['Increase a lot', 'Increase a little', 'Stay about the same', 'Decrease a little', 'Decrease a lot', 'Refused']","[0.10901977, 0.17682549, 0.45001261, 0.13505459, 0.12908754]","[0.109020, 0.176825, 0.450013, 0.135055, 0.129088]",Increase a lot | Increase a little | Stay about the same | Decrease a little | Decrease a lot,0.0271808245552459,2.080324004402904,0.8959467818937009,4.229021820904189,0.49959116000000003,0.2811034780109531,0.49967292799999996,0.2248827824087625,0.3160768727285988,1,1,False,True,True,False,
1478,UNIMMIGCOMM_W92,"When it comes to people who have immigrated to the U.S illegally, do you think they generally make the communities they live in",4,"[1.0, 2.0, 3.0, 4.0]","['A lot better', 'A little better', 'A little worse', 'A lot worse', 'Refused']","[0.11846391, 0.3768101, 0.32609073, 0.17863526]","[0.118464, 0.376810, 0.326091, 0.178635]",A lot better | A little better | A little worse | A lot worse,0.0425271496681126,1.8662219399397144,0.9331109699698572,3.645765933263074,0.5216324466666666,0.3055026232404059,0.516224335,0.22912696743030442,0.3740275350407551,1,1,False,True,True,True,
1479,GODMORALIMP_W92,"Regardless of your own religious beliefs, how important, if at all, do you think it is for a person to believe in God in order to be considered good and moral?",4,"[1.0, 2.0, 3.0, 4.0]","['Essential', 'Important, but not essential', 'Not too important', 'Not at all important', 'Refused']","[0.19958346, 0.3489328, 0.16262563, 0.28885811]","[0.199583, 0.348933, 0.162626, 0.288858]","Essential | Important, but not essential | Not too important | Not at all important",0.0151564182912586,1.937688877300248,0.968844438650124,3.830914632420252,0.51358613,0.3689658059502425,0.5101895974999999,0.27672435446268184,0.5449454143235736,2,2,False,True,True,True,
1480,REPRSNTREP_W92,How well does the Republican party represent the interests of people like you?,4,"[1.0, 2.0, 3.0, 4.0]","['Very well', 'Somewhat well', 'Not too well', 'Not at all well', 'Refused']","[0.0901765, 0.33706377, 0.27399249, 0.29876725]","[0.090177, 0.337064, 0.273992, 0.298767]",Very well | Somewhat well | Not too well | Not at all well,0.0304243049988777,1.8743177885998985,0.9371588942999493,3.6662820773782134,0.5937835,0.3246758054637556,0.57033762625,0.2435068540978167,0.43703293619149886,1,2,False,True,True,True,
1481,REPRSNTDEM_W92,How well does the Democratic party represent the interests of people like you?,4,"[1.0, 2.0, 3.0, 4.0]","['Very well', 'Somewhat well', 'Not too well', 'Not at all well', 'Refused']","[0.09861294, 0.37536338, 0.23425435, 0.29176932]","[0.098613, 0.375363, 0.234254, 0.291769]",Very well | Somewhat well | Not too well | Not at all well,0.0282456922598012,1.8691982460185077,0.9345991230092539,3.65329497822396,0.5730600133333333,0.3304415598878094,0.55479500875,0.24783116991585705,0.44629537838472566,2,2,False,True,True,True,
